Emotion,Sentence,text_length,word_count,emotion_vn
Other,cho mình xin bài nhạc tên là gì với ạ,37,10,khác
Disgust,cho đáng đời con quỷ . về nhà lôi con nhà mày ra mà đánh 😡,58,16,khó chịu
Disgust,lo học đi . yêu đương lol gì hay lại thích học sinh học,55,14,khó chịu
Enjoyment,uớc gì sau này về già vẫn có thể như cụ này :)),47,13,vui vẻ
Enjoyment,mỗi lần có video của con là cứ coi đi coi lại hoài . cưng con quá .,67,18,vui vẻ
Anger,thằng kia sao mày bắt vợ với bồ tao dọn thế kia . nhà mày ở đâu tao đến thịt mày chết,85,22,giận dữ
Other,một lí do trog muôn vàn lí do,29,8,khác
Surprise,thật hay đùa ác vậy . không thể tin được,40,10,ngạc nhiên
Anger,"ko phải con mình , mà xem còn thấy đau như vậy huống gì người trong cuộc . thật là phẫn nộ mà . cơ quan chức năng làm việc quá chậm trễ , đến giờ mà vẫn chưa tìm ra người chịu trách nhiệm . 😠😠😠😠😠😠",196,47,giận dữ
Sadness,per nghe đi rồi khóc 1 trận cho thoải mái . đừng cố gồng mình lên nữa,69,17,buồn
Enjoyment,công nhận sáng tạo thật đấy,27,6,vui vẻ
Disgust,đòn tấn công cực gắt và cục sút của anh 😂😂😂,43,11,khó chịu
Other,trời nắng nóng thế này mình muốn bán nước không biết thu nhập có cao không ạ :3,79,18,khác
Enjoyment,minh biết nữa ne,16,4,vui vẻ
Disgust,mấy thằng củ lol việt nam nhảm nhí :)),38,9,khó chịu
Sadness,"tui thi ́ ch va ̉ i lă ́ mày ma ̀ ăn nhỉ ̀ u no ́ người lă ́ mày mọi người anh ̣ , bi ̣ lơ ̉ miê ̣ người",104,34,buồn
Other,"bếp dầu , nhiều nhà vẫn dùng",28,7,khác
Other,nếu thấy phụ nữ quá phức tạp để hiểu và chinh phục thì đây là cách giải quyết vấn đề,84,20,khác
Fear,"thời buổi bây chừ chuyện gì cũng có thể xảy ra , vậy nên thôi trất , đừng nên tin ai",84,21,sợ hãi
Enjoyment,sau em này mà làm cô giáo ngồi kể chuyện hs lại há mồm ra nghe 😁,64,17,vui vẻ
Anger,"con chó đăng video , mày bị ngu à mà mỗi mẩu lại hiện chữ ăn cặc à",66,18,giận dữ
Disgust,coi video chưa hiểu gì đã làm ầm lên,36,9,khó chịu
Enjoyment,chả mong gì nhiều chỉ mong về già được như hai ông bà ! 😊😊😊,59,15,vui vẻ
Enjoyment,yêu chết đi được .,18,5,vui vẻ
Sadness,mày định lướt qua rồi nhưng khi đọc bình luận của các bạn và xem kĩ lại thì mày đã rớt nước mắt 😭😭😭.... người cha thật vĩ đại,125,29,buồn
Sadness,xin đi chơi với bạn ngày tổng kết không cho cứ bắt học miết :)) khá mệt,71,17,buồn
Anger,cá nhân mình nghĩ nó dừng hay đỗ đúng sai thì đã có ca pạt còn nó đỗ trước cửa nhà mình mà oto hay xe không ra vào được thì lúc đó mới ý kiến . công nhận bọn oto đỗ trước nhà nhìn chỉ muốn đốt,192,48,giận dữ
Fear,từ đầu năm giờ chắc chụp 10 lần rồi huhu sợ quá 😭😭😭,51,13,sợ hãi
Fear,t gặp quả này thì bỏ xe mà chạy ??,34,10,sợ hãi
Other,thế con trai là của ai cho,26,7,khác
Surprise,per đây mí chính là cụ tổ của những chiếc sừng này,50,12,ngạc nhiên
Fear,muốn share về mà sợ bị bạn nè phẫn nộ quá,41,11,sợ hãi
Sadness,"hồi học lớp 5 bảo bố đi mua sgk cho , xong bố đi mua nguyên bộ lớp 4 đầy đủ từ sgk đến vở bài tập 😂",99,28,buồn
Sadness,nay buồn :(((,13,3,buồn
Fear,"cv không áp lực , môi trường xung quanh mới dễ tạo áp lực",57,14,sợ hãi
Enjoyment,ai có link nhạc mấy bài trên không ạ hay vãi ra,47,12,vui vẻ
Other,đây người ta gọi là . khi đại thánh nhập hoặc là múa lân đầu năm,64,16,khác
Other,phải bồi thường thiệt hại bị trầy xước thân tàu . tiền sơn lại mấy toa tàu chắc cũng bộn .,90,21,khác
Sadness,làm công nhân đã bị vắt kiệt sức khỏe cho đến khi bị thải,57,14,buồn
Enjoyment,khi nào phường có chế độ phát chồng khi mang thân đến đăng kí kết hôn tự nguyện 😊,81,19,vui vẻ
Anger,đéo được tích sự gì 😂,21,6,giận dữ
Sadness,haizzz ... thế là chưa có kq gì tốt đẹp cả ..,45,12,buồn
Sadness,bản thân cố gắng cũng chẳng dễ dàng gì :((,42,10,buồn
Disgust,"nói chung là 1 lũ lừa gạt thôi , việt nam mình là vậy đó",56,15,khó chịu
Other,thế em ăn cơm chưa ?,20,6,khác
Other,"thu trăm tỷ phạt 5tr , lại qua tỉnh khác hành nghề ha ha",56,14,khác
Disgust,chủ yếu là bọn trẻ đú với bọn dân trí thấp mà thích thể hiện bác nhỉ,68,17,khó chịu
Anger,mày coi chừng có ngày tao dã dô mặt mày như dzầy,48,12,giận dữ
Surprise,canh thời gian đăng đúng vãi !,30,7,ngạc nhiên
Disgust,quan trọng mấy thằng đó có chọn mj không . ngồi đó mà ảo tưởng,62,15,khó chịu
Sadness,học xong 12 như hết thanh xuân có lẽ phải bỏ lỡ 1 người,55,14,buồn
Sadness,mình thi xong còn không khóc được 😢,35,8,buồn
Enjoyment,"mỗi ngày mình ôm nhau 1 cái như này hén , hí hí",47,13,vui vẻ
Sadness,"per trừ điểm , trừ điểm",23,6,buồn
Disgust,"5 triệu , phạt một con mụ lừa đảo , phá hủy niềm tin phật giáo , làm ô uế đời sống tâm linh ... thật rẻ rúng làm sao !",118,31,khó chịu
Sadness,cả tuần không được nói chuyện,29,6,buồn
Anger,per mày cẩn thận tao giết,25,6,giận dữ
Disgust,cạn lời với bọn súc vật này làm xấu mặt người bắc giang 😑😑😑,59,14,khó chịu
Other,bài này tao có 2 cảm xúc . đầu tiên về quán trà . đến cảm xúc quen lại c thy xong bị mẹ cấm :)),95,26,khác
Enjoyment,đẹp trai quá,12,3,vui vẻ
Anger,đóng cái lồn tao nè chứ đóng,28,7,giận dữ
Sadness,"khổ thân người dân , trước dự án cao su là dự án cà phê , làm thêm dự án nữa coi như một đời bỏ phí",99,27,buồn
Sadness,"hồi nhỏ bà mày có cho một con ngỗng mình tự tay nuôi nó . từ ngày đó nó đeo mày như chó mèo vậy . nhưng khi lớn nó lại mắc bệnh mà mất . giờ cũng hơn 4 , 5 năm rồi những nhớ nó lắm 😓",182,49,buồn
Enjoyment,hồi nhỏ đọc tao đã nghi nghi rồi =)))))))),42,9,vui vẻ
Disgust,ngẫm nghĩ cha của thánh gióng với sọ dừa ăn mặn vãi .,53,13,khó chịu
Disgust,"con cần bảo vệ thì giết sạch còn con cần tiêu diệt thì lại đem nuôi , cuộc sống lạ lùng vãi 😕",93,23,khó chịu
Enjoyment,dù sao thì con trai vẫn nên là người mở lời trước à 🤣🤣🤣🤣🤣🤣,58,14,vui vẻ
Sadness,ad cho hỏi nghệ an lúc nào mưa vậy ah 🌧🌧.. ốm cũng cam lòng chứ vã lắm rồi 🥵🥵,77,20,buồn
Sadness,giận ngược lại rồi giận luôn chứ có huề đéo đâu :(((,52,12,buồn
Enjoyment,per tao được làm fan cứng giống mày rồi 🤣,41,10,vui vẻ
Surprise,xem cái này mới biết vốn tiếng anh của mình cũng khá !,54,13,ngạc nhiên
Disgust,thằng lol này tao đéo biết nó sống tốt với mọi người xung quanh như thế nào nào nhưng nó đã ngu còn tỏ ra ngu hẳn nữa,117,28,khó chịu
Enjoyment,ôi bé xinh gái vãi :)),22,6,vui vẻ
Enjoyment,cười sái mẹ quai hàm,20,5,vui vẻ
Sadness,rồi khi mày có 1 ít tiền :)) mày mới phát hiện ra còn đéo cả có người đi cùng cơ,80,21,buồn
Sadness,tự dưng cay mẹ mắt,18,5,buồn
Fear,tao sợ thật sự :(((,19,5,sợ hãi
Enjoyment,per thịt nướng lò xô ne ăn z mà không chết 😎😎😎😎,47,12,vui vẻ
Enjoyment,tốt quá,7,2,vui vẻ
Enjoyment,ông nào viết vui tính thế =)) cưng thật,39,9,vui vẻ
Surprise,không hiểu sao nhìu người lại thả haha nhỉ ??,45,10,ngạc nhiên
Disgust,diễn viên già vãi -.-,21,5,khó chịu
Enjoyment,ghét nhất mấy loại bép xép thế thôi . nhanh gọn lẹ 😂😂😂,54,13,vui vẻ
Enjoyment,cưng quá đi,11,3,vui vẻ
Surprise,nhìn mẫu này lạ mắt mà đẹp quá,30,8,ngạc nhiên
Sadness,tao cay mẹ khoé mắt,19,5,buồn
Disgust,thấy mệt thêm chứ chẳng khỏe gì cả .,36,9,khó chịu
Enjoyment,":)) đang ăn mỳ , không có trứng nhạt lắm , có rụnng thì xin vài quả !",69,18,vui vẻ
Enjoyment,"cảm ơn nói chuyện nhật ! 1 nền khoa học , giáo dục , trí tuệ văn minh !! 😘",74,20,vui vẻ
Disgust,tao mệt chúng mày quá,21,5,khó chịu
Enjoyment,hahaha lúc trước ca làm có 4 chị em vui biết bao :)),52,13,vui vẻ
Disgust,đụ thế kia thì có khác nào mua cái bánh mà bị đứa bán hàng nó tạt cho gáo nước lạnh đâu 🙄,89,23,khó chịu
Other,các bạn đang bảo con này ah 😂😂😂,31,8,khác
Enjoyment,má chủ dễ thương vậy tao cũng muốn xin,38,9,vui vẻ
Enjoyment,"kinh nghiệm được truyền lại là khi nào nấu xong bỏ tí "" tro "" vào lần sau không phải nấu 😊",90,22,vui vẻ
Sadness,"có những con người luôn phải chịu đắng cay , cta không được chọn gia đình , bạn bè và càng không có quyền lựa chọn cuộc sống này . hãy vui lên với tất cả những gì ta đang có dù là hai bàn tay trắng",197,47,buồn
Anger,địt mẹ không có cái loại nào nó ác man và tàn độc hơn là cái loại người . xem mà điên đéo chịu được,99,25,giận dữ
Enjoyment,nhìn thương quá ... lao động nghiêm túc,39,8,vui vẻ
Sadness,đm thực tế như này còn hay . tiếc là đéo ở gần mình =)),55,15,buồn
Other,per mấy trụ kia em không tag được,33,8,khác
Anger,nhận nhầm con cặc . phải nói là 10 thằng thì 1 thằng nuôi con thằng khác,72,17,giận dữ
Surprise,per ơ ơ ơ đây là đâu vậy,24,8,ngạc nhiên
Anger,gặm gặm cái đéo ý à ... bố gặm luôn mày giờ ...!!!,50,13,giận dữ
Disgust,"thằng nào nói câu : thế thì đừng làm nghề này . v nếu không có người làm nghề này thì ks sẽ mở cửa cho chúng mày vô àk , người có ăn học có ý thức sẽ không nói ra câu đó .",171,45,khó chịu
Disgust,k phải là trời không cho mày yêu . vì m quá ngulon,50,13,khó chịu
Fear,"per tặng quà cáp gì tặng hộp nhỏ thôi nha . đi hát hò gì đừng đem thùng quà to như vậy nha , nó biết nó nhổ trụi lông nó ngắt mép chết đó :((",141,36,sợ hãi
Sadness,hết tiền rồi này,16,4,buồn
Enjoyment,"đẹp , dẽ thương mà",18,5,vui vẻ
Anger,tử hình con mẹ nó lũ chó má không có tính người đi . khổ thân lũ trẻ,68,18,giận dữ
Enjoyment,phim xem hay ... nhẹ nhàng tình cảm ... và cười vkl,51,12,vui vẻ
Sadness,thế làm sao dỗ bạn gái đang giận :(,35,9,buồn
Anger,t nói thật tao hiền lắm . chứ bà lồn to kia mà gặp tao là ăn mấy cái mũ bảo hiểm vào mặt rồi :),95,26,giận dữ
Fear,loài này bé như ngón tay phàm ăn lắm sợ luôn,44,11,sợ hãi
Disgust,"phí dịch vụ cao nhất , chuyển tiền nội mạng trừ phí tởm nhất , thái độ làm việc bố láo nhất , ít ưu đãi nhất ....",113,28,khó chịu
Disgust,dume trailer kinh dị cho lắm vô rạp gặp toàn bọn xàm ngồi cười,62,14,khó chịu
Sadness,chẳng đủ dịu dàng để níu bước chân anh,38,9,buồn
Other,1 cái xe cup này ngày xưa bằng mấy cái nhà liền,47,12,khác
Enjoyment,mỗi phút bên em thật tuyệt vời . chỉ em mới cho anh cái cảm giác đó,67,17,vui vẻ
Sadness,em chưa có người yêu . có ai yêu em không . em cô đơn quá,57,16,buồn
Enjoyment,nhỏ nhặt nhưng ý nghĩa và hạnh phúc 😊,37,9,vui vẻ
Enjoyment,per =)))))) hít đi cho no chứ mắc công lại chửi tao không biết điều giở trò trước mặt cẩu fa như mày :),103,24,vui vẻ
Other,bả đòi cái gì vậy ?,19,6,khác
Sadness,"cái thứ ba , trời nhìn mà rơi nước mắt thay cho luôn công cả một mùa mà đi tong chỉ vì một trận mưa",99,25,buồn
Surprise,per biết không :))),19,4,ngạc nhiên
Sadness,dù có sống được mấy đời thì cũng nợ mẹ cha trọn cả mấy đời .,60,16,buồn
Disgust,mấy cái tin này thường làm tan nát tình cảm gia đình trong lúc ăn cơm xem thời sự .. bố tổ sư,93,23,khó chịu
Disgust,cô tiên béo quá .. 😅😅 giọng còn the thé nữa .. 😅😅,49,13,khó chịu
Disgust,lên án nhiều rồi mà vẫn thế .,29,8,khó chịu
Disgust,thằng này ngu vãi,17,4,khó chịu
Surprise,cây tre có tận trăm đốt luôn hả ???,35,9,ngạc nhiên
Sadness,nói tiếng tuy hoà phú yên làm tao nhớ đến nyc . giọng nó sao ngọt không thể tả . buồn,85,21,buồn
Disgust,"per mợ mệt , trưa nào cũng nhìn mày nhai chóp chép ..",53,13,khó chịu
Fear,"đừng nên thích mấy ông anh cơ bắp , sợ lắm 😆",44,12,sợ hãi
Enjoyment,có ai vừa coi mà thấy phê phê cái lỗ tai giống tôi không ?? 😀,61,16,vui vẻ
Disgust,tao đéo hiểu sao người yêu tao đi cắt tóc về trông mặt ngáo đến kì lạ 🤣🤣🤣,73,18,khó chịu
Sadness,và khi quay lại nói chuyện với nhau .... biết nói gì giờ huhu,61,14,buồn
Disgust,thằng cha bảo vệ có tâm quá . nge con nhỏ kêu nguyên đêm zi mà đéo cứu,70,18,khó chịu
Disgust,cũng mất công đẻ mà sao mẹ chúng nó đẻ ra lũ ngu thế haiz,57,15,khó chịu
Disgust,tao thấy giống khùng với lại vô duyên chứ hay gì,48,11,khó chịu
Enjoyment,cần gì những thứ xa hoa lộng lẫy đâu . dù chỉ 1 bông hoa nhưng đong đầy yêu thương nhắn tin đã cảm thấy đủ hạnh phúc rồi 😊😊😊,124,30,vui vẻ
Fear,t gặp ngỗng chạy bỏ dép,23,6,sợ hãi
Disgust,"vừa ngu vừa ngông thì thế , làm trễ tàu của người ta",52,13,khó chịu
Surprise,sao nó trèo lên được hay vậy @@,31,8,ngạc nhiên
Enjoyment,"khuôn mặt ngây thơ vô số tội , trái tim nhỏ bé của tao sao chịu được ❤❤❤",72,18,vui vẻ
Sadness,cuộc sống mà đành chịu thôi =(((,32,7,buồn
Sadness,"cấp 3 , đáng tiếc nhất trong thời học sinh ^^",45,11,buồn
Other,"per mình đang nói phần lớn thôi , chứ tất nhiên cũng có ngoại lệ mà",67,16,khác
Enjoyment,"thích chị này nhất phim í , bé bé xinh xinh lại diễn rất đạt :3 . hy vọng mai sau sẽ có bước tiến lớn và thành công hơn nữa < 3",127,33,vui vẻ
Disgust,dạo này xem video của per chán ấy không như xưa tại giờ toàn quảng cáo ấy ( ý kiến cá nhân ) 😔,94,24,khó chịu
Other,t thấy chả có gì thú vị .,25,8,khác
Surprise,vậy mà củng chẳng hút được khách !,34,8,ngạc nhiên
Enjoyment,khi nào lên chùa ba vàng giải được vong thì kết hôn :)),55,13,vui vẻ
Disgust,thuở thiếu thời ai chẳn có phút bốc đồng . nên cho nó một trận để răng đe .. 🤣,78,20,khó chịu
Enjoyment,chắc phải 6 năm chưa nấu kiểu này rồi trước nấu hôm đầu cơm dẻo ai cũng khen ngon,81,19,vui vẻ
Disgust,cận cảnh cái bụng nước lèo của boss =))) xài hao vãi,52,12,khó chịu
Other,bản chất tham lam của con người thể hiện ngay từ những việc nhỏ ..,66,15,khác
Sadness,em đi bộ chết mẹ đây này,24,7,buồn
Enjoyment,"thật tốt vì chú chó ấy đã tìm được người yêu thương nó , kiên trì để nó tin tưởng thật sự :"">",93,23,vui vẻ
Disgust,"phim này xem nam chính thôi . nữ chính diễn chán vãi lúa lắm lúc tụt hứng lắm . giận không ra giận , vui không ra vui .",119,29,khó chịu
Disgust,nhìn mặt nó khó ưa thật chứ,27,7,khó chịu
Other,lần sau thì mình sẽ như thế để đỡ phải cãi nhau nhiều ah :-),60,15,khác
Other,giờ lên phường người ta có phát chú rể không nhỉ các bạn ?,58,14,khác
Disgust,một cái ngu thật sứng đáng,26,6,khó chịu
Enjoyment,năm nay tao không còn cảm thấy cô đơn và mỏi chân nữa ... vì tao được ngồi mát và ăn ké socola of bọn có người yêu 😁😂...# mun 😘,127,31,vui vẻ
Other,hãy dùng một đời để minh chứng nhé !💕😍,38,9,khác
Disgust,con mụ đen sai còn già mồm ...,30,8,khó chịu
Enjoyment,chỉ cần yên bình như thế này thôi . ❤️❤️❤️,42,10,vui vẻ
Sadness,năm nay được nhận hoa và được ngồi nhìn người ta hạnh phúc,58,13,buồn
Fear,chỉ sợ lúc nó dí,16,5,sợ hãi
Enjoyment,hên là chay ra kip,18,5,vui vẻ
Anger,immm,4,1,giận dữ
Sadness,tao cũng có 1 người bà như trong video nhưng bà ấy qua đời rồi 🙁🙁🙁,66,16,buồn
Enjoyment,đa ́ người yêuc quá ́,21,6,vui vẻ
Disgust,"5tr là tiền bà yến cúng vong cho công an phường quang trung để giải oan gia trái chủ của bà tiền kiếp thôi , chứ phạt g đâu , xếp lớn của bà và xếp lớn của công an phường là 1 , ai lại đi đá gà nhà ...",201,51,khó chịu
Fear,kinh dị v,9,3,sợ hãi
Enjoyment,thật may em đã gặp được người tài xế tốt 🌸🌸,43,11,vui vẻ
Surprise,bắn không trượt phát nào luôn à,31,7,ngạc nhiên
Surprise,tại sao mày nằm viện mà vẫn xinh thế ??,39,10,ngạc nhiên
Surprise,đẹp trai mà bị đá à,19,6,ngạc nhiên
Sadness,cho con được thay ông bán vé đi 😔,33,9,buồn
Disgust,lớp xuất hiện thứ âm binh,25,6,khó chịu
Enjoyment,đọc bình luận cười ẻ,20,5,vui vẻ
Enjoyment,per cách này coi bộ hay nha 😂,29,8,vui vẻ
Enjoyment,"mặt đúng kiểu , em hiểu cảm giác phê của anh không kkk",54,13,vui vẻ
Disgust,per thanh niên suốt ngày hát karaoke max volum,46,9,khó chịu
Disgust,lỡ câu chuyện là thật thì sao . chưa gì lên chửi người ta là rẻ rách,68,17,khó chịu
Anger,bố mày ngứa mắt lắm rồi đấy,27,7,giận dữ
Anger,thề địt mẹ ngay đoạn hay cái lên nhạc + cast muốn đập điện thoại vãi :),71,17,giận dữ
Anger,cả đám súc vật này,18,5,giận dữ
Disgust,bố mấy thằng bệnh,17,4,khó chịu
Sadness,thật khó để có cả 2 khi chúng ta còn trẻ :),43,12,buồn
Disgust,nếu cảm thấy không làm được thì nghỉ làm đi . đã xin đi làm thuê thì phải chấp nhận thôi . kêu than cái gì,106,26,khó chịu
Enjoyment,may mình đi làm rồi chứ 10 năm trước chắc sẽ phát khổ với bố mẹ vì mấy tin con nhà người ta như thế nào,103,26,vui vẻ
Disgust,còn em trai cưng của tao sang nhà người thân quen của gia đình chowi thế là bị nhà họ nhốt lại hẳn 10 ngày liền ... dlm nhốt lại để em trai tao bắt chuột cho nhà họ mới hãm lồn,176,42,khó chịu
Disgust,mấy thằng này người ta gọi là mấy thằng nhà quê . năm nào rồi còn túm 5 tụm 3 trêu gái,86,22,khó chịu
Enjoyment,cô giáo có tâm vời nghề ghêeeee,31,7,vui vẻ
Sadness,tiếc quá đẹp trai mờ không có chim,34,8,buồn
Enjoyment,crush ở nhà chơi gane rồi haha,30,7,vui vẻ
Sadness,nhìn stt đồng cảm khủng khiếp .,31,7,buồn
Enjoyment,cài lò xô huyền thoại,21,5,vui vẻ
Disgust,quên đào tạo đạo đức thôi mà báo làm căng vãi 😂,47,12,khó chịu
Disgust,đi bơi nên não bị úng nước à mấy thằng mặt lồn suy đồi đạo đức,62,16,khó chịu
Enjoyment,"cố gắng lên mọi lỗ lực và công lao của em sẽ được đền đáp một cách thật là sứng đáng , cố gắng lên em nhé 👍",107,28,vui vẻ
Fear,hồi nhỏ cứ đi qua chỗ nào mà nhìn từ xa thấy bóng dáng mấy con đuỹ này là chuẩn bị tinh thần chạy chứ nó dí sấp mặt luôn dù mình đéo làm gì nó hết 😂 vừa dí vừa ngoác mỏ hét sợ vãi ra,182,47,sợ hãi
Anger,trốn cũng đéo tha,17,4,giận dữ
Enjoyment,"con gấu trúc , cho nó ăn trúc đi =))) tướng ngồi nhìn cưng vãi",62,15,vui vẻ
Sadness,rồi lại im thôi . 200k hay 5tr thì cũng vậy,43,11,buồn
Enjoyment,"cái lò huyền thoại nè per , lúc mình ở chung đó",47,12,vui vẻ
Fear,hi vọng trưa nay lúc ăn cơm vtv24 sẽ không đưa tin về bạn này ạ,63,16,sợ hãi
Fear,tí nữa vợ nó vắt chân lên cổ bò thì hú hồn,42,12,sợ hãi
Enjoyment,tuyệt vời,9,2,vui vẻ
Surprise,trẻ con bao giờ ga lăng sớm thế nhỉ ?! hồi mình bằng bọn này đuổi đánh nhau hỡi chết :))))),91,21,ngạc nhiên
Other,tính đi chạy xe mà mưa cho nên ta ở nhà :),42,12,khác
Enjoyment,nhìn nó cưng quá,16,4,vui vẻ
Disgust,chủ tịch giả làm nhện và cái kết . đừng bao giờ xem thường người khác .,71,17,khó chịu
Disgust,"này thì cắt đức quan hệ , toàn thể hiện , dume nó",49,13,khó chịu
Disgust,con gái bây giờ chẳng nhờ được cái đéo gì nhờ có phát mà đập mẹ luôn cái bình,77,19,khó chịu
Enjoyment,hạnh phúc to nè,15,4,vui vẻ
Disgust,"độ "" thâm "" của bác phải gọi là "" bố "" của tàu",46,14,khó chịu
Enjoyment,ông thần nhây vãi đái 😂😂,24,6,vui vẻ
Surprise,tóm lại vẩn ế à,15,5,ngạc nhiên
Sadness,chả vị nước mắt à 😔,19,6,buồn
Anger,con lợn kia sao đập vào đầu vợ bé của tao =)),45,12,giận dữ
Other,tôi rất mong sử phạt giao thông cũng mạnh tay như thế nào thì tốt,65,15,khác
Fear,cứ sợ rớt điện thoại :)))) sợ nhất là lỡ khúc nào khó là té không thể tả nổi,76,19,sợ hãi
Enjoyment,hình như anh nay đóng phim ngây ngô thì fải ... phim đó hay lắm các bạn nên xem,79,19,vui vẻ
Enjoyment,hahaa coi cái mặt con nhỏ thấy thương,37,8,vui vẻ
Enjoyment,"per khiếp nhớ ngày xưa quá anh em ơi , đi làm cười từ sáng tới tối luôn 😩",73,19,vui vẻ
Other,per tự nhiên tao cảm thấy bị nhột nhột trong người mày ạ,56,13,khác
Enjoyment,"tỉ năm mới thấy cười một lần người gì đâu mà khó cười đến thế 🤨 chả bù cho mình , lúc đéo nào cũng cười , cuộc sống tràn ngập niềm vui < 3",138,35,vui vẻ
Enjoyment,không phải crush :v nhưng mà nhìn ổng cười mỉm nhìn cute vãi -.-😑😆❤,67,14,vui vẻ
Enjoyment,per anh tặng vợ cái bát nha kaka,32,8,vui vẻ
Enjoyment,"tiêu đề bộ phim cứ ngỡ là thể loại hài , nhưng nếu xem hết thì các bạn sẽ rút ra rất nhiều điều và cái hay trong phim này",121,30,vui vẻ
Anger,như lol,7,2,giận dữ
Surprise,bất ngờ chưa =))),17,4,ngạc nhiên
Anger,"trời mới bắt đầu mưa , đéo lo thu thóc đi đứng đó quay ngang quay dọc",69,17,giận dữ
Anger,"ay , đau thế , thằng chó !",26,8,giận dữ
Sadness,"có ai nhìn thấy hình như người đàn ông này đang rất đau khổ không nhỉ ? mình nhận thấy hình như ông ấy đang rất đau khổ , mà không thể or không muốn nói ra .",157,38,buồn
Anger,"đm cho tù mọt gông đi , cái thứ không não",41,11,giận dữ
Anger,con tao mà bị như này . cả nhà bon kia không quỳ mà xin thì xác con mẹ định luôn,80,21,giận dữ
Sadness,a per ..... nhìn những hình ảnh này ... sao em nhớ về anh quá .... 15 năm ròng rã .. giờ anh lưu lạc nơi đâu . 😭😭😭😭,115,29,buồn
Disgust,"kiến phải loại kiến lửa , kiến vàng , còn loại kiến lấy cứt trâu làm tổ này thì đốt gì hả ông zời :))",101,25,khó chịu
Enjoyment,per có nên áp dụng với anh hàng xóm không nhể 😆😆😆,49,12,vui vẻ
Enjoyment,đáng yêuc quá,13,3,vui vẻ
Other,ok mà cần gì cứ cắt chất lượng lại thôi vẫn bán giá vậy,55,14,khác
Disgust,làm như chỉ có chúng mày biết yêu nhau ý .,42,11,khó chịu
Other,nói chung là không nên uống chẳng bổ béo gì đâu,47,11,khác
Enjoyment,không nổi thì mình chìm haha,28,6,vui vẻ
Other,nóng tính quá hỏng viẹc - trẻ em rất thích ngọt mình nên nhẹ nhàng cương quyết mới được,87,19,khác
Other,anh cũng bướng làm !,20,5,khác
Anger,"mỗi lần như thế tao chửi , mà bọn nó xem đó là trò đùa mày ạ , càng chửi càng cười",82,22,giận dữ
Sadness,nhìn ma tiếc từng hạt trân châu,31,7,buồn
Enjoyment,thật cảm động,13,3,vui vẻ
Surprise,"trời ơi , tin được không ????",29,7,ngạc nhiên
Enjoyment,per nhìn mặt hài vler :))),26,6,vui vẻ
Enjoyment,"đấy gọi là biết ngu mà vẫn đâm đầu vào , giống tao :)",53,14,vui vẻ
Enjoyment,một phút huy hoàng rồi chợt tắt còn hơn le lói giữa ngàn thu,60,14,vui vẻ
Disgust,người ngoài hành tinh đi học tiếng anh rồi à vãi,48,11,khó chịu
Sadness,đó là một câu chuyện buồn 😀,27,7,buồn
Disgust,lỗi đạo cụ,10,3,khó chịu
Disgust,per dạo này bị xàm à 😂😂😂,24,7,khó chịu
Sadness,như chết đi sống lại 🙂,22,6,buồn
Sadness,"bất cứ lúc nào nghĩ về đời tao chỉ thấy vị cay , nồng nơi khóe mắt :))",70,18,buồn
Enjoyment,điện cho đứa bạn . đem mũ ra . coi ai hơn ai . kakaa .,54,16,vui vẻ
Anger,thả tao ra để tao cắn chết mẹ nó =)),36,10,giận dữ
Enjoyment,per tao cứ thấy giống giống mày :))))),38,8,vui vẻ
Disgust,vấn đề là phải cấm được xả thải chứ không thì chẳng khác mẹ gì nhau,67,16,khó chịu
Disgust,"giỏi thì tự đi mà thiết kế các kiểu . ở đó chỉ giỏi cào phím chê bai thôi . ông đã làm được gì , am hiểu gì mà chê này chê nọ",125,34,khó chịu
Enjoyment,ngoài kia ! còn có rất nhiều điều tốt đẹp vẫn còn trên thế giớ này ! hy vọng những điều tốt đẹp luôn diễn ra từng giây phút ..,126,30,vui vẻ
Enjoyment,cưng hết sức nà,15,4,vui vẻ
Disgust,"học kiểu ăn nói láp xược , tại sao không dạy xưng tôi hay tôi mà là tao . đúng chất bắc láo",91,23,khó chịu
Surprise,cái nệm này độ đàn hồi đỉnh ghê,31,8,ngạc nhiên
Sadness,"em lấy đi niềm tin chả lại cho anh những gì , cũng vì anh vụng về đánh rơi hay càng xa vời càng dễ mất .. anh chân thành nên anh tổn thương",139,34,buồn
Anger,con mèo khốn nạn dám bóp vếu vợ tao à 😡,39,11,giận dữ
Surprise,"giỏi quá ta , cố gắng phát huy nha",34,9,ngạc nhiên
Other,"giờ mà quay lại cái thời đi học , tao thề không ngoan nữa mà sẽ bỏ học đi chơi vài bữa",86,22,khác
Other,ăn cả thế giới đã,17,5,khác
Anger,"mấy cái thằng này xử bắn hết đi , to xác không lo làm ăn suốt ngày trộm cắp",75,19,giận dữ
Disgust,"đưa lên để nhận đồng cảm à ?? họ sai họ chịu phạt , còn người ta đỗ xe như thế bạn chả có quyền gì đuổi người ta cả . bỏ dần tư tưởng đường trước cửa nhà ta là của ta đi .",171,45,khó chịu
Sadness,chú này tội lắm á :(,20,6,buồn
Anger,gọi phường cẩu đi thôi,22,5,giận dữ
Disgust,link phim đéo có .. mà zo toàn gặp bình luận xàm,48,12,khó chịu
Sadness,chắc kiếp trước gieo nghiệp kiếp này phải gánh thôi,51,10,buồn
Enjoyment,hihi ảo tưởng,13,3,vui vẻ
Enjoyment,hahah tao chưa nghe hoàn chỉnh bài này lần nào,46,10,vui vẻ
Enjoyment,mình không quan tâm giá trị học bổng bao nhiêu . mà tớ q . tâm em đó sẽ dành những gì cho đất nước sau khi học xong thôi . hee . chúc mừng em .,143,37,vui vẻ
Other,thế nếu sóc lên xong gõ thì n có trào lên không nhỉ,51,13,khác
Other,2 tên sủa giống nhau đêm đêm thì rủ nhau hú ??,46,12,khác
Other,dân dùng bằng giả có được khiển trách không nhỉ,47,10,khác
Disgust,vì mày là đống vỏ năm xưa mẹ mày đổ vào đầu bố mày nên ngày nào nhìn mặt mày hắn cũng cay cú như thế :)),104,27,khó chịu
Fear,người ta chỉ muốn dụ mày rồi xin một trái thận . 😪,50,13,sợ hãi
Sadness,per huhu trời ơiii,18,4,buồn
Fear,lớp 5 mà viết kiểu này cô đánh gãy tay .,40,11,sợ hãi
Enjoyment,con gái chả thế :)))) con trai đi dume mày có nhận hàng không,61,14,vui vẻ
Disgust,"xoá mẹ nó đi , pr cho nó làm gì",31,10,khó chịu
Enjoyment,t thích nhìn mắt của crush hơn là nhìn nó cười,46,11,vui vẻ
Enjoyment,hành động đẹp,13,3,vui vẻ
Disgust,"đập chết mẹ nó đi , nó làm người ta nhồi máu cơ tim có khác nào giết người gián tiếp mà ở mỹ gọi là giết người cấp độ 2 đấy",123,32,khó chịu
Enjoyment,"đây là tao khi bảo "" tao biết đường mà , tin tao ."" 🙂",53,15,vui vẻ
Sadness,t nhớ tao đang xem xxx thì chưa cắm tai nghe 😭😭😭,48,12,buồn
Enjoyment,chuẩn . hài lòng với những thứ mình đang có . đừng mơ mộng những thứ viển vông,78,18,vui vẻ
Enjoyment,per quẹo lựa mấy đứa ơi . để lễ nay đặt vé luôn cho rồi . nóng quá rồi :)))),76,20,vui vẻ
Disgust,"ai đời cho kiến đen đốt tr .... nta cho kiến vàng đốt chứ , ăn kì cục",69,18,khó chịu
Other,may quá tao đang nhà đắp chăn xem cảnh này chứ đông vậy đi chắc chớt,68,16,khác
Disgust,mặt mày nhìn chán thậc,22,5,khó chịu
Disgust,cả 2 đứa đều trẻ con . yêu đương kiểu này thì lsao mà tính chuyện lâu dài được,78,19,khó chịu
Fear,per ê tao với mày mà đi cái cầu này chắc rớt ngay bước đầu quá 😢😢 đã mặp rồi chân lùn nữa đi qua bằng niềm tin,110,28,sợ hãi
Sadness,đau lòng quá,12,3,buồn
Disgust,chơi mất dậy . gặp tao là tiễn theo điện thoại luôn,51,12,khó chịu
Enjoyment,vụ này chắc xử nhanh hơn vụ trong thang máy .... 😂😂😂,52,12,vui vẻ
Sadness,lúc rài không gặp được mặt cờ rút nữa 😪,39,10,buồn
Disgust,dạo này cứ đổ vỡ nhây nhớp là hấp dẫn cư dân mạng à :)) tao thấy đéo đến mức buồn quá,85,22,khó chịu
Enjoyment,giống tao hồi bé ... 😅,22,6,vui vẻ
Disgust,có ai không bị giật mình như tao không . nhạt vãi =))),54,13,khó chịu
Sadness,năm nay không được ăn dồi :((,29,7,buồn
Sadness,ổng bị bắt rồi :( rồi lấy gì coi,32,9,buồn
Enjoyment,"per thể loại mới nè , có vẻ phê",31,9,vui vẻ
Enjoyment,con nào cũng là con nhé . con trai tao tập từ nhỏ đã biết tự lo và phụ mẹ rồi :)),81,22,vui vẻ
Disgust,"cái con yêu nghiê ̣ tao này hồi nhỏ nó phập vào đùi mình . lần đầu nhìn thấy nó tươ ̉ người nó cũng hiền hiền như con vịt , ai ngờ mới bươ ́ c lại gần là nó di ́ rượt mình . cái kết là bầm tím phần đùi . đến giơ ̀ thấy nó là auto né .",234,63,khó chịu
Enjoyment,per nhện kìa haha,17,4,vui vẻ
Sadness,per đi tong một năm học ... nhưng vẫn tốt nghiệp ... :(,55,13,buồn
Sadness,càng thân thiết khi quay lưng càng đau lòng .,45,10,buồn
Enjoyment,lâu rồi chưa nghe ... nghe lại vẫn hay và ngấm như ngày nào :)),63,15,vui vẻ
Other,tôi thấy tương lai của tôi trong bức ảnh này :d,47,11,khác
Enjoyment,"per đấu nhau to rồi , phen này hay",34,9,vui vẻ
Other,có thể bán lại cho tớ không ??????,34,8,khác
Disgust,phí gì cũng cao nhất so với ngân hàg khác mà phục vụ lại tệ nhất ! sau đợt này vcb mất nhiều khác hàg !,103,26,khó chịu
Sadness,xem đi xem lại bao nhiêu lần cũng không chán ... vẫn cảm giác hồi hộp :),72,17,buồn
Enjoyment,per phải nói là hiền quá hiền luônnn 🤣,38,9,vui vẻ
Anger,phạt thế quá nhẹ ...,20,5,giận dữ
Disgust,có bồ mà cũng sân si,20,6,khó chịu
Fear,trên đời sợ nhất mấy con trùn trùn như ri ! nhất là giun đất với rắn !!! đã từng bỏ tiết học sinh học mổ giun đất 😞😞,116,29,sợ hãi
Enjoyment,sao tao thấy đa phần mấy đứa con trai cắt tóc xong nhìn ngáo đéo chịu được vậy =))).. cười tét cả hàm chứ đùa,109,25,vui vẻ
Other,đơn giản thôi : nó giống như con chó vậy . khi ta đuổi thì nó chạy . khi ta chạy thì nó đuổi,92,24,khác
Other,ướp đông lạnh luôn à,20,5,khác
Fear,chờ tý tao đi thay bỉm xíu tao quay lại .,41,11,sợ hãi
Other,có hiệu quả không mới quan trọng,32,7,khác
Disgust,sáng sớm đã đậm chất ngôn tình . tránh ra chỗ bà gym nào .,58,15,khó chịu
Enjoyment,anh chờ ... đáng yêu ghê,24,6,vui vẻ
Disgust,cười như cục cức trôi sông lạc chợ 😏😏👌,38,9,khó chịu
Sadness,tao buồn mấy năm nay rồi,24,6,buồn
Enjoyment,phải đối xử tốt với chính bản thân mình :),42,10,vui vẻ
Sadness,"chủ động nói chuyện , nhắn tin khi có time . nhưng đời không như mơ",67,16,buồn
Anger,"móa , thiệt chứ tụi này nuôi làm gì vậy nhỉ ?",45,12,giận dữ
Enjoyment,tao đang đi phân khối lớn đây . ai cũng kêu nhìn cá tính vãi 😁,62,16,vui vẻ
Other,động lực để phụ nữ chiến đấu chính là gia đình và bản thân họ :),64,16,khác
Sadness,mink chỉ lo là nhà nước không đủ gạo nuôi mấy anh,49,12,buồn
Surprise,sản phẩm khá là mới lạ trong việt nam,37,9,ngạc nhiên
Enjoyment,"chuẩn rồi . nhiều khi mệt muốn xỉu , xong đồng nghiệp đùa nhau đôi ba câu hay kể cho nhau vài câu chuyện thế là lại vui trở lại 😂😂😂 đồng nghiệp quan trọng thật sự",162,37,vui vẻ
Other,ai trèo lên đưa cho ảnh cái áo mưa đi kẻo ướt ảnh đó,52,14,khác
Fear,"per hồi nhỏ bị con đỉ này dí lòi lol 😂, bị cắn bầm đen muốn thúi thịt luôn cả tháng hơn mới hết . mà đươ ̣ c cái con này nuôi nó giữ nhà cửa hay , có nó không sợ ma quỷ gì hết",175,47,sợ hãi
Disgust,chắc ổng chỉ ngồi 1 chỗ và để móng lên bàn nv . chư tao nghĩ đi lại cũng khó,76,20,khó chịu
Enjoyment,nó mới ghé nhà tao đây :)),26,7,vui vẻ
Enjoyment,nhìn mặt là cười phọt rồi,25,6,vui vẻ
Other,per cấm dừng đỗ đâu cụ thớt ???,31,8,khác
Sadness,đọc chả hiểu gì :( mất gốc rồi :(,33,9,buồn
Other,mạng lag chưa xem được nhưng vẫn vào bình luận 😍😍,49,11,khác
Enjoyment,"em vợ có thể ngủ với mẹ , còn anh thì ngủ với em 😂",50,15,vui vẻ
Enjoyment,cái giọng anh quay phim nghe ngọt quá 😘😘,40,9,vui vẻ
Enjoyment,đẹp đôi vãi 🤩,13,4,vui vẻ
Anger,như con ma tơi có ngày ném cho cái cốc vào mặt thì đừng trách,61,15,giận dữ
Other,"ổng để móng có 1 bàn tay thôi còn bàn tay kia vẫn sạch sẽ bình thường mà các cụ cứ hỏi chùi đít , đanh răng , quay tay kiểu gì là sao :))",137,35,khác
Disgust,chỉ thấy mất dạy,16,4,khó chịu
Disgust,vì nó biết mày còn 2 quả thận thôi con ạ . rửa mặt đi :vậy,58,16,khó chịu
Sadness,tiền cắt tóc như kia đủ mua giày rồi :v,39,10,buồn
Other,"trên phim thôi . ngoài đời thì đứa con gái uống xong ngất luôn , hôm sau thì bị bán mẹ sang trung quốc",102,24,khác
Disgust,đấy cổ tích như thế có mà dân lại ngồi hết lên đầu pháp luật . tai nạn tăng không ngừng nghỉ ấy chứ .,101,25,khó chịu
Disgust,"nếu không có lòng yêu thương , thì đừng nuôi",44,10,khó chịu
Disgust,định mệnh gớm vãi 🤮🤮🤮,21,5,khó chịu
Other,kiểu xem đứa nào thắng !,24,6,khác
Enjoyment,"èo , ngọt quá đi",16,5,vui vẻ
Disgust,lấy vợ xong bị tàn phá là có thật 😆 béo vãi_chưởng,50,12,khó chịu
Disgust,nếu người ta sai thì gọi công an xử lý còn không thì bạn không có quyền nhé,75,18,khó chịu
Fear,t thề hồi nhỏ qua nhà ông hàng xóm vá xe tao bị con ngỗng dí chạy xúc quần quanh nhà ổng vừa chạy vừa la làng tới giờ nhớ lại vẫn còn hãi 😧😧😧,141,35,sợ hãi
Anger,nó bướng vãi . cứ làm theo ý mình,33,9,giận dữ
Disgust,nghe như hát trầu văn,21,5,khó chịu
Other,đúng rồi mà kệ nó tao đéo quan tâm . chụp cho ai thì chụp,57,15,khác
Enjoyment,nhà có người già vui thật nhỉ 🤣👍,32,8,vui vẻ
Other,tao nấu củi chưa nấu bằng rơm bao giờ 😪,39,10,khác
Other,bếp dầu trước kia tôi đã thuờg dùng,35,8,khác
Other,ngọc ngọc đồng nghiệp tốt,25,5,khác
Disgust,đời tao ghét con súc sinh này vãi .. nhiều khi tao tự vấn tao làm gì sai mà mỗi lần tao đi qua nó là y như rằng tao phải chạy như chó chứ không thể nào hiên ngang đi 1 cách như người bình thường,194,47,khó chịu
Anger,"ờ phải rồi , nói hay lắm . đến lúc nó đậu trước cửa nhà mình cả ngày xem có nhảy lên như khỉ đỏ đít không ?",107,28,giận dữ
Other,tạm biệt sếp và mong sớm có ngày sếp quay lại ...,49,12,khác
Sadness,tao dễ thương nhưng vẫn ế đây này mơ mộng ít thôi,49,12,buồn
Enjoyment,"má , dume cười ỉa :))))",23,6,vui vẻ
Anger,bà mẹ tháng cô hồn nghèo rớt mồng tơi mà cứ chiếu phim tiền đâu mà coi trời oi là troi,86,21,giận dữ
Surprise,cái này nó giống câu “ em ăn cơm chưa ” vãi,43,12,ngạc nhiên
Other,bị rồi nè :))) mua 6 ly rớt hết 4 ly,36,11,khác
Disgust,"đây là 1 câu chuyện buồn đó , đừng có haha nha per",50,13,khó chịu
Other,chảy cả nói chuyện mắt,22,5,khác
Anger,là tôi tôi cũng tát vỡ mồm nó ~~,32,9,giận dữ
Sadness,per ngôn tình luôn ở quanh ta nhưng nó đéo đến với chúng ta 😏,61,15,buồn
Enjoyment,rồi lỡ ai có bầu mà đi qua không biết nhảy kiểu gì nữa 😂😂,57,15,vui vẻ
Enjoyment,nghe mát lòng mát gan thế ????,30,7,vui vẻ
Other,tao đang xem cái gì vậy,23,6,khác
Fear,sợ đến lúc đó muốn lấy vợ phải sang nước khác nhập khẩu về quá,62,15,sợ hãi
Sadness,nhiều khi cũng muốn chọc cho người yêu giận nhưng mới nhớ ra mình đéo có người yêu 😌,84,19,buồn
Fear,nguy hiểm thật,14,3,sợ hãi
Enjoyment,"ok hay quá , dùng điện này thôi",31,8,vui vẻ
Enjoyment,ơ tao đang mơ 🤩,15,5,vui vẻ
Disgust,chủ tịch rả vờ ngu và cái kết đừng bao rờ khinh thường người khác 😂😂,68,16,khó chịu
Enjoyment,"per ăn tết xong , cần cây cầu này để giảm cân 😆😆",48,13,vui vẻ
Disgust,loại dâm ô nam sinh này cần phải tử hình để làm gương cho người khác .,70,17,khó chịu
Sadness,:))) 1 phần của bài quyền là phải gẫy gậy và té sấp mặt luôn để đỡ bị đối phương đâm lòi phèo,93,23,buồn
Other,chắc chắn người pháp sẽ khôi phục lại được . tin là như thế,59,14,khác
Disgust,per á đông có đồng nghiệp như hiệp suốt ngày rủ đi vệ sinh cùng ghê vãi,71,17,khó chịu
Enjoyment,đm nhìn ngầu vãi,16,4,vui vẻ
Enjoyment,chuẩn luôn khi ở công tình yêu toàn là các anh chị em đồng nghiệp tốt he he,75,18,vui vẻ
Other,với tôi là gia đình và sự hận thù .,35,10,khác
Disgust,người ta gọi là ngu mà cứ đâm đầu vào đấy :),44,12,khó chịu
Other,tỉnh táo đi em !,16,5,khác
Other,bếp dầu thời bao cấp,20,5,khác
Surprise,có cái bệnh này nữa hả trời,27,7,ngạc nhiên
Disgust,agribank thu nhập bằng phong phì thì bố thằng nào biết được mà cập nhật,71,15,khó chịu
Other,crush ai thì cờ rớt chứ đừng cờ rớt mấy mẹ bán hàng online với làm bất động sản chúng mày nhé :3,96,23,khác
Fear,nhà tao cũng gần mà tao không bao giờ dám đi đêm,48,12,sợ hãi
Sadness,kiểu gì chả chết ? đá to như kia thoát sao nổi ?,48,13,buồn
Sadness,không muốn huhu,15,3,buồn
Enjoyment,ông trời cho mình lũ bạn cờ hó quá ấy mà :),43,12,vui vẻ
Enjoyment,dự định tao là 28 nhưng giờ mà có bồ là bắt cưới luôn chớ sợ ế haha,67,18,vui vẻ
Surprise,giỏi thiệt . nể . giọng ở tao khó z mà ông này nói được giỏi 😁,62,17,ngạc nhiên
Disgust,chọn cây đẹp đẹp rồi để các bạn trẻ đổ xô đến vì hiếu kỳ lại gây tắc đường à dume,81,21,khó chịu
Sadness,biết là đau lòng nhưng sao bản thân vẫn muốn biết nó,52,12,buồn
Other,per mang võng ra không lại tủi không thể ngồi,45,10,khác
Disgust,đóng của trường đi bắt bỏ tù loai người xấu xa : ham lợi nhuận : lừa đảo phụ huynh lấy tiền,91,22,khó chịu
Other,như 1 canh bạc ấy nhỉ @@,24,7,khác
Other,chợt nhận ra mình chưa từng thích thầm ai trong lớp,51,11,khác
Other,cây này quê tao nhiều lắm nhé . mùa này đi rừng hay gặp nhiều này,65,16,khác
Fear,dume mặc dù tao rất yêu chó nhưng tao cũng sợ chó nữa :((,57,14,sợ hãi
Sadness,"không biết khuyên thế nào , nhưng chỉ cần bình tĩnh 1 xíu , dù gì thì cũng đừng tự sát , đời người chỉ sống 1 lần thôi ...",122,30,buồn
Anger,tao bực mày lắm rồi đấy,23,6,giận dữ
Sadness,crush tao mất rồi .,19,5,buồn
Disgust,cái thứ tình yêu bọ xít :)),27,7,khó chịu
Fear,"ngày xưa nhà nuôi mấy con điên này cái giọng thì đã khó nghe thì chớ suốt ngày ngoạc ra , hễ về đến nhà là thấy giọng bọn n đầu tiên . xong cho ăn , rõ ràng là cho n ăn đàng hoàng mà đến n + 1 lần bị n mổ với đuổi bợt mạng . chốt là tao ghét cái bọn nì dã man . ám ảnh cả 1 tuổi thơ :(( cái thứ yêu nghiệt .",307,81,sợ hãi
Enjoyment,cặp này lầy mà dễ thương,24,6,vui vẻ
Disgust,per mặc dù biết ngôn tình tàu khựa toàn xạo chó nhưng cầu hôn có não thật ^^,76,18,khó chịu
Anger,"đừng so nó với chó ., vì chó nhà tao cũng từng bị nó cắn rồi 🤧. nó đéo ' sợ bố con thằng nào cả .",97,27,giận dữ
Disgust,địt mẹ mấy thằng nhà quê,24,6,khó chịu
Disgust,vãi chả phơi hết tim gan phèo phổi @@,37,9,khó chịu
Disgust,cảnh thì dõ đẹp mà nhìn nước ô nhiễm quá,40,10,khó chịu
Other,thích nấu lúc nào cũng được,27,6,khác
Anger,"mấy con đĩ xạo lồn tao thấy mà tao tức á , chia bè phái ra làm rầm rầm rộ rộ",76,21,giận dữ
Enjoyment,cái chứng minh hình kia dễ vãi . cứ vẽ hình lên bài xong người chấm điểm người ta thấy là biết chứ sao :)),106,25,vui vẻ
Enjoyment,đm quả gật đầu quả quyết vãi 😂,30,8,vui vẻ
Surprise,ho mà vỡ xương kể ra trên đời lắm chuyện lạ vãi,47,12,ngạc nhiên
Sadness,bốc toàn trúng may mắn lần sau,30,7,buồn
Disgust,nước tớ nhiều thành phần hãm lồn thế đấy các bạn ạ . tớ gặp là tớ còn ghét nữa là các bạn nước ngoài,100,25,khó chịu
Other,cẩn thận móc túi trộm nhé anh chị em .,38,10,khác
Enjoyment,đoạn cuối yêu mún chết,22,5,vui vẻ
Enjoyment,hahahaha,8,1,vui vẻ
Enjoyment,cuộc đời bà đã nấu hơn 50 nồi bánh chưng rồi nhưng bà chưa bao giờ thấy ai cắt tóc ngắn đi mà xinh như thế này các cháu ạ .,123,31,vui vẻ
Other,"mày vã quá rồi đấy , sang lên chứ 🙄",35,10,khác
Enjoyment,"e ấy đang khóc , nhưng vì hàm răng không thể thụt vào nên mọi người nghĩ là em đang cười :))))",94,22,vui vẻ
Enjoyment,per ôi cái bếp một thời chinh chiến,35,8,vui vẻ
Anger,vl mồm thì chửi người ta nhem nhẻm ra xong cứ bảo người ta mất dậy :)) chị kia đã chửi được câu đéo nào đâu mà nó cứ bảo mất dậy . đâm hỏng xe người ta xong còn đòi đọ lồn :))))) bố mày lậy . phải tao là tao sút cho tung con mẹ mày cái lồn già lên rồi cho mất dậy cả thể . cứ cậy đẻ 5 lứa rồi lồn rộng mép dài ra đường bắt nạt đứa lồn bé hơn,341,87,giận dữ
Enjoyment,"trời mẹ phim gì vậy thớt ơi , cười ná thở",41,11,vui vẻ
Enjoyment,nhưng công nhận nhìn ngáo cỏ yêu thật =)),41,9,vui vẻ
Disgust,ăn mà không biết dọn .,22,6,khó chịu
Sadness,tao được thấy nói chuyện mắt của bố tao khi tao bệnh và khi tao lấy chồng,73,17,buồn
Anger,mày ăn cứt hay sao ngu thế hả,29,8,giận dữ
Sadness,chia buồn với gã lưng gù 😥😢,27,7,buồn
Sadness,tao đã từng viết như thế này . bây giờ không muốn ai đọc chỉ có đốt mà lười đốt,79,20,buồn
Sadness,tác phẩm nghệ thuật chất lượng cao hiếm hoi của điện ảnh việt nam nhưng không được công chúng quê nhà đón nhận,110,23,buồn
Sadness,thực ra em mới đang phải là sự lựa chọn chứ không phải là người được lựa chọn đâu 😌.,84,20,buồn
Fear,"per trong vòng 4 tháng chắc anh chụp hơn trăm tấm , huhu , sợ quá 😱😱😱😢😢😢",72,17,sợ hãi
Sadness,"tui ở tuy hòa , phú yên mà chả nhận ra luôn .",45,13,buồn
Sadness,"có ai lần đầu bắn kéo ngược ra phía trước đạn bay vào mặt giống tao không , đau điếng",85,20,buồn
Enjoyment,cô gái này thật dễ thương “ anh cứ nhắm mắt làm đại một lần thôi mà “ 😂😂,72,19,vui vẻ
Other,mới ra mà nắm bắt nhanh thế,27,7,khác
Enjoyment,"chị thích con gái mạnh mẽ , cá tính .",37,10,vui vẻ
Anger,tô ́ tao nhất là chết luôn đi ko chết sau này lại ngáo kéo theo người kha ́ c thì khổ .,87,23,giận dữ
Disgust,cho bỏ cái ngu đậu xe ẩu tả .,29,9,khó chịu
Sadness,buôn bỏ nhưng tình cảm ko thuoc về mình nua . bat đầu kiem tiên,63,15,buồn
Enjoyment,"thanh diễm giờ tao hiểu tại sao cứ sáng vô là tao trông tới đi về , đầu tuần trông tới cuối tuần và đầu tháng trông tới cuối tháng rồi 🤣🤣🤣🤭",139,32,vui vẻ
Enjoyment,người gì đâu mà dễ thương quá chờiiiii,38,8,vui vẻ
Disgust,nhìn mặt nó nhăn nhó khó chịu vãi,33,8,khó chịu
Other,nhưng sạn quá . ma mà sao lúc đầu có bóng của cánh tay vậy .???,63,16,khác
Other,đừng tưởng nó nói yêu mày là yêu mày thật :))),46,11,khác
Disgust,vì những thành phần như bạn mà page cứ phải khoá bình luận cho trong sạch đấy . thật là giông bão 😌,99,23,khó chịu
Disgust,thân gửi mấy má bán combo quà độn xốp với mấy cha có ý định tặng 😂😂,67,17,khó chịu
Other,t đi lộn lớp rồi,16,5,khác
Surprise,per la liếm cả ở trong này hả =)),33,9,ngạc nhiên
Sadness,chuẩn bị prayforparis thôi 23 tuần kể từ khi phe áo vàng làm loạn rồi mà vẫn chưa dẹp được .,92,21,buồn
Disgust,ở dơ vãi - _ -,14,6,khó chịu
Sadness,sinh viên năm 3 rồi nhưng vẫn chưa định hướng ra trường làm cái giống gì đây :(,79,18,buồn
Other,cái máy nghe nhạc nè,20,5,khác
Enjoyment,ra xong bảo anh ý ship em về nhà luôn được không . xe em bị hỏng mất tiêu rồi =)),81,21,vui vẻ
Surprise,y tế chăm sóc sức khỏe lương nhiều vậy sao,42,10,ngạc nhiên
Enjoyment,t đu ́ theo thôi :v tao biê ́ tao thư ̀ anh no ́ la ̀ shipper,61,18,vui vẻ
Disgust,các bác bình luận ở đây cũng có khác gì họ đang ngồi chửi nhà nước không,72,17,khó chịu
Enjoyment,"con nghiệt súc này mỗi lần tao đi đá bóng là 2 vợ chồng nó dí theo cắn bầm hết chân , thứ này thù dai kinh khủng , chiều nào nó cũng khởi động cho tao trước khi đá bóng ... con mẹ nó giờ tao lớn rồi , tay nghề nấu nướng cũng không tệ gặp mà dí theo là xác định tao quay nó vàng ương luôn =]]",291,71,vui vẻ
Enjoyment,nấu kiểu này ngon lắm luôn 😋😋,29,7,vui vẻ
Enjoyment,per thích quáaaaa,17,3,vui vẻ
Other,mấy ai chứng minh được điều đó 😍,32,8,khác
Sadness,thằng ben thật tội nghiệp,25,5,buồn
Enjoyment,yêu quá nè nè,13,4,vui vẻ
Other,có ai như tao không . chả thích đi đền chùa vì nhiều lí do ??,61,16,khác
Other,tiền bạc là phù du ... nhiêu đó cho luôn 😂😂😂😂😂,46,11,khác
Enjoyment,mong anh có thể đạt được ước mơ của mình .... cố lên,52,13,vui vẻ
Enjoyment,ai muốn đi thái hè này với tôiii nào cũng chim ưng phết đấyy :))),65,15,vui vẻ
Disgust,má nó điên đến mức này rồi à,28,8,khó chịu
Disgust,muối nhà mày mua chỗ khác rồi hay s thiếu mặn z :)),51,13,khó chịu
Disgust,con gái con đứa thứ gì vô duyên không mặc cả quần lót,53,13,khó chịu
Other,bếp dầu chứ có gì mà không biết,31,8,khác
Enjoyment,uiiiii hay vì n đổ ra sàn mà n đổ đầy mồm thì pheee,51,14,vui vẻ
Surprise,ngáo ... là có thật luôn này,28,7,ngạc nhiên
Sadness,tao đã bị nó làm cho lầm tưởng rồi . tao thật ngu ngốc - _ -,60,17,buồn
Disgust,cái kết xàm lông thiệt :)),26,6,khó chịu
Anger,bọn nè phạt nặng .,18,5,giận dữ
Enjoyment,đẹp trai thật .,15,4,vui vẻ
Enjoyment,tao thấy buồn cười vãi :)),26,6,vui vẻ
Disgust,không pha ̉ i ki ̀ thi ̣ ma ̀ gơ ́ mày vãi,42,14,khó chịu
Other,mấy góc cầu bị bể là thành quả của mấy đứa mập chân ngắn để lại à ....,70,18,khác
Disgust,lũ bảo vệ nhìn vô dụng nhỉ :v quanh đó có gì xảy ra còn del biết thì làm bảo vệ làm cái gì ?,92,25,khó chịu
Enjoyment,"trải qua một cuộc bể dâu , rồi bể ong ???? lót dép hóng :v",58,15,vui vẻ
Other,per chắc tao nên làm quả móng chân xoắn ốc dài nhất thế giới :))),65,15,khác
Sadness,tui nhớ anh quá à :(((,22,6,buồn
Enjoyment,"per ít bửa đi coi , trailer thấy hấp dẫn quá",44,11,vui vẻ
Disgust,ai cũng vậy thôi con rắn mình đánh nó thì nó chạy chứ làm quá thì nó cũng quay đầu lại cắn . đó là quy luật cuộc sống . đừng thấy tao im mà làm tới,147,37,khó chịu
Enjoyment,mang anh này về nhà luôn được không 😻,37,9,vui vẻ
Sadness,cả tuổi trẻ bỏ công cày . có cơ ngơi ổn định . r về già con cháu đuổi ra đường bắt đầu 2 bàn tay trắng . đời 😅😅,111,30,buồn
Other,"chỉ cần đủ quan trọng , họ sẽ làm tất cả những gì bạn thấy vui .",64,17,khác
Disgust,thì nhìn đám học sinh trong lớp là biết cô dạy kiểu gì rồi đấy .,64,16,khó chịu
Sadness,hiện tại mình chưa người yêu bạn nam nào chưa có người yêu thì lo cua mình đi nhá đến khi mình có người yêu rồi thì đừng hối hận đấy huhu,137,32,buồn
Enjoyment,cứ thấy cute cưng cưng sao á .... có ai thấy giống per như tao không ??,71,17,vui vẻ
Surprise,???? tpbank đang ở đâu thế kia ?? sao lương mình thế này ...,60,14,ngạc nhiên
Disgust,má thằng phi đen có gấu ngon phết ... vậy mà nó nở lòng bỏ con ta chạy trước ... tao đéo bít bao công mà lấy bạch tuyến đẻ ra cái gióng gì nửa ...,146,36,khó chịu
Sadness,"per :))) tuy anh hay bắt nạt , giấu đồ và ăn bòn đồ ăn của em nhưng nếu thiếu anh thì công việc sẽ trở nên căng thẳng phết đó 😭",127,32,buồn
Surprise,"lúc đầu còn tưởng quảng cáo rạp chiếu phim , pr về mức độ đầu tư của rạp phim , ai ngờ =))",90,23,ngạc nhiên
Anger,"chửi nhau , ghét nhau , nói xấu nhau dcm",40,10,giận dữ
Sadness,còn quá nhiều mảnh đời bất hạnh ☹️,34,8,buồn
Sadness,"chúng ta hầu như ai cũng dùng đôi mắt bao dung để nhìn một người xa lạ , mà đối với người thân bên cạnh lại chỉ nhìn thấy khuyết điểm mà thôi ..",144,34,buồn
Sadness,bằng tuổi người ta mình vẫn còn mải nghĩ chiều nay ăn gì 😢,58,14,buồn
Other,"cái công ty thực phẩm cung cấp cho các trường mầm non thật quá độc ác . vì lợi ích cá nhân mà ảnh hưởng khủng khiếp tới các em . quá dã man . các người gây nên hoạ thì mai này đời con đời cháu sẽ phải gánh nghiệp đó thôi . gieo nhân nào gặt quả ấy , đừng tưởng bây giờ sống nhé nhỉ thế là không sao . đời còn dài lắm",316,77,khác
Anger,hãy xử tù chung thân bọn người mất nhân tính gây ra nghiệp chướng này,69,15,giận dữ
Sadness,anh chân thành nên anh tổn thương :((,37,8,buồn
Anger,mấy ai hiểu được ý nghĩa mà cứ chửi như đúng rồi :)))),54,13,giận dữ
Other,dàn lông chân =))))),20,4,khác
Fear,vâng ah nên em cũng sợ quá mà :-),33,9,sợ hãi
Anger,mấy thằng ranh con đéo có não,29,7,giận dữ
Fear,nguy hiểm vãi chưởng luôn ý,27,6,sợ hãi
Enjoyment,thức ăn cho chó lúc nào cũng ngon :))))))))))),46,9,vui vẻ
Fear,úi giời khiếp quá !!!!,22,5,sợ hãi
Enjoyment,tiên sư cái thằng ghép nhạc cười rớt mồm quả ghép,49,11,vui vẻ
Disgust,giờ thì hiểu sao giáo dục liên tục dính phốt rồi hén .,54,13,khó chịu
Other,bật lửa thời chưa được thu nhỏ,30,7,khác
Other,vì người dưng mãi là người dưng,31,7,khác
Anger,chỉ vì lợi nhuận .. mất hết tính người . thương các bé,54,13,giận dữ
Sadness,per nhớ hội chị em vinmec quá :((,33,8,buồn
Sadness,nhìn con mắt thấy đau đớn . tội em quá ????,43,11,buồn
Fear,per nguy hiểm quá mày ơi 😩😩,27,7,sợ hãi
Sadness,chắc là vì em .. đi lấy chồng 😥,31,9,buồn
Fear,chạy ngay đi 😒 trước khi bọn chủ tịch vào đây và giả làm con cặc gì đó rồi bị coi thường và chúng mày phải nhận cái kết đấy !!,126,31,sợ hãi
Disgust,thằng này con nhà cán bộ hay sao mà rớ con nhỏ này mà vẫn chưa đi tù ????,73,19,khó chịu
Disgust,nói thì hay lắm 🙂 cuộc sống đâu phải được như mong muốn,55,13,khó chịu
Disgust,hẳn là không biết nhắn gì :)). thế thôi dẹp mẹ đi,49,12,khó chịu
Disgust,"t cu ̃ người cu ̀ người nghê ̀. theo kinh nghiê ̣ mày thi ̀ thâ ́ y top như ̃ người kha ́ ch ơ ̉ vô y ́ thư ́ c nhâ ́ tao la ̀ trung quô ́ c , â ́ n đô ̣ va ̀ đương nhiên co ́ ca ̉ viê ̣ tao nam - _ - biê ́ tao co ́ người na ̀ y người kia nhưng khi đi ̉ ti ̀ nh tra ̣ người diê ̃ n ra qua ́ nhiê ̀ u thi ̀ người ta se ̃ đa ́ nh gia ́ ca ̉ 1 nê ̀ n văn ho ́ anh .",362,116,khó chịu
Enjoyment,per tập gym đi mày có người yêu đấyyyy =))))),45,10,vui vẻ
Other,là gì nhỉ ???,13,4,khác
Sadness,"giờ bà già lắm rồi , nhổ sợ hết tóc , nghĩ tao lại thấy buồn quá 😞😞",67,18,buồn
Fear,chuyện buồn quá chúng mày à . tao không dám đọc sợ làm quyết tâm có người yêu của tao lung lay 🙄,96,23,sợ hãi
Anger,ngu thì chết ...,16,4,giận dữ
Anger,không phải bồ tao chớ bồ tao thì sống chết tao cũng cho mỗi th mỗi nhát,71,17,giận dữ
Surprise,chị là người khó hiểu nhất mà em từng biết đấy,46,11,ngạc nhiên
Sadness,lúc đấy là mình mình cũng lắng liền rồi chắc trào nước mắt mất,62,14,buồn
Other,"per chế sợ nó hơn sợ chó , nhớ hồi nhỏ đang đánh răng nó rượt mà cầm ca , bàn chảy , miệng thì đầy kem vừa chạy vừa khóc như con chó",132,34,khác
Other,kiểu cá tính nét đẹp mang nàn gió mới . chứ không phải nét đẹp công nghiệp đại trà .!,85,20,khác
Other,khi bạn đặt quá nhiều niềm tin vào người khác,45,10,khác
Sadness,ngày trước nấu cơm . đun rơm . đốt được hơn 10p mới nhớ ra chưa cho nước . hỏng cả nổi cơm huhu,95,24,buồn
Enjoyment,tạm biệt ông cám ơn tất cả những gì ông đã làm cho vn,53,14,vui vẻ
Disgust,và chúng nó cũng ngáo hơn lũ con trai :),40,10,khó chịu
Surprise,em cũng thắc mắc tại răng khúc xương tư tao nhỉ ? xong nó lại tự to lên được nó nhờ lực gì rứa,94,24,ngạc nhiên
Disgust,"ngu bỏ mẹ ... làm giàu cho bọn bán vàng thì có , trước mắt thần tài đến các tiệm vàng , còn mấy thằng mua , thần tài chưa thấy đâu vì vài ngày sau vàng sẽ tụt giá chắc chắn sẽ lỗ mẹ nó rồi ..( lỗ 3 cái : giá tụt , giá mua vào và tiền công nếu là vàng thời trang ) - còn cái kiểu chơi bời không lo làm ăn , chỉ có làm biếng mà hàng tháng cứ cầm 3 cây nhang khấn vái thần tài mong tài lộc tới thì có cái lol ý ..",410,104,khó chịu
Anger,per bố mày nhắn tin rồi cái con cặc gì mày cũng cho thằng em mày xem,68,17,giận dữ
Disgust,"có vẻ coi lòng tự trọng , nhân cách , và tinh thần của người ta rẻ mạt ... ngồi tù 7 năm đáp lại 1 lời xin lỗi và 200tr ...😩😩😩",126,32,khó chịu
Enjoyment,dễ thương mà,12,3,vui vẻ
Enjoyment,"nhổ tóc sâu cho bố , hình như được 500đ để mua kẹo dồi 😂",56,15,vui vẻ
Disgust,mấy đứa con gái chơi với nhiều đứa con trai nghĩ là bình thường nhưng mấy đứa con trai lại nghĩ con đó lẳng lơ,110,25,khó chịu
Enjoyment,"ng nhật giỏi ở chỗ đó ., đây không phải là sự phiền hà mà là một cơ hội .",73,20,vui vẻ
Other,"ngu thế chờ cho mật ong ngấm xuống đất , rồi đào đất đấy lên chắt kiểu gì cũng được gần đầy :))",95,23,khác
Disgust,bớt ngu để sống tốt hơn,23,6,khó chịu
Enjoyment,đang tập hát 😶😶 hay thật 😔😔,27,7,vui vẻ
Sadness,dù cậu làm tôi tổn thương mỗi ngày nhưng chả hiểu sao vẫn thương cậu,68,15,buồn
Other,rồi có đi họp lớp không ?,25,7,khác
Sadness,vì yêu người khác nên biết là ngu nhưng vẫn làm :(,50,12,buồn
Other,"bị đánh 1 lần thì hơi sốc , nhưng nhiều lần thì tâm hồn sẽ trở nên mạnh mẽ , cảm xúc nó mới đàn hồi",99,26,khác
Sadness,per tiếc cái gì đấy bố nó,25,7,buồn
Sadness,sao bao nhiêu năm kể từ ngày đó em đã không còn nghe lại nữa :((,64,16,buồn
Other,"nhà em trong ngõ bác ơi , bác cho ô tô vào vừa thì em cho bác đỗ luôn",69,19,khác
Disgust,thả chó rông không rọ mõm cắn người là tội ác,45,11,khó chịu
Enjoyment,con bé xinh thế ??,18,5,vui vẻ
Sadness,trước khi lấy vợ boss có một thân hình hoàn mĩ thế này đây,58,14,buồn
Enjoyment,đọc cái mà cười rớt cả hàm .... cuộc đọ sức giữa xe lửa và ô tô,63,17,vui vẻ
Enjoyment,cần tìm gấp bạn trai đáng yêuc như anh này trời đất ơi =)),58,14,vui vẻ
Sadness,khi nào tao thấy thích . mà thích rồi chưa có người thích cùng .,64,15,buồn
Fear,thề dume c còn hết hồn nói chi đến khách =)))) sáng sớm ra mở cửa với tối đóng cửa thôi độ gan dạ cũng phải tăng lên mấy chân kính =)))),136,32,sợ hãi
Disgust,địt mẹ xấu mặt đàn ông quá . đéo hiểu mấy thằng lol này nghĩ nó ngầu chỗ đéo nào nhỉ . bệnh hoạn vãi,100,25,khó chịu
Sadness,"chán thật , dạo này hồi xuân hay sao đọc mấy cái kiểu này ấm lòng vãi :(",72,18,buồn
Sadness,thế là hết những gì đẹp nhất của nước pháp sao không phun nước cứ để cháy rần rật nhỉ,85,20,buồn
Surprise,chủ thớt sao xinh gái thế =)),29,7,ngạc nhiên
Disgust,loạn hết rồi,12,3,khó chịu
Enjoyment,"may công an đến bắt chứ không thì dân chỗ đó cho vào nồi cả rồi , đã có người cắt cử nhau đi mua giềng mẻ rồi đó chứ 😆",118,31,vui vẻ
Disgust,chết rồi thì chôn . xử lý cái quái gì nữa ...,45,12,khó chịu
Other,thế là đúng quy trình rồi,25,6,khác
Disgust,rảnh rỗi không có việc gì làm sinh ra mất tiền,46,11,khó chịu
Disgust,nếu đồng nghiệp của bạn hãm vãi thì cũng nên đăng xuất đi,57,13,khó chịu
Enjoyment,ốm mà xinh thế :3,17,5,vui vẻ
Other,đợi chờ là hạnh phúc mong rằng hai nhà lãnh đạo trong lần gặp nhau sau sẽ tiến triển hơn nữa,92,21,khác
Disgust,"thứ con gái hư đốn , mày không sợ xã hội dị nghị à",50,14,khó chịu
Sadness,ăn vải nóng lở hết miệng ra đây này,35,9,buồn
Enjoyment,trồi ôi mới đọc tưởng đâu người yêu,35,8,vui vẻ
Enjoyment,per bị chì chiết từ 6h sang đến 23h phia . vẫn sống vui 😊😉,58,15,vui vẻ
Anger,ai đó chọc mù mắt tao đi ... mất mẹ tuổi thơ,44,12,giận dữ
Sadness,khổ nhất người có bầu,21,5,buồn
Enjoyment,trai tài gái sắc .. danh ngôn rồi tài sản chứ tài gì !! 🤣🤣,58,15,vui vẻ
Sadness,per nhớ bột mì chiên huhuhu,27,6,buồn
Other,cho bạn trai uống nước này nhé 😌,32,8,khác
Anger,"cô giáo như cái lìn , mà dume đánh con cháu tao ntnay thù từ thằng đánh lẫn đẻ ra đứa đánh bố cũng đập cmm chúng mày hết",120,29,giận dữ
Other,per 🤣🤣🤣 để anh vẽ mình xem thế nào nhé,38,10,khác
Other,per học hành cho cố vào rồi mần sao như này đi,46,12,khác
Enjoyment,bộ phim hay nhất từng xem,25,6,vui vẻ
Disgust,rút kinh nghiệm lần sau cứ khách nào kêu tính tiền thì mình checkin phòng liền nếu tình trạng như vậy thì cho nó dọn phòng khi nào sạch thì cho nó về 😀,151,34,khó chịu
Disgust,bất kì hoa gì có mùi đều không thích,36,9,khó chịu
Enjoyment,nhìn một cái rồi quay đi là thấy mãn nguyện rồi .,49,12,vui vẻ
Enjoyment,tuổi thơ của tôi cũng từng có 1 người c . trai bỏ mặc tất cả để bảo vệ tôi 😘😘😘😘,79,21,vui vẻ
Enjoyment,"năm nào cũng đi cho có không khí xuân vậy , không đi thì thấy thiếu thiếu . nhà tao cách chợ 10km",97,23,vui vẻ
Other,"mặc kệ người ta bạn ơi , có tiền mua xe đi thì kệ mẹ thiên hạ",61,17,khác
Enjoyment,bé gái đáng yêu quá ??,22,6,vui vẻ
Disgust,"nhìn là biết sapa rồi , thế cũng đố",35,9,khó chịu
Enjoyment,ước là 1 ngày mai thức dậy dụi mắt mãi chưa hết tuổi thanh xuân =)))),69,16,vui vẻ
Surprise,nhằm ngày sinh nhật luôn trời ..😂,33,7,ngạc nhiên
Sadness,"làm pv quán karaoke đi rồi khổ hơn nữa , toilet danh cho nam chỉ đứng tè , vậy mà nỡ lòng nào mấy anh ngồi ỉa 😢 thiệt chứ gặp cái mún khóc lun …",144,36,buồn
Enjoyment,tao đang chờ xem bà ấy được nghe nhạc ý mà hết video 🤣,54,14,vui vẻ
Enjoyment,xem video nay sao mà sướng hết thằng người,42,9,vui vẻ
Disgust,bọn bây giống tao không ? chứ ghét mấy đứa troll rớt điện thoại vãi,67,15,khó chịu
Sadness,"khoảnh khắc anh quay mặt đi , con tim em tan nát vãi ra",55,14,buồn
Anger,nó lại làm tao nhớ tới cái mấy con chó ăn hạt dưa ở quán cf đụ đỉ mẹ ăn thì có cái bịch bên cạnh đó cắn bỏ vào bịch thì chết à d . mày cắn xong cứ phun phun xuống đất đã vậy mỗi lần phun là mỗi chỗ khác nhau làm dọn bắt lòi dái nhìn nó phun chỉ muốn đấm cho nó một cái,268,69,giận dữ
Enjoyment,tất cả đã đều quá hoàn hảo rồi . trừ pha nhảy cuối thôiiii :v,61,15,vui vẻ
Other,per con nghĩ cậu nên thử,24,6,khác
Disgust,"ai bảo mèo đực hay đi khỏi nhà chứ quàng thượng nhà tao toàn ngủ , ngủ cả ngày cả đêm , đang ngủ mắc tè xong dậy đi tè rồi vào ngủ tiếp , ngủ hơn heo :vậy",154,39,khó chịu
Sadness,buồn cô lắm,11,3,buồn
Sadness,nó ốm nhom thương ghê :(,24,6,buồn
Enjoyment,"làm bác sĩ sướng thật , bảo cở là cởi , bảo cưới là cưới . lắc đầu cái là cả nhà khóc .",87,24,vui vẻ
Anger,như kiểu sắp bị hiếp dâm đến nơi vậy . tế sống luôn mấy thg lol 🙂 dcm,69,18,giận dữ
Enjoyment,giọng chú hơi bị dễ thương nhá :)),34,8,vui vẻ
Disgust,ngửa thấy mùi là đã thấy kinh rồi,33,8,khó chịu
Anger,ngu cho chết chứ nói con cặc gì,31,8,giận dữ
Enjoyment,vâng chú ah haha,16,4,vui vẻ
Enjoyment,cặp nay dth ghê luôn 😍,22,6,vui vẻ
Sadness,cảm động quá hjxhjx,19,4,buồn
Disgust,mày làm anh tao hơi lâu rồi đấy,31,8,khó chịu
Other,tao không phân biệt được bà nội bà ngoại ??,43,10,khác
Disgust,ích kỉ quá đấy . vỉa vẻ thế kia ra vào vẫn bình thường nhé,58,15,khó chịu
Disgust,suy thoái gớm nhỉ :)),21,5,khó chịu
Sadness,cuộc sống mà mấy ai được trọn vẹn 😢😢,36,9,buồn
Disgust,"ngta tạo nên video để giáo dục mấy ba ơi , mấy ba mấy má làm quá",64,17,khó chịu
Disgust,biết ngay sẽ chơi cái trò mất dạy này nhưng vẫn kiên trì xem tới cùng để thách thức bản thân có sợ hay không :)),112,26,khó chịu
Surprise,cha con y chang nhau 😂 1 khuôn đúc ra,37,10,ngạc nhiên
Anger,giết nó ! làm ám ảnh cả cuộc đời học sinh .,43,12,giận dữ
Sadness,"tụi mày có hiểu được cảm giác , muốn bắt chuyện mà không dám bắt không ?? tụi mày có hiểu được cảm giác vờ ngủ gục để nhìn nó không ?? tụi mày đã từng nhìn nó thật kỉ , thật tỉ mỉ chưa ?",186,46,buồn
Anger,chưa đâu ... nó mang bánh gato vào xong bôi đầy tường mới là cả một rổ của sự hloz,82,20,giận dữ
Enjoyment,ngưỡng mộ quá đi ạ . chúc 2 ac mãi mãi hạnh phúc như này nha :))),65,17,vui vẻ
Disgust,ăn 1 đống tiền phạt có 5tr . tội lợi dụng tín ngưỡng để lừa đảo xem chừng nhẹ tội nhỉ .,87,22,khó chịu
Enjoyment,per đúng chất em lun hâha,25,6,vui vẻ
Enjoyment,năm nào chả vậy :))),20,5,vui vẻ
Other,thua sự mặt dày của khách nên cho một xíu . :v,46,12,khác
Sadness,chuẩn đét . t nghỉ công ty cũ cũng vì đồng nghiệp 😭😭😭,53,13,buồn
Enjoyment,"là thằng đàn ông phải có bản lĩnh từ khi còn bé , thay vì hay bắt nạt , quát tháo đàn bà thì hãy là người che chở , yêu thương !!!! mong con zai của mẹ sau này cũng như mấy anh này .!!!",185,46,vui vẻ
Anger,cho ngay cốc bia vào mặt . nhố nhăng,36,9,giận dữ
Other,sau quả sấm sáng cả trời thì gần như toàn khu phố mất điện,58,14,khác
Other,bà này bị âm đồ từ đêm qua đây mà ...,37,11,khác
Other,chỉ đi đường quen thôi ! đường nào lạ chỉ ngồi sau thôi =)),59,14,khác
Anger,"tát cho phát , đêm hôm mất con mẹ nó ngủ . ??",45,13,giận dữ
Sadness,xem xong tôi cảm thấy còn u ám hơn :)),38,10,buồn
Disgust,đó là khi bạn làm cho hãng hoặc công tình yêu lớn tầm cở .... chứ quảng lý mấy shop quần áo có cái lol mà được 30tr :)),119,29,khó chịu
Disgust,gớm vãi :))),12,3,khó chịu
Sadness,đi bao xa mới thoát đựoc kiếp không có người yêu ? :<,53,13,buồn
Enjoyment,con lai xinh phết ??????,24,5,vui vẻ
Disgust,đây đây thiệt là hãm,20,5,khó chịu
Sadness,đm lừa đảo hằng năm cả trăm tỉ . giờ phạt có 5 triệu :))) chán vãi,66,17,buồn
Enjoyment,ở đâu cho tao làm vớiiiiii,26,6,vui vẻ
Sadness,"biết chỉ là phim thôi , xem con bé hôn bố lần cuối nước mắt tự rơi , híc híc",76,20,buồn
Sadness,chưa bao giờ b đến đích là gì cả,32,9,buồn
Anger,lũ này cho nghỉ việc thay người khác còn bao nhiêu người đi xin việc kìa xử phạt rhì trẻ cũng đã ăn rồi lũ mất nhân tính,120,28,giận dữ
Other,hmmmmmmm não tao xoắn mẹ rồi,28,6,khác
Disgust,"chẳng bao giờ nhà bếp nó nấu đồ ngon cả , toàn thiu thối hoặc kém chất lượng nó mua về làm mới có lãi . trước làm với nhật nó còn bắt làm cho nó như cho công nhân ăn thì thời gian đầu được , đến khi đổi giám đốc là đéo nuốt nổi nữa",231,57,khó chịu
Enjoyment,khuôn mặt đậm chất giải trí 🙂,29,7,vui vẻ
Fear,moá nhìn rùng hết cả mình,25,6,sợ hãi
Sadness,em tìm link phim mà sao nó ra phim khác chứ không phải phim này zay mọi người 😞,79,19,buồn
Disgust,5tr phạt làm cái lồng gì . phạt 500tr tội sỉ nhục lăng mạ người khác,68,16,khó chịu
Other,bà ta đâu cư xử như 1 người vợ đâu !,36,11,khác
Enjoyment,per =))))) hahaaaa,18,3,vui vẻ
Fear,má ơi đây chính là thứ ám ảnh nhất cuộc đời con . kẻ thù 😢😢😢,60,16,sợ hãi
Disgust,"đúng rồi , ngưng ảo tưởng",25,6,khó chịu
Enjoyment,"chời , dễ thương quá",20,5,vui vẻ
Fear,tuổi thơ tôi bị ám ảnh mấy con ngỗng này . mấy con màu xám cứ mỗi lần đi học ngang qua ngõ nhà hàng xóm là nó đuổi . tao lại chạy thục mạng . cứ phải đắn đo mỗi lần qua đó xem có chúng nó không rồi ù chạy như ma đuổi . haizz tuổi thơ tôi ....,242,61,sợ hãi
Enjoyment,anh em để tao hưởng trước nào,29,7,vui vẻ
Enjoyment,bán hàng online hồi năm cấp 3 :))) tháng hè ấy đi quanh hạnh phúc để giao hàng với bố . được lãi 4 tr :)))),107,26,vui vẻ
Disgust,ý thức kém quá ☹☹,17,5,khó chịu
Disgust,"bọn phục vụ nhà bếp toàn là chó , chó mới ăn thịt thúi bẩn như vậy .",68,18,khó chịu
Disgust,đấy . người ta làm những video ý nghĩa . chứ không phải ba cái video xàm nhảm như cái đéo gì cũng cái kết . xàm .,113,28,khó chịu
Other,thần tài cho chủ cửa hàng bán vàng chứ thần tài gì mình đâu,59,14,khác
Enjoyment,"hiện tại mình cần tìm người yêu , bạn nữ nào chưa có chồng hay chưa người yêu thì bình luận bên dưới để mình lựa một bạn may mắn nhất nhé :)))",142,33,vui vẻ
Other,lỡ bị tào tháo rượt mà cái wc bên kia thì nhảy thế nào nhỉ,58,15,khác
Anger,"ra chỗ sóng không táp vào mà ghi , xem mà ức chế vãi :))",56,15,giận dữ
Enjoyment,chòi má nói chuyện tình vãi =)))),33,7,vui vẻ
Sadness,con gái hay ảo tưởng như vậy lắm 😌,34,9,buồn
Disgust,nó cười mắc ỉa môi thì zoe lại lùn xấu vãi lại còn gầy nữa chứ haizz,68,17,khó chịu
Sadness,không phải không thích mà bản thân chưa đủ tốt để sánh vai . phải chi anh có thể đợi em khôn lớn !,98,24,buồn
Other,ông tóc ngắn ngắn cam cam tên gì vậy ạ ?,40,11,khác
Anger,tiên sư bố nhà mày . tao chịu hết nổi rồi nhé 🤤,47,13,giận dữ
Anger,đm ngu . cái nồi cơm điện chứ gì .,34,10,giận dữ
Other,sai rồi nhá . có những thứ cha mẹ không có nhưng vì con họ vẫn cố gắng để có được nó,84,22,khác
Fear,hú hồn con chồn chạy ngang 😑,28,7,sợ hãi
Surprise,khi bạn bỗng nhiên nhận ra rằng có những bài hát phù hợp với từng khoảnh khắc riêng bên người đó :),99,22,ngạc nhiên
Fear,mỗi lần về quê mà sắp sửa đi qua chuồng ngỗng tao phải cầm cây chổi lông gà mới đi được đấy dume . quơ quơ vòng vòng cho mấy đĩ ngỗng né xa ra rồi chạy thụt lol luôn :=]]]],172,41,sợ hãi
Fear,tao ghét và tao sợ nó,21,6,sợ hãi
Anger,bán thì bán đi còn bảo bố mày bất hạnh . đéo thèm mua nữa 😑,59,16,giận dữ
Enjoyment,lâu lắm rồi mới nge lại bài này ... vẫn thấy hay như ngày nào ...,65,16,vui vẻ
Enjoyment,chị ấy được đào tạo qua lớp người nhện bắn tơ nên không biết sợ 😂😂😂,67,16,vui vẻ
Disgust,1 từ ( nhạt )🙂,14,5,khó chịu
Disgust,"có mồm để làm gì ? hay chỉ để cãi nhau , la hét ?",49,15,khó chịu
Enjoyment,hồi đó khoái cái này lắm,24,6,vui vẻ
Disgust,giọng anh khi mặc bộ záy màu hường thật kinh dị,47,11,khó chịu
Anger,mày tin tao nhai đầu mày không,30,7,giận dữ
Enjoyment,"yeahh , được mở lại fan cứng rồi =)))",37,9,vui vẻ
Disgust,"per mất mặt thật sự , quán bún đậu đó không biết có dán mặt mày lên không",73,18,khó chịu
Enjoyment,có đứa nào xem mà thèm đi biển như tao không ?,46,12,vui vẻ
Enjoyment,tài năng cho làng đua xe đạp tương lai là đây chứ đâu ✌✌,56,14,vui vẻ
Enjoyment,"các bạn xem phim cậu bé đặc biệt , luôn nhé . phim có diển viên này tham gia nói về cách giáo dục con cái cực hay . chúc các bạn xem phim vui vẻ",144,36,vui vẻ
Enjoyment,"per đọc vài dòng là lướt xuống cuối để xem có phải "" hi vọng câu chuyện mình vừa bịa ra ...."" nhưng không phải . kkk",116,27,vui vẻ
Enjoyment,đây là câu khuyến mại điểm :),29,7,vui vẻ
Sadness,nghe lại bài này thấy chột dạ vãi,33,8,buồn
Enjoyment,"nói chung thánh này không ai ghét được , trừ hlv kkk , dễ thương gắp trăm thằng pogba ,,, mong cho thằng đó nhanh biến khỏi mu",126,28,vui vẻ
Sadness,đi chơi xong về cũng buồn như chó cắn tiếp thôi,47,11,buồn
Fear,haha mắc cười quá ... nhưng thật chúng mày là tao rất sợ rắn ...,64,15,sợ hãi
Enjoyment,dễ thương kinh khủng . bởi vậy mới nói mấy đứa yêu nhau là lầy nhất,67,16,vui vẻ
Surprise,tây cũng lầy phết,17,4,ngạc nhiên
Enjoyment,thanh niên leo lên cao để theo dõi thời tiết để thông báo cho người dân đi cấy thật cảm động,92,21,vui vẻ
Other,bao năm giải phóng như thế này phải không anh,45,10,khác
Enjoyment,vẫn nhớ ngày đầu . lần đầu em có cảm giác được che chở như vậy :))),67,17,vui vẻ
Disgust,"cưỡng hôn thì phạt 200 . lừa đảo , chiếm đoạt phạt nhằng 5 cu ( củ ).",69,18,khó chịu
Fear,bà mẹ nó @@ xem rùng con mẹ nó mình hơn cả phim ma .,52,15,sợ hãi
Sadness,"mình nhận thấy hình như ông ấy đang rất đau khổ , mà không thể or không muốn nói ra .",85,21,buồn
Fear,coi ảnh này nổi cả gai ốc,25,7,sợ hãi
Enjoyment,tao cười ỉa cho cái bọn ấy :))),31,8,vui vẻ
Disgust,"đúng rồi đấy , như thế là đang mắc chứng ảo tưởng sức mạnh",58,14,khó chịu
Other,sừng mọc hồi nào không hay,26,6,khác
Other,câu này thấy sai sai,20,5,khác
Other,não bằng đá . không cần phải đội nón,36,9,khác
Disgust,các bạn đéo biết được đâu vì các bạn đbh gặp thì lsao các bạn biết được mấy con mụ già đi mất dạy như thế nào . đm cậy mình già là muốn đi thế đéo nào cũng được ý . đi sai xong chửi người ta mới vãi chứ dume có ngày đâm vào người ta chết có ngày ở đấy mà già mồm . cứ kêu người ta lớn tuổi hơn phải thế này tno nhưng có lớn mà đéo có học thì cũng đéo là cái gì,360,91,khó chịu
Disgust,"cái thứ 2 mình thấy lạ lòn , bạn gái người ta ăn , quên chỉnh tóc . người ta chỉnh lại tóc dùm bạn gái mắc gì 2 đứa nó thái độ 😑😑",129,34,khó chịu
Disgust,"không chỉ bướng , mà còn rất lười :(",36,9,khó chịu
Enjoyment,"nói gì , em trai tao cắt tóc xong là tao đè nó ra chụp hình . cảm thấy nó cắt tóc xong là đứa nào chứ không phải em tao =)))))",126,32,vui vẻ
Enjoyment,đáng yêu vãi =))))),19,4,vui vẻ
Disgust,xạo xạo ... thằng cải suốt ngày bị nó dụ,40,10,khó chịu
Disgust,khi mày dốt ngữ văn nhưng vẫn thích nói những câu đạo con mẹ nó lý,66,16,khó chịu
Disgust,"học luật chưa mà nhắc sai về lí ? :3 , có cái nhà đấy là đường của nhà ông à :))",80,22,khó chịu
Other,kể mà nó biết cử độg vẫy vẫy nữa thì tuyệt con mẹ nó vời ??????,63,16,khác
Surprise,nhện to đến nổi chúng mày giật cả mình à :),43,11,ngạc nhiên
Disgust,cho dân nhậu đi lùa 1 hôm thì đến con tép còn đéo còn nữa là hùm đất :)),72,19,khó chịu
Anger,đù . bọn nuôi chó mà ve còn không bắt được cho nó thì đừng nên nuôi . bực,73,19,giận dữ
Enjoyment,bản thân quá hạnh phúc khi trong cs này rất . rất nhiều người mơ ước được như mình hiện tại . 😊😊😊,97,23,vui vẻ
Anger,gà này cho chó ăn mà . bọn mất dậy vì tiền nó giết chết dần chết mòn con nhà nghèo . địt bố bọn mắt dậy,103,27,giận dữ
Other,per cái mặt nhỏ đó gióng em :)) khi nghe tiếng súng,51,12,khác
Enjoyment,bài viết đọc rất sướng .,24,6,vui vẻ
Anger,dume dăm ba cái đứa lông còn chưa mọc đủ bày đặt thể hiện con cặc gì không biết . thêm bà cô giáo óc chó + lão chủ sân nữa,122,31,giận dữ
Surprise,"ngày xưa tự dưng mình được tận 8 , 75 ư =))))",45,12,ngạc nhiên
Sadness,gãy tay,7,2,buồn
Enjoyment,đợi nốt ván đã =)))))))),24,5,vui vẻ
Sadness,"nhớ quá , độ chục năm không đi soi ve rồi :((((",47,12,buồn
Enjoyment,t đã soi gương suốt ngày chỉ để gặp crush và ngắm nụ cười tỏa nắng của nó,73,18,vui vẻ
Enjoyment,per hồi đó mua điểm đại học nè 😂😂😂,34,9,vui vẻ
Anger,dume mất dạy,12,3,giận dữ
Enjoyment,nào chàng trai có nhiều tài hãy cho em gục ngã đi nào =)),57,14,vui vẻ
Disgust,nó chỉ là phép lịch sự . ngưng ảo tưởng nha nha,47,12,khó chịu
Anger,đm chạy ra xa mà viết đi 😈,26,8,giận dữ
Disgust,"thằng tàu hoả lái dở , thấy xe đậu thì đánh lái né ra đường ray thi đâu có va chạm hư ô tô",90,24,khó chịu
Enjoyment,người ta thôi chứ vợ mình là số 1 . mình chưa bao giờ chê . 😍😍😍,63,17,vui vẻ
Enjoyment,"mê chơi lọt cóng nè , nhìn vẻ mặt hp của nó mình cũng thấy vui theo",67,17,vui vẻ
Enjoyment,"và cứ mỗi lần mày muốn thấy crush cười , mày lại chạy lại cái gương",67,16,vui vẻ
Disgust,kinh dị vãi,11,3,khó chịu
Anger,mẹ cái lũ thầu nấu ăn cho trẻ con . ai cũng bảo chúng mày nấu 1 năm có có hàng tỉ tiền . mẫu giáo còn hại được thì cấp 1 tha gì .,129,35,giận dữ
Enjoyment,per sau này con bư lớn cũng vậy đó mẹ hahaa,43,11,vui vẻ
Enjoyment,phim hay vãi ra . đến giờ vẫn thấy mình giống bạn ma nữ quá trời 😂😂😂,68,17,vui vẻ
Enjoyment,per nuôi đi anh còn kịp chả già mất 😂,37,10,vui vẻ
Enjoyment,per thông minh là đây chớ đâu,29,7,vui vẻ
Fear,t đã cố tình che mặt nhưng vẫn giật mình,40,10,sợ hãi
Fear,sư tử chứ dễ thương q . q gì,28,9,sợ hãi
Disgust,"mưa sấp mặt , về đi",19,6,khó chịu
Disgust,nhìn biến thái kinh khủng .,27,6,khó chịu
Enjoyment,tầm tuổi này . họ không còn những áp lực cuộc sống nữa . mà chỉ còn thứ tình cảm gắn bó với họ từ những ngày khó khăn nhất . ngưỡng mộ và ước được chút phúc đức của ông bà,171,42,vui vẻ
Disgust,sếp như nào nữa còn sếp tôi thì như lònnnnnnn,45,10,khó chịu
Anger,per tao nói rồi nha địt con mẹ mày,34,9,giận dữ
Other,bình tĩnh vô cùng,17,4,khác
Enjoyment,haha . dễ thương gê 😊😘😘,23,6,vui vẻ
Other,thiết bị này mua như nào nhỉ,28,7,khác
Sadness,cậu bạn mẫu giáo năm ấy chép bài cho tao để tao khỏi bị thẻ tay giờ đang nơi đâu ???,84,21,buồn
Sadness,thật là một câu chuyện buồn 😌,29,7,buồn
Sadness,ng dân biết phải làm sao bệnh chồng bệnh,40,9,buồn
Fear,em đừng đi tập gym em nhé . bth em đã mê trai lắm rồi . em mà đi tập nữa chị không biết em như thế nào luôn 😢 per,113,31,sợ hãi
Fear,nếu là tao thì nhảy cẩng lên chuẩn mẹ rồi :)) má nhìn trong hình tưởng ma thật ở ngoài đéo biết như lào luôn ớ,110,26,sợ hãi
Disgust,"con yêu nghiệt , tỏ cái vẻ đáng thương còn ăn vạ =)))",53,13,khó chịu
Other,cuộc tình ngang trái của nhà tớ đây ??,38,9,khác
Sadness,"thấy bình sữa của em thấy ham quá , chị sinh em bé chả có sữa gì hết .",70,19,buồn
Enjoyment,"úi sời , gần chỗ mình này",25,7,vui vẻ
Enjoyment,vừa sếp vừa đồng nghiệp tốt thì đi làm như là đi chơi 💃 bonus 6h chưa hẳn đã muốn về,84,21,vui vẻ
Enjoyment,"tao toàn thế giận tao tao dỗi lại , lại phải dỗ tao . hahahaha",62,15,vui vẻ
Enjoyment,per vui quá .. đi dạo được ven hồ rồi 🙂,39,11,vui vẻ
Enjoyment,per cảm ơn tôi đi . thấy tầm quan trọng của máy chém gió chưa,61,15,vui vẻ
Other,cấm đỗ là việc của công an,26,7,khác
Anger,"tao ước gì gặp được cái thằng chế ra con xe lead , tao sẽ tán cho nó sấp mặt luôn . 😒 còn video này tao hóng mãi lúc nó so ... mà đéo thấy haha",143,37,giận dữ
Enjoyment,nghe nguồn tao biết được độ chân thực của câu chuyện rồi 😂😂😂,60,13,vui vẻ
Disgust,"mấy thành phần không chấp hành luật giao thông cứ phải thế này . cơ mà thằng này gà thật , tạt mẹ vào quán nước mà ngồi uống chứ làm gì phải dắt xe khổ thế kia",159,38,khó chịu
Enjoyment,per giải trí =))),17,4,vui vẻ
Enjoyment,< 3 chuyện lạ có thật :))),26,7,vui vẻ
Enjoyment,cười vô mặt,11,3,vui vẻ
Other,cuộc sống mà .. ghi không được thì thôi . sao mấy bạn chửi người ta dữ vậy,74,18,khác
Enjoyment,per kỉ niệm nhất là những ngày trốn học cùng nhau đi xem phim 😂😂😂,65,15,vui vẻ
Sadness,đau bụng quá ự ự,16,5,buồn
Enjoyment,lợi ích của việc giữ vững quan điểm 😄,37,9,vui vẻ
Sadness,thế này mà mày vẫn còn buồn thì ...,35,9,buồn
Disgust,thấy mà nhớ lại quá . lúc còn sinh viên . di làm thêm ở quán kara . đm tụi nó tổ chức sinh nhật . rồi bày ra trang trí để tỏ tình . rồi quà bỏ xốp hột không trong đó . vừa xốp . vừa đèn cầy . vừa kim tuyến . bia . đồ ăn đồ . làm buổi có 40k mà dọn đúng là như thèn này chửi . dọn mún lòa lozzz ra lun . ức chế lắm,313,84,khó chịu
Other,sáng nay tao mới thấy 2 con này đi cùng,39,10,khác
Enjoyment,bạn trai tao đéo biết giận dai nên không phải dỗ,48,11,vui vẻ
Surprise,tại sao lại phải che mặt vậy,28,7,ngạc nhiên
Sadness,án mà cứ xử như vậy thì sao có được lòng dân,44,12,buồn
Disgust,thế tao mới quyết tâm tìm ra facebook thật của nó để no hết đường lừa các em mới lớn đó,87,21,khó chịu
Fear,sợ ngỗng còn hơn sợ chó :))),28,7,sợ hãi
Disgust,"vậy thì tao sẽ ước mơ là các nhà thơ đừng bao giờ xài ẩn dụ , chơi chữ :) đã ngu văn còn bắt phân tích thấy mẹ luôn",115,30,khó chịu
Enjoyment,nhiê ̀ u biê ́ n đô ̣ người kha ́ thu ́ vi ̣ =)),48,16,vui vẻ
Sadness,"thương tra ̀ o nươ ́ c mă ́ tao ... cuô ́ i cu ̀ người thi ̀ ban la ̃ nh đa ̣ o bă ́ c ninh đa ̃ lên tiê ́ người giu ́ p đơ ̃ ca ́ c be ́, du ̀ qua ́ muô ̣ n @",159,54,buồn
Other,lấy giẻ lau xong vắt chắc cũng được nửa,39,9,khác
Enjoyment,ngày xưa mừn cũng hay thế lắm .,31,8,vui vẻ
Other,chắc nó se lạnh thì đừng hỏi tại sao thằng kia lấp nhíp sưởi ấm cũng không thấy .,81,19,khác
Sadness,phận làm trai nào sung sướng gì 😂,33,8,buồn
Enjoyment,"hôm nay ai có vàng bán hết đi , tuần sau mua lại , lời vãi .",60,17,vui vẻ
Other,kính thủy lực là kính gì bạn ơi,31,8,khác
Sadness,chưa bao giờ được nge câu này 😞,31,8,buồn
Disgust,nam chính người nào cũng bị bệnh tự luyến nữa :))))))),54,11,khó chịu
Enjoyment,"cũng chuẩn , giờ khởi nghiệp vậy phá sản chỉ mấy tháng đầu",58,13,vui vẻ
Disgust,chỗ tao lắm đứa khó chịu vãi,28,7,khó chịu
Disgust,"tất cả là do chính sách sai lầm của những người đứng đầu tỉnh sơn la . tsb cao su nó phù hợp trồng ở cao nguyên + nhiệt đới nắng lắm chứ lên tây bắc lạnh giá + sương muối thì cây cao su làm sao nó sinh trưởng tốt và hợp khí hậu được mà chả trắng tay :))) còn cả cây cafe đang được trồng ở sơn la , điện biên nữa sớm muộn gì những người dân trồng hai loại cây này cũng nhận trái đắng trắng tay thôi",397,93,khó chịu
Enjoyment,quá giỏi . đạp đến ngất đi mà không quay đầu . sau này em sẽ thành công . chắc chắn vậy,87,22,vui vẻ
Disgust,vừa đi về ?? mưa sấp mặt,24,7,khó chịu
Enjoyment,bài viết hay quá !,18,5,vui vẻ
Enjoyment,gì cũng được ?????? dễ vãi,26,6,vui vẻ
Other,đã năm 2000 . người ta cho mượn 200 tr rồi .. từ đó về sau nhà người ta có cần 25 tr / tháng hay không ???,106,28,khác
Enjoyment,ôi cháu taooo =)))),19,4,vui vẻ
Other,nó chỉ muốn chén mày thôi . thật đấy,36,9,khác
Anger,"cô giáo ngu bỏ mẹ , xong được bầy hãm lòn trẻ trâu này nữa , kia là em tao , không biết tao sẽ làm gì bọn khốn nạn này nữa :))",126,33,giận dữ
Sadness,haizzzz đó là 1 câu chuyện khá bùn,34,8,buồn
Disgust,"chồng này chắc cú có gai ah , mặc quần đéo gì vậy",49,13,khó chịu
Enjoyment,"haa ... haa ... ! đúng là có thay đổi lớn ! ngồi nhâm nhi ly cafe , phì phèo điếu thuốc nhìn thiên hạ cũng vui kkk ... !",120,30,vui vẻ
Sadness,nhưng nó cười với đứa khác không phải mày .... 💔,48,11,buồn
Sadness,per anh ơi đừng gym nữa . boxing là đụ rùi :((,46,12,buồn
Enjoyment,đừng có thấy 6 múi mà ham nha nha 😂😂,36,10,vui vẻ
Other,thật ra mấy đứa bị chửi nhiều thế này ra đời lại biết cư xử hơn những đứa khác .,80,20,khác
Anger,muốn nói bậy ghê :)))) nuôi con chó mà nuôi ra vậy . vừa ôm vừa bị ve,69,18,giận dữ
Enjoyment,- mấy bạn đừng có đổ mình nữa nha 😞😞. mình ngại lắm 😞🤣,54,14,vui vẻ
Enjoyment,tại sao anh cứ mất công giận dỗi trong khi người xin lỗi vẫn là anh =)),71,17,vui vẻ
Enjoyment,chúc mừng các anh . các anh giỏi quá . chuc các anh mạnh khỏe .,63,16,vui vẻ
Enjoyment,per hóng phim này dụ dỗ mọi người xem tiếp nè anh :v,52,13,vui vẻ
Sadness,ngày chủ nhiệm cu nhà mình cô nhẹ nhàng nết na lắm mà ! giờ thì sao cô lại hành xử như vậy chứ ! thật buồn !,108,28,buồn
Enjoyment,"nhớ hồi euro 2012 rực sáng trong màu áo tuyển ý , ghi mấy bàn mà bàn nào cũng thấy phê .",88,22,vui vẻ
Enjoyment,đáng yêu vại trời,17,4,vui vẻ
Disgust,kéo nhau ra toà ly hôn tự nhiên béo ngành thuế,46,11,khó chịu
Sadness,ai sẽ cùng tôi mang nỗi đau này cơ chứ,38,10,buồn
Disgust,ngu thì mới đi vào phủ dầy nhé chứ chợ đâu đến mức như vậy ??????,65,16,khó chịu
Other,sĩ diện không nội mũ và cái kết dắt xe hết mẹ đoạn đường,56,14,khác
Sadness,"vietcombank 1 tháng trừ hết 22k phí inter với mobile banking , dù tháng đó kau chả xài tới cái nào :((",102,22,buồn
Sadness,nói thật gia lai nói riêng tây nguyên nói chung xưa nhờ vàng đen '' hồ tiêu ' và vàng trắng ' cao su ' mà người dân có dư cái ăn cái mặt bây giờ thì thua rồi bỏ đi tứ xứ .. một thời,181,46,buồn
Anger,đúng rồi . trái tim thảo mai này dễ rung động lắm nên các anh hay cả các chị và các bạn đừng thả thính em . em đập cho 😭,120,31,giận dữ
Other,nhưng nó lại đéo thích :>,25,6,khác
Disgust,ngu thì chết thôi,17,4,khó chịu
Sadness,nói chung là ai nào buông tay thì người chết vẫn là mấy đứa con gái như tao 😭,77,19,buồn
Disgust,nhớp nhúa,9,2,khó chịu
Disgust,"muôn đời không khá được vì cái thói tham vặt , tham lam vô đáy việt nam ạ",73,18,khó chịu
Fear,"ngày xưa đi học gần trường có bày ngỗng , hôm nào nó cũng cà khía rượt tụi học sinh chạy sấp mặt luôn",101,24,sợ hãi
Sadness,sao lại bất công thế,20,5,buồn
Disgust,nó đi theo gái thì co,21,6,khó chịu
Sadness,là gặp đúng người nhưng lại chẳng đúng thời điểm . cuối cùng vẫn là chúng ta bỏ lỡ nhau 😥😥😥,91,21,buồn
Disgust,chuẩn khi người ta gặp nạn không lo cứu đứng lấy dt ra quay rùi đăng kẻ đó mới là người cần lên án,98,24,khó chịu
Sadness,chia buồn cùng nước pháp .,26,6,buồn
Disgust,con nhà mất dạy,15,4,khó chịu
Other,sau này mình có được như vầy không nhỉ 😊,40,10,khác
Fear,1 % kìa rồi ra cổng gọi thế nào :)),35,10,sợ hãi
Enjoyment,lúc dỗi thì càng dễ thương hơn,30,7,vui vẻ
Sadness,hình vui mà sao đọc lại muốn khóc nhĩ ...,41,10,buồn
Enjoyment,cách tạo nghiệp chướng nhanh và hiệu quả :)),44,9,vui vẻ
Sadness,trông mặt buồn chưa kìa per :(,30,7,buồn
Other,giá như anh được ào rơi về quá khứ ....,39,10,khác
Sadness,tao thì muốn là đéo bao giờ . nhưng mẹ tao thì muốn ngay bây giờ 😢,66,17,buồn
Other,đã tới tuổi thay đường ray rồi mà không thay,44,10,khác
Fear,chuột mà làm như người vậy .. ít hôm nó gặm cả rắn cả dây thì thấy mẹ ..,72,19,sợ hãi
Other,cái quần tà lỏn xanhhhh,23,5,khác
Other,thật tình mà nói cao su phát triển đất đồi là sai lầm .,55,14,khác
Other,mấy bé đừng tưởng giận lại là ngon ạ :v có khi giận lại xog nó giết luôn đấy :),79,20,khác
Other,per mốt mua son anh sài luôn,28,7,khác
Anger,"per bất hạnh thật tao với mày mua bánh ăn chung đi , cóc cần gấu 🤨",66,17,giận dữ
Sadness,tội quá ! nuôi mà không chăm sóc,32,8,buồn
Disgust,không phải ai cũng vậy nên đừng thấy mập rồi tưởng mình hát hay 😌,65,15,khó chịu
Anger,bao giờ mua bánh tặng gấu thì tao mới mua nhá . ở đấy mà chê tao bất hạnh,73,19,giận dữ
Fear,rất nguy hiểm nhé nhảy không qua là xác định dập mặt,52,12,sợ hãi
Anger,đm nhà bà . con gái người ta nuôi lớn không báo đáp được gì đã về làm dâu nhà bà . nó lấy chồng chứ có làm giúp việc cho nhà bà đâu mà hành hạ nó thế .,151,40,giận dữ
Fear,"xã hội thật phức tợp , huhu . không muốn sống chung loài người nữa , tao về núi đây",83,20,sợ hãi
Sadness,đã khóc . cha mẹ là người luôn yêu thương minh nhất,51,12,buồn
Disgust,không lo chạy bo đi còn tạo sấm sét doạ người lứa,49,12,khó chịu
Enjoyment,ngày xưa đi học đạp xe qua cứ tưởng được quay phim đưa lên truyền hình :)),74,17,vui vẻ
Disgust,lừa cả tỉ đồng mà đóng phạt 5tr :)) thế này thì răn đe cũng,59,15,khó chịu
Enjoyment,hay qua hoc theo cho vui,24,6,vui vẻ
Disgust,bụng công nhân thành hố chôn lợn dịch,37,8,khó chịu
Disgust,tươi ngon sạch sẽ thì đéo thích ăn . cứ thích ăn cút trâu cứt bò,64,16,khó chịu
Enjoyment,đáng yêu vậy =))),17,4,vui vẻ
Sadness,"per lại nữa , tao dg suy nghĩ có nên đi bằng rap về không",57,15,buồn
Fear,nhìn sợ vãi ra,14,4,sợ hãi
Other,"bởi vậy , nên tỏ ra là 1 người không cảm xúc",44,12,khác
Sadness,cả 1 đời người chẳng mong gì chỉ mong từ đây đến phút cuối vẫn có người không quên mình đã từng tồn tại,103,24,buồn
Anger,coi mà lộn ruột .,17,5,giận dữ
Enjoyment,a per doi dap rat tuyet voi . chuc anh thanh cong trong vu nay .,64,16,vui vẻ
Enjoyment,dân kinh doanh khoái đi chợ này lắm nè,38,9,vui vẻ
Sadness,tiếc cho mối tình ấy ....,25,6,buồn
Surprise,nhanh bất ngờ đấy,17,4,ngạc nhiên
Enjoyment,tao cũng phải về mở cho mẹ tao coi 😂😂,37,10,vui vẻ
Enjoyment,hơi bị nhanh trí :)),20,5,vui vẻ
Enjoyment,giun này mà xào thêm ít xả ớt thì tuyệt cú mèo 🤣,48,13,vui vẻ
Enjoyment,cưng xỉu ??,11,3,vui vẻ
Disgust,"ngày trước cái thằng ngồi cạnh nhờ nó né cái mông để lấy cái bút dưới bàn nó nó đéo né . cuối cùng nó phải lên phòng ý tế băng đầu ( lớp 1 🤣) "" tôi đã nợ chàng trai ấy một cái "" đập đầu "" ""🤣",190,50,khó chịu
Disgust,êu tự ý đụng chạm vào người khác đã là vô duyên hãm lồn rồi . nhất là con gái . bọn này ý thức như đách lol,107,28,khó chịu
Sadness,nhớ tới mối tình đơn phương !,29,7,buồn
Fear,dã man quá ..,13,4,sợ hãi
Disgust,"nhẹ tay quá phải hơn nữa , may mắn là nó chưa cắn ai hay làm gì ai",66,18,khó chịu
Sadness,per ly trà sen của anh đem qua có ngày nó thành như v đó 😭😭 hức hức ...,71,19,buồn
Anger,chẳng bù tuổi thơ tao đi học toàn gặp mấy thằng ông nội mắc thần bố . gặp mặt tao là đánh với bắt nạt tao có trò mới là bắt tao ra thử trước bà mẹ nó :))) cái phường bất lương,175,43,giận dữ
Enjoyment,per my nè kkk,13,4,vui vẻ
Other,may không có ai trong nhà,25,6,khác
Other,ngồi ăn mà 3 đứa cứ nhìn châm châm thế này sao nuốt nổi ??????,62,15,khác
Other,có gì vui không nhỉ,19,5,khác
Enjoyment,gắn bó thời sinh viên nè,24,6,vui vẻ
Disgust,"thôi mày đừng saolol , hoang tưởng thâm niên à , nó mở mồm ra cái là nó đào cả họ hàng mày nên nó chửi cho biết mặt . nhìn lằm nhìn lốn 😒😒",138,35,khó chịu
Enjoyment,"haha dần dần phải kiềm chế , khắc phục sẽ không đáng sợ không bằng vũ lực hành động mà nói đâu chết đó :)) kaka",111,26,vui vẻ
Sadness,vì mình chỉ là giờ giải lao trong một hiệp chơi chính của họ,60,14,buồn
Fear,sợ thế,6,2,sợ hãi
Enjoyment,hihi mắc cười quá,17,4,vui vẻ
Enjoyment,"per anh không nặn đi , mai mốt nó sẽ chaii dầy nè hihii :)))",60,15,vui vẻ
Other,bn tao vẽ đẹp vãi nhưng nó lại mắc bệnh lười nếu nó vẽ thì nó sẽ vẽ he .. n .... tai :v,87,24,khác
Disgust,đi chơi còn bỏ quên cả não ấy,29,8,khó chịu
Fear,hú hồn chim én :) nào làm ra này chắc cũng ngáo dữ :) chắc add không sợ nhện :),79,20,sợ hãi
Enjoyment,yêu dã man kkk,14,4,vui vẻ
Disgust,"đất nước bao nhiêu khoản phải tri trả , nhưng phải trả cho một đám cổ động viên quá khích thì quả là không đáng , các cụ đã bảo mọi sự ngu dốt đều phải trá giá bằng tiền mặt , bảo dân trí thấp lại tự ái :))",206,50,khó chịu
Other,"chỉ là nghe bạn nói , chẳng thấy bằng chứng đâu",47,11,khác
Anger,"hành nó đưa đèn ông sao lên nữa chứ , ác vãi , ta nhớ lại còn cay ?",67,19,giận dữ
Surprise,đẹp trai mà bị đá à =)),23,7,ngạc nhiên
Sadness,kiểu định share vì thấy tinh thần khá hơn nhưng đọc bình luận xong kiểu nhiều đứa còn tiêu cực hơn mình :<,106,23,buồn
Other,đắt quá thôi không ly hôn nữa,29,7,khác
Disgust,thôi tốt nhất đừng có diễn . nể nhất mấy bố giả vờ khóc xong ôm ôm lợi dụng rờ mông con gái nhà người ta,104,26,khó chịu
Fear,"gặp cái này "" sun "" mẹ nó vào ... :))",37,11,sợ hãi
Fear,"chuẩn . tao mà chơi hoặc làm việc cùng bọn con gái tính công chúa một thời gian thì tao ngày nào cũng sờ troét , sau đó bị trầm cảm .",133,32,sợ hãi
Sadness,bé có năng khiếu làm cô giáo dạy văn ... nghe thì nghĩ tục nhưng đời thường là có thật ... bác nghe thấy đồng cảm với các cháu,126,29,buồn
Disgust,nhưng mà người khác nhìn vào bảo thế là lẳng lơ,47,11,khó chịu
Other,nhìn 2 đôi giày đó mà nói 1967 .... thôi thôi !!!!,50,12,khác
Other,chẳng ai biết và riêng mình càng không muốn biết !,50,11,khác
Enjoyment,"per đoạn thằng kia tán trái sầu riêng , không trượt phát nào 🤣🤣",63,14,vui vẻ
Other,đấm cho liên tục vào mồm đéo trượt phát lòn nào cả =)),54,13,khác
Disgust,bài lồn đó nghe hãm vãi đéo hiểu sao lại thích,46,11,khó chịu
Surprise,per giống câu chuyện anh kể hôm bữa qua ha ... con chó này 3 lanh thiệt ak ...,78,19,ngạc nhiên
Anger,bạn khốn nạn,12,3,giận dữ
Sadness,t mới tính tới bước thất bại chưa tính tới thành công :)),57,13,buồn
Sadness,còn buồn hơn là cố quan tâm thế nào họ vẫn không hề rep lại,59,15,buồn
Sadness,h chỉ pk nhìn họ bên người khác :((,35,9,buồn
Sadness,tao cũng vậy nè . lắm lúc đi với chồng mà cứ hỏi bên này bên phải nhỉ bên này bên trái nhỉ . mệt mỏi,100,26,buồn
Disgust,"66 năm không làm việc nhà giúp vợ hoặc có làm thì cũng phát được , phát không",77,18,khó chịu
Enjoyment,buồn cười 😂😂,12,3,vui vẻ
Enjoyment,cãi tay đôi luôn hahhaa,23,5,vui vẻ
Enjoyment,cứ mỗi lần cắt tóc xong tao lại thấy biết ơn bố mẹ vì đã sinh ra tao đzai vãi :))),82,21,vui vẻ
Other,buồn nào rồi cũng sẽ qua chỉ có buồn ngủ không tha ngày nào thôi,64,15,khác
Enjoyment,per =))))) đúng kiểu sáng tạo :)),33,7,vui vẻ
Disgust,"cắt cái tai vứt mẹ cho rồi , gớm chết mẹ",40,11,khó chịu
Sadness,"ai nói kết có hậu , đầu khấc mất vợ tương lai kia kìa",53,14,buồn
Disgust,"hồi trước nghe câu : "" gái ham tài , trai ham sắc "" nên cố học hành cho nó ham , ai ngờ giờ mới biết nó ham tài sản chứ không phải tài năng .",141,37,khó chịu
Fear,thế giới này thật đáng sợ :3 trả đĩa bay cho tôi về đi :3,57,15,sợ hãi
Disgust,per đã thích phá game còn thích hổ báo,38,9,khó chịu
Other,"thật ra nó không quên đường về nhà đâu , nó muốn đi bụi thôi",60,15,khác
Sadness,t có 2 con bạn thân nó thì cao trọc trời còn tao thì ... . buồn,63,17,buồn
Disgust,đmm cái quần ngàn thu,21,5,khó chịu
Other,per bài của anh luôn nè,23,6,khác
Other,nhưng liệu như vậy sẽ dễ dàng để người khác xen vào không :),60,14,khác
Anger,xin lô ̃ i chư ́ tao te ́ ma ̀ thă ̀ người lz camera quay câ ̣ n mă ̣ tao như thê ́ thi ̀ tao đe ́ o đa ́ không đâu,115,36,giận dữ
Enjoyment,em này xinh vãi các bác ạ .,27,8,vui vẻ
Other,thì ghi bằng tay phải cho nhanh,31,7,khác
Enjoyment,đáng iêu vãi =]],16,4,vui vẻ
Surprise,anh tây nói tiếng việt giỏi thiệt .,35,8,ngạc nhiên
Sadness,có người đến gần cuối đời rồi vẫn còn khổ ! :(,46,12,buồn
Anger,mày xuống thì xuống mẹ mày đi . ngứa cả mắt 😩😩😩😩😩,49,12,giận dữ
Enjoyment,phim này hay dã man luôn - có ai biết phim nào kiểu dạng này nữa o 😍😍😍,70,18,vui vẻ
Disgust,"dume về bố lại táng cho bờm đầu , có thể là lần cuối được đi xem đá bóng của cháu nó :))",88,23,khó chịu
Disgust,làm như đứa con gái nào cũng ham tiền . gái tốt thíu gì,55,14,khó chịu
Other,"khuyến cáo "" đừng nên học võ khi không có tiền mua dụng cụ "" per",64,16,khác
Disgust,hết muốn ăn luôn,16,4,khó chịu
Enjoyment,vợ chồng đã hiểu và sống tốt . thì với tôi ngày nào cũng là ngày tao / y .,74,20,vui vẻ
Anger,gặp bố bố tung phát chụp cây dù bố xiên cho cái đừng hỏi sau tức nước thủng mắt,79,19,giận dữ
Disgust,tha cho cô chú đó đi,20,6,khó chịu
Enjoyment,"những người trẻ với tấm lòng nhân hậu , các bạn thật đáng yêu .",63,15,vui vẻ
Enjoyment,nghe cũng đúng đúng :)),23,5,vui vẻ
Enjoyment,chuẩn,5,1,vui vẻ
Anger,"trung thu là tết thiếu nhi , yêu đường gì liên quan ở đây .. gấu với chả bò",75,19,giận dữ
Enjoyment,waooooo . hợp lí ghe,20,5,vui vẻ
Sadness,nhìn thôi đã đau lòng,21,5,buồn
Other,ở miền nam nó vẫn không được giá như trước nhưng cũng dư giả,60,14,khác
Fear,per sợ nhện đúng không :)),26,6,sợ hãi
Other,per sau khi cưới,16,4,khác
Anger,"per bắt được chắc nó mềm xương , chơi mất dạy 😔😔",48,12,giận dữ
Disgust,con này không có cái quần nào mặc cho đàng hoàng 🤦‍♀️,53,12,khó chịu
Fear,mấy nay tao cũng bị ám ảnh,26,7,sợ hãi
Sadness,"có lần tao thổi cơm không đổ nước lúc khét mở vung ra mới biết , làm đánh đít xong cả tiếng trời không hết",106,25,buồn
Enjoyment,nhưng đảm bảo coi cái nào là cười sặc cái đó :)) vì nó diễn tệ đến nỗi nó hay,77,20,vui vẻ
Other,"đúng rồi , tưởng vậy nhưng hóa ra không phải ...",48,11,khác
Enjoyment,dăm ba cái nồi này sao nấu ngon bằng cơm điện nhà tao được . kaka,65,16,vui vẻ
Disgust,"phải người vô ý thức , đành rằng người ta làm kiếm tiền nghề gì cũng là nghề mình phải biết tôn trọng người khác , có tôn trọng người thì người mới tôn trọng mình . kể cả người ta đi ăn xin mình cũng cho đoàng hoàng chứ không thể cầm tiền quăng cái víu vào người ta được",270,61,khó chịu
Disgust,rồi các em cũng ăn cứt thôi :)),31,8,khó chịu
Fear,ukm . nguy hiểm thật :'<,24,6,sợ hãi
Disgust,quá độc ác,10,3,khó chịu
Sadness,per tao đã làm cho mày đau lòng nhiều lắm ư 🤔,45,12,buồn
Disgust,đi tù thôi các cháu,19,5,khó chịu
Disgust,"ghê tởm , ông thầy đó 🙄",23,7,khó chịu
Other,"mày đúng là nên gặp bác sĩ tâm lý , và hoàn toàn nghe theo bác sĩ",65,17,khác
Fear,đm tao biết trước cả sự việc kiểu lìn gì cũng có nhện nhảy lên màn hình . vì mấy năm trước cũng có 1 thể loại giống như vậy . đm hú nhồn,136,34,sợ hãi
Other,đôi khi công việc không áp lực .... nhưng chính môi trường làm mọi thứ trở nên áp lực,85,19,khác
Anger,hỏi lồn gì lắm thế,18,5,giận dữ
Surprise,bài này hay quá,15,4,ngạc nhiên
Sadness,hồi đó tao lấy cái đó kẻ tập luôn kiểu làm màu mè cho đẹp xong lên trả bài bị bà cô trừ điểm ????,97,25,buồn
Anger,"giơ cao đánh khẽ , cảnh cáo cho có lệ",37,10,giận dữ
Enjoyment,tao thầy mày cười hí hửng vại mà ?,34,9,vui vẻ
Sadness,gần 1h đêm là con trai mà xem xong nói chuyện mắt vẫn rỡi 😔😔,60,15,buồn
Sadness,mới có 3 năm thôi mà ... vậy mà chúng ta còn không tụ họp được lần nào cả,73,19,buồn
Disgust,những người như thế này tử hình,31,7,khó chịu
Enjoyment,ngôn tình từ anh mà ra,22,6,vui vẻ
Disgust,đm phí hết sức :((,18,5,khó chịu
Sadness,🙁 bị rớt tiền,13,4,buồn
Disgust,"tôi kể các bạn nghe 1 chuyện có dính 1 tý với caphe tn : chuyện thế này ba vợ tôi có 1 người bạn rất khó khắn nghèo và đang trốn nợ , ba tôi cho ông chiếc xe máy củ để đi xe ôm . vợ chồng ông bạn này bỏ quê trốn nợ lên tây nguyên làm công cho nhà máy caphe tn trong 4 năm học được nghề làm caphe và sáng lập caphe tuấn kiệt caphe công thức y chang tn bán hợp lý hơn ! ngày nay ông chủ tuấn kiệt đã là 1 đại gia có nhà máy ở sốc trăng , ông ấy đi tìm và trả nợ từng người ơn của mình ! mổi lần ba tôi lên sg ông đều cho xe tới mời ba tôi đi ăn nhậu ! trong lúc ngà ngà ông ấy nói "" em chả bao giờ uống caphe của em làm , tn cũng vậy "" thế đó",640,164,khó chịu
Enjoyment,mong mai sau cũng được như ông bà,33,8,vui vẻ
Disgust,nó ngáo đá . nay nó leo cột điện . mợ cứu nó xuống mai nó làm vài mạng người,76,20,khó chịu
Sadness,nó cười với người khác chứ * beep * phải tao :((,48,12,buồn
Enjoyment,xem lại quá nhiều lần đến nỗi không nhớ nổi . vì phim quá hay và ý nghĩa .,74,19,vui vẻ
Enjoyment,ahihi khá là buồn cười,22,5,vui vẻ
Enjoyment,t ngắm người yêu tao cười mà càng ngắm tao càng yêu lúc giận cơ nhìn muốn cắn cho mấy phát tao bị cuồng người yêu rồi cái,121,28,vui vẻ
Disgust,đừng có xàm lồn trên này,24,6,khó chịu
Anger,gặp tao tao thuê giang hồ tới chém hết cả nhà nó luôn,53,13,giận dữ
Anger,"địt mẹ mày viết lên chỗ nào nước đéo tới ấy , ngulon",52,13,giận dữ
Sadness,"những thứ tưởng chừng như rất đẹp nhưng kbh được trọn vẹn , cuối cùng để lại chỉ là những kỉ niệm đã từng :))",109,25,buồn
Enjoyment,"ba chàng ngốc , phim ấn độ , cực hài , cực cảm động và ý nghĩa nhé",66,18,vui vẻ
Enjoyment,"1 bộ phim phải nói trên cả tuyệt vời , xem đi xem lại cả chục lần rồi mà không ngán",83,21,vui vẻ
Sadness,bây giờ tao lấy chồng rồi còn không có cơ hội ngủ với em gái 😫,62,16,buồn
Enjoyment,cái mặt cưng xĩu,16,4,vui vẻ
Enjoyment,per đây là chúng mềnh 🤪🤪,24,6,vui vẻ
Disgust,ngu như mày thì khỏe,20,5,khó chịu
Fear,không biết có ai ở trong ngôi nhà không,39,9,sợ hãi
Other,hình như cũng mới có vụ bể bình dâu tằm,39,10,khác
Sadness,tao bị biến dạng luôn một tay,29,7,buồn
Sadness,mai đi học mà mình quên cách cầm bút rồi huhu :<,48,12,buồn
Surprise,chời ơi gì vậy ở giây thứ cuối cùng anh em nha :))),51,13,ngạc nhiên
Disgust,nó chi ̉ muô ́ n tâm sư ̣ chư ́ thi ́ ch me ́ o đâu ma ̀ thi ́ ch,65,23,khó chịu
Sadness,per mỏi chân quái :v,20,5,buồn
Disgust,"đúng là không sợ địch mạnh , chỉ sợ chỉ huy ngu như bò",54,14,khó chịu
Disgust,về việt nam thì gọi nó là ngáo chó,34,9,khó chịu
Fear,per con nhện cản bước bé xuống cầu thang =))))),47,10,sợ hãi
Fear,cả 2 loại người này đều đáng sợ !,33,9,sợ hãi
Enjoyment,đm cười ĩa,10,3,vui vẻ
Enjoyment,per hôn nhẹ lên má nha 🤣,24,7,vui vẻ
Sadness,"có lần ba tao mua bánh kem sinh nhật cho tao , lúc đấy tao 13t nhưng khi ba tao mua về thì lại là 15t 😶",103,27,buồn
Enjoyment,con dựt gái đây sao hahaha,26,6,vui vẻ
Surprise,hot đến vậy cơ à ? mình chưa nghe bao giờ luôn .,48,13,ngạc nhiên
Sadness,"cả thế giới biết toau crush mày , còn mày thì íu nhận ra 😐",58,15,buồn
Disgust,vô ý thức,9,3,khó chịu
Disgust,"cưỡng hôn 200 nghìn , thu trăm tỷ phạt 5 triệu , đói trộm 2 cái bánh mỳ 45k phạt đi tù",86,22,khó chịu
Enjoyment,chính xác ! nơi làm việc anh em mà đoàn kết với nhau cỡ nào cũng thấy mau hết giờ làm . 😊😊😊,91,23,vui vẻ
Anger,phim cắt mất đoạn hay của manga rồi dume,40,9,giận dữ
Anger,đang ăn . nói nói con cặc 😒😒,28,8,giận dữ
Other,tôm này vào là nó diệt hết tôm bản địa luôn,43,11,khác
Sadness,"bởi vì anh đã gặp em đúng lúc , đúng lúc đó em đã có người thương ...",69,18,buồn
Enjoyment,tại sao phải đứng ngồi nhìn ? lên bankon cột võng nằm coi mới đã ..,67,16,vui vẻ
Surprise,"loại bi này ngon quá , vừa uống",31,8,ngạc nhiên
Sadness,10 đứa bạn thì có 9 đứa là con trai rồi . sau nhiều năm kinh nghiệm thì chơi với nhiều trai thì sẽ bị ế muôn đời muôn kiếp . haizaaa ...,136,33,buồn
Enjoyment,"xem đi xem lại không chán , best của best 😭",43,11,vui vẻ
Other,tán mãi mới đổ muốn chia tay cũng phải từ từ,44,11,khác
Surprise,"gấu của thằng da đen ngon vkl , mà công nhận chạy nhanh vãi",59,14,ngạc nhiên
Enjoyment,đag bị cuồng mấy video của chế này . ai có ngoài video này tag cho mình xem với nhé 😂😂,86,21,vui vẻ
Other,học rmit thì chắc chắn là gia phả nhà nó giàu vcd rồi . thế thì chọn thằng có tiền học bổng chứ còn gì nữa -)),110,27,khác
Disgust,tại sao không áp dụng khoảng 2 điều 320 luật hình sự 2015 phạt tù từ 3 - 10 năm về tội hành nghề mê tín dị đoan gây ảnh hưởng xấu đến an ninh trật tự và an toàn xh mà chỉ phạt con mụ đó 5 triệu đồng ? hay là vong đòi phạt hành chính 5tr thôi 😬,243,61,khó chịu
Other,per hình như nhà bác có 01 chiếc thì phải ?,43,11,khác
Disgust,soi mà không đủ tiền mua thì soi làm gì,39,10,khó chịu
Other,làm sao tôi có thể yêu được loài người đây ???,46,11,khác
Fear,trong nhà không biết có ai không nữa ? sập quả này sợ thật đấy,62,15,sợ hãi
Disgust,toàn lũ chó thèm khát,21,5,khó chịu
Other,per nhu cầu của mày khoái xem mấy video này nên tao tag mày,59,14,khác
Sadness,và cuối cùng là được đối xử như một thằng con trai luôn ..,58,14,buồn
Disgust,chỉ tại nó không có ai để nói chuyện nên nói chuyện với mày giết thời gian thôi . ai bỉu mày tưởng tượng chi,108,25,khó chịu
Surprise,sao nhiều thằng cưa bàn giống tao vậy ??,40,9,ngạc nhiên
Enjoyment,ngày trước mình qua singapore cũng vậy . dư hành lý 2 chi em mă ̣ c 4 bộ lên người kkk,86,22,vui vẻ
Fear,tuổi lồn hù được bố m,21,6,sợ hãi
Enjoyment,per kìa 3 chị em vào mà hốt hàng về đi chứ hâha,47,13,vui vẻ
Sadness,"ngày xưa có đĩa phim này . bố đi công tác về thấy cái đĩa tên là "" cô dâu 15 tuổi "" . má ăn chửi sấp mặt ...",108,30,buồn
Enjoyment,may mà còn gỡ lại được 1 miếng sắt lớn của tàu hỏa nó bung ra nên bán đi cũng đỡ được vài đồng . kaka,101,26,vui vẻ
Enjoyment,cười lộn ruột,13,3,vui vẻ
Other,chờ thằng kia lật mặt mãi không thấy,36,8,khác
Other,thật ra đàn ông ghen nhiều hơn phụ nữ đấy chứ,45,11,khác
Enjoyment,rất có tố chất . liên đoàn xe đạp việt nam có thể liên hệ để đào tạo được đấy,77,20,vui vẻ
Enjoyment,nhắn với người yêu còn đéo nhẹ nhàng như vậy =)),48,11,vui vẻ
Disgust,chơi khăm vãi thế ba,20,5,khó chịu
Sadness,tớ chỉ an ủi bạn í thôi mà :(,29,9,buồn
Disgust,cha mẹ cho ta cả cuộc đời rồi còn than gì nữa,45,12,khó chịu
Disgust,alo ở đây có thằng điên mày à . đến bắt nó hộ tao phát,54,15,khó chịu
Enjoyment,thích bài này lắm lun . thuộc lun,33,8,vui vẻ
Enjoyment,nhìn mày thế kia đến tao còn thích ngủ cùng huống gì em mày,59,14,vui vẻ
Enjoyment,"per hihi học ở đâu không quan trọng , quan trọng là bọn mình luôn có nhau hihi",78,18,vui vẻ
Other,lúc đi họp lớp thì đếu thấy ai,30,8,khác
Sadness,gặp em đúng lúc nhưng sao anh vẫn thấy mình cô đơn quá .,56,14,buồn
Other,mua được bộ đồ cho tết điệu đà tán gái mà như thế nào đây thì tán sao được,74,19,khác
Other,chua cay bùi ngọt mặn cái chả có .,34,9,khác
Enjoyment,nó lại dễ con ạ :v,18,6,vui vẻ
Surprise,chi tiết đẹp đấy,16,4,ngạc nhiên
Other,"đm đi học bị mấy con điên này đuổi cắn , dume vì nó mà tao sợ quá chạy té sấp mặt luôn trầy hết con mẹ nó tay chân . thứ dòng đỹ gì đâu á :))",141,38,khác
Other,"bếp lò xô nấu bằng dầu hôi đây mà ,!",36,10,khác
Fear,per dume đái trong quần,23,5,sợ hãi
Disgust,"người ta dùng kiến lá , ông lại dùng kiến cứt thì thua ông rồi",62,15,khó chịu
Sadness,rớt giá kinh khủng khiếp huhu,29,6,buồn
Enjoyment,mai đến phòng đi tập luôn,25,6,vui vẻ
Disgust,per bây giờ thì không nói nhưng mà cảm giác phủ nhận vai trò bà thảo ngày xưa . vl không chị đọc thấy viết khập khiễng quá :))),127,29,khó chịu
Enjoyment,aw giống tao vậy =))) mấy thứ linh tinh tao còn để nguyên vào 1 cái hộp bự cơ,77,19,vui vẻ
Enjoyment,🤣🤣🤣🤣 bo tay chấm cơm . hahaha,29,7,vui vẻ
Other,giờ mới biết,12,3,khác
Fear,cmt thế thôi chứ thật ra còn trả dám ấn vào video để xem . đời tao tởm nhất là lũ nhện mà hay gặp vãi :((((,107,27,sợ hãi
Anger,cái loại ngu si này nên nhốt nó tù chung thân lao động công ích cho nhà tù để giúp ích lại những cái nó đã phá hoại,115,28,giận dữ
Anger,mẹ con điên,11,3,giận dữ
Enjoyment,tuyệt vời . aeon mall có khác,29,7,vui vẻ
Disgust,loạn luân cũng được . đcm ạ,27,7,khó chịu
Sadness,tội cả con quá 😭😭 một lũ vô nhân tính đã hủy hoại những mầm non tương lai .,75,19,buồn
Enjoyment,là con bé con điên khùng và phiền vãi nhưng bạn vẫn yêu nó vãi chưởng :)))))),77,17,vui vẻ
Disgust,mịa thằng ghép nhạc :)))),25,5,khó chịu
Other,chợt nhớ câu hát ông bà anh yêu nhau thời chưa có xe hơi ...,60,15,khác
Disgust,thôi ctay đi chứ yêu con người như này chả chết vì bệnh mà chết vì vô tâm mất,77,19,khó chịu
Sadness,per người đừng hành hạ tuôi như thế nào nữa,43,10,buồn
Enjoyment,lạc quan lên cưng ❤,19,5,vui vẻ
Disgust,cách xử lý của cô chủ nhiệm quá tồi .,37,10,khó chịu
Other,bọn chủ tịch đến chưa chúng mày ?,33,8,khác
Other,giống tao nhưng tay trái tao có thẹo do mẹ tao xưa cắt trúng nên nhìn thẹo để phân biệt thôi chứ kêu phải ứng liền là không được,128,29,khác
Enjoyment,vào sg 50k / không cũng mua . 100k / không cũng mua ! ha ha,59,16,vui vẻ
Enjoyment,nó lại hợp lí vãi,17,5,vui vẻ
Disgust,"quỳ vậy thôi có gì mà phạt giáo viên nhỉ , riết phụ huynh giờ thấy làm quá đáng thiệt",85,20,khó chịu
Disgust,lớp tao tỉnh rụi . đi học chứ có phải đi chết đéo đâu mà khóc lóc :),68,18,khó chịu
Enjoyment,ngày xưa mỗi lần tao làm ồn là ngoại tao liền la hoặc lấy roi đánh 😅 nhưng lúc đó vui lắm 😊,91,23,vui vẻ
Sadness,"em cũng đi lead này , nhưng đừng gọi em là ninja được không , xin luôn đấy",74,18,buồn
Enjoyment,tự nhiên nhớ cái cảnh 2 con bánh bèo bị ngỗng dí quá 😅😅 per,59,15,vui vẻ
Fear,thề nhìn họ hôn nhau thôi mà nổi hết gai ốc . chưa dám nghĩ tới xxx . chắc thốn lắm . lạnh sống lưng thật .,107,27,sợ hãi
Enjoyment,dù s đi nữa thì mày vẫn xinh . cố lên,37,11,vui vẻ
Enjoyment,sài gòn vẫn có cách sống rất nhân văn .,39,10,vui vẻ
Disgust,đi ngoài đường trái phải còn không biết mà vẫn sống thì giỏi đấy nhỉ,68,15,khó chịu
Enjoyment,thật vi diệu,12,3,vui vẻ
Other,nuôi sao mà trông béo tốt thế kia :v chỉ bí quyết đi,52,13,khác
Disgust,agribank thì bình quân bao nhiêu nhỉ . mấy cán bộ agri thấy hách lắm .,70,16,khó chịu
Enjoyment,ly hôn kiểu này thì không cần tới bước cuối cùng . chỉ cần tới bước tính xem trả lại tiền mừng là tao bỏ ngay ý định ly hôn luôn rồi ... kkkk,141,34,vui vẻ
Anger,"nhìn mặt đã thấy hãm , mọi người chửi bỏ mẹ con mẹ phụ huynh đi",63,16,giận dữ
Sadness,mày không được ăn đồ chua nhưng phòng toàn xoài chua :(,55,12,buồn
Disgust,per bày đặt ngày hôm qua đã từng đồ,35,9,khó chịu
Enjoyment,sau khi bố xem video của con xong thì bố rút ra 1 điều . bố không chỉ chửi con lúc con cầm đũa mà bố sẽ chửi con cả ngày thân ái ... yêu con,140,36,vui vẻ
Sadness,có đứa nào hồi bé không biết nấu còn tranh làm rồi quên không đổ nước như tao không :))),88,20,buồn
Enjoyment,đỉnh của đỉnh 🙂,15,4,vui vẻ
Other,các bác cứ tích cực vào . em chả quan tâm,41,11,khác
Disgust,ở việt nam mà vác dao rạch tại chỗ thể này người nhà nó chả đấm cho sưng mõm rồi 🌝,82,21,khó chịu
Anger,"trung thu là ngày cho trẻ em chứ đéo phải ngày tạo ra trẻ em nhé . dume bọn có gấu tém tém lại , kiểm tra xem có thêm cái sừng nào không ?",138,35,giận dữ
Other,per tao nghĩ nên triệt sản mày,30,7,khác
Surprise,"rẻ nhỉ , sao có thể giảm tới mức đó vậy ta",42,12,ngạc nhiên
Enjoyment,"có rồi mà , nghén rồi nè hihi",29,8,vui vẻ
Other,qtrong là mày phải có tiền chứ nghèo xem,40,9,khác
Sadness,anh đừng bỏ em đi mà 😢,22,7,buồn
Enjoyment,người ghép có tâm 😁😁,20,5,vui vẻ
Other,per hôm nào chụp kiểu nhỉ .,27,7,khác
Sadness,"per bất hạnh vãi , mà tao với mày đéo tạo được niềm vui :v",58,15,buồn
Disgust,gu âm nhạc óc chó mới nghr cái bài này . toàn đú theo mấy cái thể loại hãm,74,19,khó chịu
Other,mỗi năm cũng xem lại đôi lần,28,7,khác
Enjoyment,per cảm ơn mọi người . do em thích mấy cái văn hoá tưng vùng để tìm hiểu,72,18,vui vẻ
Sadness,hu hu đã bị chụp,16,5,buồn
Disgust,con này bán kem bôi não ... xóa bỏ nếp nhăn .. khiến não láng mịn 😌😌😌😌,70,17,khó chịu
Disgust,ngu không chịu được,19,4,khó chịu
Sadness,per hồi ở tam kì hay nghe ... giờ nghe lại buồn ds,50,13,buồn
Enjoyment,bạn gái nào xinh xinh mà bị lạc thì vào nhà mình cho ngủ nhờ này . ??,69,18,vui vẻ
Fear,huhu sợ vãi luôn á,18,5,sợ hãi
Disgust,hỏng rồi . dùng đồ như phá,26,7,khó chịu
Anger,"chỉ có bạo lực mới giải quyết được bạo lực , tao mà làm luật tao sẽ hạ tuổi người lớn là 13 tuổi , đem nó lao động khổ sai 10 năn",129,33,giận dữ
Sadness,tao nhiều tài lắm .. nhưng tài sản còn cái mạng què và đôi tay trắng 😭😭,71,17,buồn
Other,có ai bịt loa như tao không 😁,29,8,khác
Other,"mấy thằng dẫn gấu đi thì tránh xa đám đông ra nhé , đừng chen đẩy kiểu bố láo , thằng đẩy tao đã bị xơi cùi trỏ rồi đấy ,",121,31,khác
Other,nhìn là thấy nóng rồi,21,5,khác
Anger,"làm con người còn sức khoẻ , còn lành lặn mà vác mặt vào ăn cơm từ thiện thì chết con mẹ nó đi cho đỡ chật đất , cơm này dành cho những người không còn khả năng lao động , hoặc vô gia cư và hoàn cảnh quá khó khăn thôi",217,53,giận dữ
Other,tự hỏi rằng những bạn nữ như thế nào thì họ có còn thích con trai không nhỉ 🤔,77,19,khác
Enjoyment,cặp phụ lúc nào cũng đáng yêu .,31,8,vui vẻ
Sadness,pháp không còn khoảng thời gian bình yên nữa rồi,48,10,buồn
Enjoyment,con ước mình cũng có 1 tình yêu đẹp như ông bà vậy < 3,54,15,vui vẻ
Surprise,cô giáo là người nhà của mấy đứa đầu gấu à =))))),49,12,ngạc nhiên
Disgust,"tôi cũng thấy điêu điêu , nét chữ này của người lớn mà . chí ít cũng phải cấp 3 rồi .",85,22,khó chịu
Anger,phải con tao tao cho cả lũ chó cụt tay hết !,44,12,giận dữ
Enjoyment,cưng chết,9,2,vui vẻ
Other,con gái hiện giờ .. nấu kiểu này thì thôi xong ... cháy luôn cả nhà 😂,69,17,khác
Other,"per đường đi về anh ợ , ô tô chắn hết đg chả đi được ??",55,16,khác
Disgust,ghê vậy,7,2,khó chịu
Enjoyment,nếu không có khúc cua cuối thì video này ý nghĩa đó chớ 🤣🤣,58,14,vui vẻ
Enjoyment,dễ thương . cứ yêu đi ngại gì .,31,9,vui vẻ
Enjoyment,hay lắm :))),12,3,vui vẻ
Sadness,dume con ế đọc tổn thương sâu con mẹ nó sắc :((,47,12,buồn
Disgust,chắc ông này không có vợ :)),28,7,khó chịu
Enjoyment,coi phim này không .. dễ thương lắm ..,38,9,vui vẻ
Enjoyment,đúng vậy . haha,15,4,vui vẻ
Other,tại sao cứ đa số là trèo cột điện với mái nhà nhỉ . ai giải thích mình với ??,77,20,khác
Anger,lâu lắm rồi mà gio mới xử phạt,30,8,giận dữ
Enjoyment,đáng yêu quá,12,3,vui vẻ
Enjoyment,tuần sau nữa mới học =))),25,6,vui vẻ
Enjoyment,"per sợ chưa , ông bác hơi bị cứng nhé :))))",43,11,vui vẻ
Other,"phàm là việc đại sự trong thiên hạ , cứ về hỏi vợ . vợ bảo sao thì làm ngược lại . ắt thành công !!!",100,26,khác
Anger,bọn hại người không gươm không dao . bọn tiêu diệt nguồn lực tương lai của dân tộc . nên đưa tội thực phẩm bẩn vào khung tử hình đi . mong nhà nước thay đổi một số luật định đi .,178,42,giận dữ
Other,per bữa nào làm thử mày,23,6,khác
Other,cần 1 thời gian dài thật dài nữa thì ý thức mới đi lên được,59,15,khác
Fear,"trên đường tao đi làm cũng có 2 con , mỗi lần chay tới là nó vương cổ ra như kiểu muốn hút tao trong khi tao không làm gì nó , cứ mỗi lần chạy tới là tao cách ly cả "" nghìn mét "" với nó , thấy nó sợ bỏ mẹ . đúng chất con ngang",226,59,sợ hãi
Other,đội nào cũng xứng đáng hơi tiếc cho per,39,9,khác
Enjoyment,:))) có thật nhiều tiền là vui,30,7,vui vẻ
Enjoyment,"anw , vote cho anh vũ",21,6,vui vẻ
Enjoyment,ý là giọng quê tao đó hã,24,7,vui vẻ
Sadness,tao thì ngược lại .. cắt xong nhìn như thằng trốn trại vậy,58,13,buồn
Enjoyment,chúc mừng cp . cố lên cp .,26,8,vui vẻ
Sadness,đáng tiếc đời không như là mơ . thực tế sẽ vả vào mặt cho mày tỉnh ra :(,72,19,buồn
Disgust,con cháu việt nam nhục nhã vãi,30,7,khó chịu
Sadness,những người thả phẫn nộ xứng đáng là thiên thần . dăm ba cái yêu đương vớ vẩn . ahuhuhu,87,20,buồn
Fear,cíu tao khỏi hai tên đồng nghiệp bị crazy huhu,46,10,sợ hãi
Disgust,"thứ kém sang ngồi ăn ngay cạnh tao , có biết tao đang giảm cân không",68,16,khó chịu
Sadness,"điều đó không quan trọng , quan trọng là đéo xác nhận lời mời kết bạn",69,16,buồn
Fear,rớt vô đây chắc chắc khóc tiếng thái lan,40,9,sợ hãi
Disgust,vì có mối ngon hơn chứ saoooo :(,32,8,khó chịu
Other,per đó đi chơi nhiều dô hỏi sao da đen -.-,42,11,khác
Sadness,t quá mệt mỏi với cuộc sống này rồi 😓,37,10,buồn
Sadness,"anh luôn nghĩ thế giới này không có gì đáng sợ , cho đến khi anh không còn thấy em nữa",86,21,buồn
Other,thế theo mấy bác lớp 5 thì viết chữ như thế nào ạ,49,13,khác
Fear,rồi mấy đứa chân ngắn đi chắc dập người hết . bay qua sao nổi =)))),67,16,sợ hãi
Enjoyment,"đi viện mà tưng tưng ăn uống được là tốt rồi , mừng mày sớm ra viện nhé cô",74,19,vui vẻ
Enjoyment,mấy chị làm chung rất ư là dễ thương luôn,41,10,vui vẻ
Enjoyment,em nó đây nha các bác . kkkkk :))))),36,9,vui vẻ
Disgust,gớm . vi khuẩn vi rút vi trùng vi lung tung beng nấp hết trong đó nhìn nổi da gà .,82,21,khó chịu
Disgust,xây làm tưởng xây cái chỗ ỉa chứ,32,8,khó chịu
Surprise,không hiểu tại sao bản thân có thể chịu đựng được,49,11,ngạc nhiên
Fear,ghê quá đi,10,3,sợ hãi
Anger,đem con bọn mày đến đây tao cho ăn cơm mốc rồi cảnh cáo tao rút kinh nghiệm thôi nha,84,20,giận dữ
Sadness,tao không tin đâu hiccc =(((,28,6,buồn
Sadness,tao cũng hao mòn nhan sắc như này,33,8,buồn
Enjoyment,thằng nhỏ mạnh vãi,18,4,vui vẻ
Other,lại là bài nhạc huyền thoại trong xe hơi :3,43,10,khác
Enjoyment,mình thì # mình chỉ mong chồng tốt thương yêu vợ con gia đình ! gia đình lúc nào cũng vui vẻ hạnh phúc thì ngày nào cũng là ngày ( tình yêu ),141,34,vui vẻ
Enjoyment,kiểu lâu lâu cũng không được nhắn tin cho ai như thế nên cũng muốn tình cảm xíu =)))) biết đâu,94,21,vui vẻ
Disgust,nó quan tâm mày là lúc nó cô đơn quá và mày vô tình đi ngang đời nó thôi,72,19,khó chịu
Enjoyment,per nhớ ghê á nha 😂,19,6,vui vẻ
Enjoyment,nơi ấy giữ lại những kí ức tuyệt vời,36,9,vui vẻ
Anger,mày xây luôn đi chắn biển cho tao . xây xomg muốn viết lồn gì thì viết,70,17,giận dữ
Disgust,vậy mà trên đời có 1 loại cha vứt bỏ con mình .,47,13,khó chịu
Sadness,chia buồn cùng nước pháp,24,5,buồn
Disgust,ma thì làm sao đáng sợ bằng vợ hả người anh em thiện lành ??????,64,15,khó chịu
Enjoyment,quá tuyệt vời rồi các chàng traiiii,35,7,vui vẻ
Disgust,ngây thơ vãi =)),16,4,khó chịu
Disgust,t chỉ có 1 năm thôi cũng phát ngán lên được . đúng là không đi làm ở nhà mang danh kẻ ăn bám,92,24,khó chịu
Sadness,đoạn cuối hình như nó khóc,26,6,buồn
Other,đừng bao giờ chơi trò giận dỗi với lũ con gái :)),49,12,khác
Sadness,"per như một cú tát vào mặt , đau lòng quá đi",44,12,buồn
Sadness,địt mẹ vừa đi ép lại kính xong giờ tan con mẹ nó cái kính rồi 200k của bà mày đấyyyyy !!!!!,91,22,buồn
Other,"trừ khi đường có biển cấm dừng đỗ thì mới không được đỗ , còn có phải phố nào cũng kẻ ô cho ô tô đỗ đâu",103,27,khác
Anger,dume mệt mỏi thật sự,20,5,giận dữ
Enjoyment,cũng có nơi gia đình khá giả mới có nó !,40,11,vui vẻ
Other,bởi đi mua cái gì cũng phải chọn chỗ uy tín,43,11,khác
Enjoyment,"chơi game :v cấp 2 trộm tiền bố mẹ đốt gần 10tr vào game , cuối áy náy không chơi nữa nên ngồi bán nick được khoảng 2tr cũng gọi là thu nhập đầu tiên :v",152,36,vui vẻ
Disgust,per bây giờ thì không nói nhưng mà cảm giác phủ nhận vai trò bà thảo ngày xưa . vl không chị đọc thấy viết khập khiễng quá :))),127,29,khó chịu
Disgust,tôi đang ngủ mà ai cứ ăn chóp chép kế bên khó chịu thật !!!,59,15,khó chịu
Surprise,sao đi cắt tóc mà mắt nó từ đen sang xanh luôn vậy ?,52,14,ngạc nhiên
Anger,"ở mình bà đéo ông đéo nào cũng muốn dậy đưa giỏi , đứa ngu hay nghịch tý là ông bà ý làm ầm lên .",97,26,giận dữ
Sadness,đã biết là thế nhưng không còn cách nào khác :(,47,11,buồn
Disgust,đống góp ý kiến gì mà tằm với tàu không hà,42,11,khó chịu
Sadness,mua con lợn 5 chục lì xì được có 40 nghìn mất thời gian tốn cả tiền bạc 😂,73,19,buồn
Enjoyment,"nhớ lại ngày đó , làm pg bán giấy , cười suốt ngày , khách chửi cũng cười , mà nhớ thời đó ghê , mới 1 , 2 năm chứ mấy",118,32,vui vẻ
Disgust,người ta đá hay bảo ăn đòn thằng admin ngu lol,46,11,khó chịu
Other,8h sáng mấy bạn đi ngủ chưa ? sống theo giờ sao hoả hả má,57,15,khác
Sadness,chỉ tại tôi không nói nên không còn cơ hội,42,10,buồn
Enjoyment,cái mặt xinh quá,16,4,vui vẻ
Fear,"đang tính đi nhổ răng khôn ( à quên , nó ngu chứ khôn đéo gì ..) nghe được cảnh báo này chắc không dám đi nhổ luôn .",116,29,sợ hãi
Sadness,nắng cũng đã sắp tàn sao mà chả thấy em đâu ...,47,12,buồn
Other,ai mua thì bán không mua thì thâu 😂,35,9,khác
Enjoyment,per đã nhẫn nhịn lắm ... đến khi con sen tao cứu tao thì tao đách có sợ đâu nhaaaaaaaa 😂😂😂,90,21,vui vẻ
Enjoyment,"chời ơi , bé gái cưng muốn xỉu . bạn nữ nào kết hợp sx em bé hơm ?????????????? :))))",85,20,vui vẻ
Enjoyment,bài học rút ra là học cách buông bỏ những thứ không thuộc về mình,65,15,vui vẻ
Anger,per cách gì thì kệ mẹ tao,25,7,giận dữ
Surprise,"công nhận ổng nói tiếng việt giỏi ghê lun ,",43,10,ngạc nhiên
Other,per đừng hỏi tao nữa,20,5,khác
Enjoyment,được bác ạ !! cứ lấy vợ giàu là được tuốt =))),46,12,vui vẻ
Enjoyment,cuộc sống mà =)),16,4,vui vẻ
Anger,page rẻ rách đĩ mẹ tao bỏ theo dõi súc sinh cận bả xã hội dcm 18 đời nhà mày :),79,21,giận dữ
Other,bếp dầu chủ cái gì nữa,22,6,khác
Anger,per mở mắt ra đọc đi ! tao như này tất cả là do mày đấy chó ạ !,63,19,giận dữ
Anger,mợ không gọi công an phường đến cẩu đi .,40,10,giận dữ
Surprise,ngã sấp mặt lồn là có thật,26,7,ngạc nhiên
Other,do mày để gián ngay cửa nó không dám vào nên khóc thôi,54,13,khác
Disgust,đồ phá hoại,11,3,khó chịu
Other,per xem câu chuyện hư cấu này giết thời gian này 👏,50,12,khác
Sadness,buồn hơn khi tôi còn là gái 🙄,29,8,buồn
Disgust,phim như shits ức chế như lien quan trẻ trâu,44,10,khó chịu
Enjoyment,per bữa cuối nó ngồi chỗ đó nhìn mà khóc còn cuối khoá thì bth haha,67,16,vui vẻ
Enjoyment,dume cười vãi luôn trời :)))),29,6,vui vẻ
Enjoyment,ở chỗ khác chắc gì có đứa béo như mình !,40,11,vui vẻ
Disgust,per đừng ảo tưởng nhé,21,5,khó chịu
Sadness,thật sự đọc xong thấy hơi rưng rưng,35,8,buồn
Other,bọn mấy bà thì quyền lực vãi rồi,32,8,khác
Enjoyment,"sướng nhờ , bên trung chúng nó yêu nhau toàn sống chung . 😂😂😂 toàn richkid :>",77,17,vui vẻ
Fear,đứng dưới cây này chỉ sợ ngột vì mùi hoa sữa 😂😂😂,48,12,sợ hãi
Surprise,ngôn ngữ gì ngộ nghĩnh vậy,26,6,ngạc nhiên
Surprise,ở free được lun hả 😮,20,6,ngạc nhiên
Other,có ai thấy giống người đẹp 9p không ?,37,9,khác
Disgust,em ghét nhất loại này . dính vào điểm mù của xe to thì ăn cức cụ ạ .,68,19,khó chịu
Sadness,"buồn cho những ai thờ ơ , vô cảm trước một sự việc như thế .",60,16,buồn
Enjoyment,"aaaaa con nhện 😨 "" aaaaaaa con ế !"" - nhện said 😂😂😂",51,13,vui vẻ
Enjoyment,"hahaa , đợi em ngủ chút tí ròii buôn :))",40,10,vui vẻ
Disgust,móe mình chưa gặp cảnh này chỉ có dọn bánh kem bọn ném nhau dính lên mọi thứ hòa với bãi nôn thôi 😱😱😱,101,24,khó chịu
Sadness,nhớ con gái tao quá :((((,25,6,buồn
Enjoyment,minh tu nguyen thuận phạm quan trọng đồng nghiệp có hợp phong thuỷ với mình hay không hâhhah,92,18,vui vẻ
Sadness,tuổi thơ cũng từng trải qua nhiều lời cay nghiệt hơn vậy .. nên c hiểu được cảm giác của em ..,94,22,buồn
Fear,sợ vãi tè ăn độc 2 quả mọc luôn 2 cái nhọt ở mông đíu hỉu,57,16,sợ hãi
Enjoyment,"per một thời mình ở bên nhau 😘😘😘😘, nhớ ghê",42,10,vui vẻ
Anger,chỉ vì tin “ nó không cắn đâu ” mà tao đã bị “ nó ” cắn 2 lần rồi . dume,72,22,giận dữ
Sadness,hi vọng hòa bình ở triều tiên sẽ không còn xa nữa . goodbye ! # per,67,17,buồn
Sadness,"cái đáng nói là chủ không có thương , dòm em husky này ốm nhom , mắt lờ đờ thấy tội lắm",87,22,buồn
Enjoyment,thằng nào chưa bước vào quán bar hay karaoke giống tao không 😂 trai ngoan điểm danh 😄,85,18,vui vẻ
Enjoyment,xinh mà còn ngáo nữa thì người yêu mới cưng =)),47,11,vui vẻ
Disgust,mình đéo làm nhé bạn .,22,6,khó chịu
Enjoyment,"ai thì tao không biết , chứ tao thấy tiền là đã có động lực phấn đấu rồi",72,18,vui vẻ
Sadness,":)))) cuộc sống mà . ngày càng thấy bản thân quá nhạt và "" duyên "" :v",69,17,buồn
Enjoyment,"moá nó , cười đau hết cả ruột",29,8,vui vẻ
Surprise,sao con này mồm nó cứ rộng toang toác ra như thế nhỉ ?,54,14,ngạc nhiên
Enjoyment,ý tưởng hay đáy chứ,19,5,vui vẻ
Enjoyment,có thằng nào mắc cười không hay là do tao đéo có cảm xúc vậy vkl,64,16,vui vẻ
Sadness,lại là án oan sai 😔😔😔,21,6,buồn
Disgust,yêu như trẻ con tập yêu ây .. có cái chúc sinh nhật mà nháo nhào lên cãi nhau,77,19,khó chịu
Enjoyment,tao quen rồi 😌,14,4,vui vẻ
Other,có ai vào đọc bình luận trước khi xem như tao không ???,55,13,khác
Enjoyment,tình yêu không bao giờ là mãi mãi . rồi cây cũng chết héo mà thôi khà khà,73,18,vui vẻ
Anger,"đúng là những đứa khốn nạn , có bán hàng hay không thì nói một câu",66,16,giận dữ
Other,đéo tin gì cả 😑,15,5,khác
Sadness,xem mà cuối phim thấy tội chị ma nữ 😂,37,10,buồn
Sadness,thương các con quá đi,21,5,buồn
Enjoyment,trung thu là tết thiếu nhi cớ sao người lớn lại vi vu thế nhỉ,61,15,vui vẻ
Disgust,thời buổi bây giờ càng nhiều tiền thì cơ hội có việc làm sẽ cao hơn,67,16,khó chịu
Enjoyment,per xem đi haha,15,4,vui vẻ
Enjoyment,per em hiểu sao anh đưa em quyển sổ rồi nha kkk,47,12,vui vẻ
Other,em per gì gì đang hot đi làm lại ngực mà đi đoạn đường này thì ngải cứu :)),75,19,khác
Disgust,quả quần tụt tận lỗ đít . đéo hiểu sao n có người yêu,53,14,khó chịu
Other,"cái này dùng con kiến to to mới có vị chua , còn cái loại kiến này làm màu không tác dụng gì",92,23,khác
Disgust,trông đen đen bẩn bẩn nhìn phát khiếp,37,8,khó chịu
Sadness,đó là 1 câu chuyện buồn,23,6,buồn
Fear,"con quỷ này hồi nhỏ tao khóc vì nó hoài , thấy nó không dám đi , bỏ đường phải vòng đường khác ,",96,24,sợ hãi
Enjoyment,phải chi có người yêu nhắn tin ngọt ngào như này,48,11,vui vẻ
Disgust,nhìn mặt bé mèo khó ở ghê - _ -,31,10,khó chịu
Sadness,tao cũng có 1 con đi lạc 1 tuần xong nó về bắt cho tao 2 con chuột làm tao mất ngủ xong hôm sau nó đi tiếp 😞 tao mong nó về lắm 😞,129,35,buồn
Disgust,ác quá,6,2,khó chịu
Enjoyment,lâu lâu được nghe truyện cổ tích thấy còn niềm tin vào cuộc sống 🤣🤣,67,15,vui vẻ
Enjoyment,tao lại thích chua lè chua loét chứ :))),40,9,vui vẻ
Surprise,nó ảnh hưởng tới cơ thể như thế nào vậy ạ ?,43,12,ngạc nhiên
Enjoyment,chúng ta thật hạnh phúc và luôn đi chung với nhau suốt chặn đường dài rồi đó nà ?,81,19,vui vẻ
Other,như nó không phải là tình yêu . khi đã là tình yêu thì không gì đánh đổi nó cả . con gái kỳ lạ chỗ đó .,103,28,khác
Enjoyment,t thấy dễ mà . không biết thì học khác biết . ez vãi,52,14,vui vẻ
Disgust,"nếu không làm được thì nghỉ đi để người khác làm . đừng để vì mình mà làm ảnh hưởng đến uy tín , danh dự , nhân phẩm của chị em trong ngành . 😌",143,36,khó chịu
Disgust,"gia đình bọn này chắc cũng chả ra cái gì con cái mới thế , tội em gái bị đánh",77,20,khó chịu
Enjoyment,ôi cưng cưng quá,16,4,vui vẻ
Disgust,dme thần đèn ăn theo tổng đài vtc à,35,9,khó chịu
Enjoyment,"đã dùng , nhớ quá ngày xưa",26,7,vui vẻ
Enjoyment,đơn giản 🙂,10,3,vui vẻ
Sadness,rủ được crush đi thì không cần qua đây nữa rồi admin ưiiii :(((,63,14,buồn
Fear,tình cờ gặp nó và đột nhiên cắm mặt bỏ chạy như điên,52,13,sợ hãi
Fear,vl bố tao đang ở đây mà chắc sáng mai mới về mất ??,51,14,sợ hãi
Sadness,căng thẳg quá mà,16,4,buồn
Fear,"hồi bé đi mua xôi bị một đàn ngỗng đuổi 🙂 may mình đi xe đạp không thì ăn lol ** với chúng nó , cái thứ mất dậy 🙎🏻‍♀️🙎🏻‍♀️🙎🏻‍♀️",127,30,sợ hãi
Other,hồi năm lớp 8 lớp tao bị quỳ trước sân trường đây nguyên lớp luôn,65,15,khác
Enjoyment,chân thành và giản dị . con yêu mến tình cảm của 2 cụ,53,14,vui vẻ
Other,cố gắng lên cụ nhé !!❤,22,6,khác
Anger,nhốt hết mấy thành phần hát karaoke đấy vào sọt đi trời,55,12,giận dữ
Enjoyment,"có tài nhưng đôi lúc muốn làm diễn viên hài 🤣🤣🤣, khoái thanh niên này buồn cười vkl",83,18,vui vẻ
Other,cuộc sống đổi thay làm lòng người thay đổi . hiểu vậy cho nó vuông,66,15,khác
Other,chung quy là hình thức quảng cáo !!!,36,8,khác
Other,sao lại có chuyện vô lý như vậy được chứ 😠. rồi bé nhỏ sẽ như thế nào khi chứng kiến bố nó bị đâm ngay trước mặt nó . nghĩ đã không dám nghĩ tới rồi thấy thương bé quá .,169,42,khác
Enjoyment,trông anh thần thái vãi :v,26,6,vui vẻ
Other,khi bạn thật lòng với ai đó . nhưng người ta coi bạn như 1 trò đùa,66,17,khác
Enjoyment,giống ml em tao hồi n nhỏ vãi . muốn ngủ với mẹ nhưng bị tao nịnh nọt bắt lên ngủ với tao :)),93,24,vui vẻ
Anger,đụ con đĩ mẹ hôm nọ đang ngủ thằng lol nào hét ầm ầm . mày về nà hét cha hét mẹ mày chớ ngủ không yên,101,27,giận dữ
Other,có tất cả các vị mày niếm được,30,8,khác
Disgust,cắt tóc rồi mặt như con heo,27,7,khó chịu
Sadness,"bây giờ con đã sai vì đã chưa làm gì được cho cha , con thật sự xin lỗi cha và mẹ ,",83,23,buồn
Sadness,không thấy không biết lòng không đau,36,7,buồn
Enjoyment,tán gái hay vãi,15,4,vui vẻ
Disgust,nhìn ghê vãi . ai nuôi mà ác thế,32,9,khó chịu
Other,"đúng . làm gì không quan trọng , quan trọng là bạn làm điều đó với ai",69,17,khác
Enjoyment,"xời tưởng gì , cái này tao làm được =)))",40,10,vui vẻ
Other,thôi tốt nhất là chịu thua đi . thắng hay thua cũng đâu có được gì .,68,17,khác
Enjoyment,giao lưu tí không . tự bấm chứ không mua =))),45,11,vui vẻ
Surprise,thằng nào quảng cáo xe vãi thế,30,7,ngạc nhiên
Sadness,đấy mới là điều càn đó . huhu,29,8,buồn
Enjoyment,hạnh phúc là đây chứ đâu =))),29,7,vui vẻ
Other,đó cũng là cái cốt lõi cái then chốt thúc đẩy ông phát tiển sách lược của mình bằng cái tâm và cái tầm .,104,25,khác
Fear,môn này đéo dành cho những người chân ngắn như tao :) bay qua chắc lọt mẹ xuống sông ^^,87,20,sợ hãi
Enjoyment,xem đi xem lại vẫn hay ;)))))),30,7,vui vẻ
Enjoyment,per ông cháu không nè kkk,25,6,vui vẻ
Sadness,có hôm tao đang vương nỏ tính bắn vào con họa mi đang đậu trên cành thì ai ngờ nó phản đame đứt thun dội ngược vào mặt từ đó tao không còn chơi nữa,147,35,buồn
Enjoyment,cưng xỉu ~~??,13,3,vui vẻ
Other,đằng nào thì điều hòa vẫn bật mà .,34,9,khác
Sadness,:))) mình sướng mà mình không biết hưởng nhìn lại những mảnh đời bất hạnh mình nguối mặt thẹn gấp 100 lần,105,22,buồn
Sadness,per đến con nít chúng ta cũng không bằng là sao ......... tuổi thơ và tuổi thanh xuân nợ chúng ta quá nhiều thứ rồi 😭😭😭😭,120,26,buồn
Enjoyment,"đấy , chỉ có sale như tao mới tốt thôi , tao không bao giờ hỏi về nỗi đau của khách hàng : x",92,24,vui vẻ
Disgust,kinh dị thật nhìn ngu vãi,25,6,khó chịu
Enjoyment,con bé xinh ghê,15,4,vui vẻ
Enjoyment,kaka cái mặt bà kìa,19,5,vui vẻ
Anger,lâu lâu tự nhiên ghen mặc dù đéo là gì của nhau 🙃🙃🙃,51,13,giận dữ
Other,per tự nhiên thấy mình hơi thất đức,35,8,khác
Fear,tưởng tượng mà dưới sông có cá sấu nữa chắc hết dám đi,54,13,sợ hãi
Other,cần xem cái kết của bọn này,27,7,khác
Fear,quá nguy hiểm,13,3,sợ hãi
Sadness,maii ban thanh nhung nhớ cái này không hic 😭😭😭😭😭,48,10,buồn
Other,hoàng thượng mặc áo đầu lâu mới sợ chứ,38,9,khác
Other,tao chả bao giờ làm thế,23,6,khác
Anger,dume thằng mất dạy !,20,5,giận dữ
Enjoyment,chưa bao giờ còn yêu nhiều hơn thế 😍😍 bởi cha mẹ cho tôi tất cả,63,16,vui vẻ
Disgust,cuốn sổ vô dụng nhất mà tôi từng biết . ơn giời nó không còn nữa,64,16,khó chịu
Disgust,có những người như chủ thớt bảo sao đất nước không phát triển,61,13,khó chịu
Fear,má lỡ té xuống 1 cái tao nói lên tắm 8 năm cũng đéo sạch nữa,60,16,sợ hãi
Disgust,tao khuyên bọn mày đừng dắt bọn con gái theo . nó bắt bọn mày cõng nhảy qua đấy :))),84,20,khó chịu
Disgust,"bệnh quá , xấu mặt người dân 1 vùng quê đồng bằng bắc bộ",56,14,khó chịu
Enjoyment,hai bác học nghiêm túc ghê :))),31,7,vui vẻ
Disgust,không thấy hay ho gì cả,23,6,khó chịu
Anger,bóp dái thật mạnh xem còn dám sàm sỡ không,42,10,giận dữ
Sadness,mấy đứa chân ngắn qua sao,25,6,buồn
Disgust,ôi vãi nhìn ảnh giật mình đám nghiệt súc cười nhé răng !!!!!! đhs ... 😞 đẻ ra đau bết cả lồn,92,22,khó chịu
Other,bác nói vậy thì tao cũng quì,28,7,khác
Disgust,cứ thải trực tiếp ra sông thì có xử lý công nghệ mặt trăng cũng bó tay,70,17,khó chịu
Disgust,"tao bảo 99 , 99999 % là mấy ông ngoài bắc và kiểu chửi này cũng ngoài bắc vì tao cũng bị chửi vậy khi còn bé . h thì bình thường nhưng nghĩ lại buồn chứ không vui đâu tụi bay . ngoài bắc cách giáo dục là miệt thị . ko đồng ý",224,55,khó chịu
Enjoyment,phim này ý nghĩa lắm,20,5,vui vẻ
Other,"ảnh đẹp lắm , nhưng không có những người khổ này thì sẽ đẹp hơn 🙂",65,16,khác
Anger,"thì bác cứ tranh luận đi , bác nói đúng thì mình cũng chả nói gì , còn mình thấy cái kiểu cậy nhà mặt đường nhưng tư tưởng nhắn tin kia thì kiểu gì cũng có ngày sấp mặt .",170,41,giận dữ
Enjoyment,yêu thế,7,2,vui vẻ
Other,nhưng vẫn tồn tại nhiều đứa con gái không như vậy mà ??,55,13,khác
Surprise,làm sao mặc áo được ta 😂😂,25,7,ngạc nhiên
Sadness,"ê tao cũng hay giữ mấy cái linh tinh lại như vậy để vài năm sau mở ra xem lại có cảm giác hoài niệm , mà mẹ tao bắt tao vứt hết rồi 😢",133,35,buồn
Enjoyment,ảnh đẹp quá 😍,13,4,vui vẻ
Sadness,"t không tiếc mấy ly trà sữa , chỉ thấy tội cho mấy cô lao công dọn dẹp mà thôi 😔",80,21,buồn
Enjoyment,người lớn tuổi nhiều lúc rất dễ thương 😊❤,41,9,vui vẻ
Sadness,sao giốg với mình v . nhưg mình từ bỏ rồi người ta hình như cũng có người khác . từ đầu là do mình ảo tưởg thôi giờ thì tỉnh đi cô gái ạ,136,35,buồn
Anger,tôi đập cho toè cái mỏ lun nha,30,8,giận dữ
Sadness,có ai ngu như tao không đơn phương con nhỏ cạnh nhà 4 năm mặc dù nó ngồi chung bàn với tao suốt mấy năm cấp 3 :(((,114,28,buồn
Disgust,ở nhà vênh lắm đi bộ đội thì yếu ớt vãi,39,11,khó chịu
Enjoyment,thương mấy anh quá mà tao không kiềm được vẫn phải thả haha,59,13,vui vẻ
Disgust,bẩn vãi,7,2,khó chịu
Disgust,đường của nhà nước co phải nhà cụ đâu mà kêu ca,47,12,khó chịu
Surprise,sao giống tôi rứa hỉ ...,24,6,ngạc nhiên
Disgust,đm độc bình luận toàn kêu chọn nghề khác dume đây đéo phải nói tới cái nghề mà là nói tới ý thức của tụi mày đó đầu trâu óc chó . nếu chọn nghề khác thì dume ai làm công việc đó ... nghề chọn mình mình không chọn nghề được ... kể cả làm phò như tụi mày cũng vậy,261,62,khó chịu
Enjoyment,mai người ta đi học mai tao đi du lịch ố la la =))))))))))))),61,14,vui vẻ
Fear,có khi nào kết hôn xong nó giết lấy tiền bảo hiểm không,55,13,sợ hãi
Fear,nó mà cắn ai 1 phát thì ... nghĩ thôi đã rùng mình,50,13,sợ hãi
Enjoyment,mát lồng lộng mày ạ,19,5,vui vẻ
Other,mưa lắm các con giời ở nhà ngủ cho khoẻ nhé .,45,12,khác
Other,năm nay con bao nhiêu tuổi rồi ? =)),36,9,khác
Sadness,vì chúng ta không nên nói chuyện với nhau nữa,45,10,buồn
Other,tao xin bổ sung thêm,20,5,khác
Disgust,"ngu và ngang ngược quen rồi , chừa tật nhé",42,10,khó chịu
Enjoyment,có người sinh ra đã làm ban giám khảo anh nhé kk,48,12,vui vẻ
Sadness,thật buồn khi mình thịt vợ thang khác mà thằng khác thịt vợ tưong lai mình,74,16,buồn
Sadness,hay bị giật khô trên đó rồi :(,30,8,buồn
Anger,"đm lũ chó bán thịt lợn sán cho các cháu lũ đấy phải tìm ra và xử tử hết . loz mẹ chúng mày vì lợi nhuận giết hết cả tương lai đất nước , dume lũ chó chết",153,39,giận dữ
Sadness,đéo có người thương để mà làm ấy chứ :(,39,10,buồn
Enjoyment,"per chồng xem đi , hài lắm",26,7,vui vẻ
Disgust,per dume lần sau có tỏ tình thì cũng 1 vừa 2 phải thôi,54,14,khó chịu
Other,chạy ngay đi 😨😨 trước khi bọn chủ tịch vào đây và giả làm con c * c gì đó rồi bị coi thường và tụi bay phải nhận cái kết đấy . 😬😬😬😬,131,34,khác
Sadness,nhưng mà từ giờ trở đi đéo được tiếp xúc rồiii,46,11,buồn
Other,"per cùng suy nghĩ , và sợ cả điện giật nữa , giờ cứ ngồi cho chắc ăn .",70,19,khác
Enjoyment,"cái này ở shop đồng giá 40k aeon có nè , tê tới dái luôn",56,15,vui vẻ
Sadness,ngày buồn nhất trời đổ cơn mưa :(,33,8,buồn
Other,không có khúc rớt dt hả .. 😑,28,8,khác
Disgust,như con điên :)),16,4,khó chịu
Sadness,tao lại bị mọc lông chân rồi :((,32,8,buồn
Surprise,sao bắt nhanh thế sáng đọc báo có tin chôm ngân ngàng chiều đọc báo đã bắt được rồi,83,19,ngạc nhiên
Sadness,mỗi lần tao ăn đu đủ bằng thìa thì bố tao lại chửi tao . bố tao bảo loại mày ăn đu đủ không cần thìa đâu .,106,28,buồn
Disgust,"vãi cả ngứa mắt :)). lập luận rất là có cái "" lí "" luôn . đấy , ngứa mắt là sai cả lí rồi nhé mấy ông đỗ xe =)))",112,31,khó chịu
Other,mua thuốc ngoài thú y sức vào vài ngày nó không bám nữa,55,13,khác
Sadness,"tao cũng hay nằm mơ con mèo của mình nó về , tao tưởng thật nên khóc cả trong mơ lẫn ngoài đời . nhưng nó đâu có thể về được nữa ...",132,33,buồn
Sadness,giá mà có ai để giận :v,23,7,buồn
Sadness,"chân ta cũng là chân đi và giờ bị đứt dây chằng , nằm một chỗ đợi mổ rồi mày . đồng cảm vãi",91,24,buồn
Sadness,"ai ở gần đó xin hãy giúp chú , thương chú",41,11,buồn
Enjoyment,cuối ngày hình ảnh của ông bà là đẹp nhất ... chúc ông bà mãi hạnh phúc sống thật lâu lâu nhé 😘😘😘,97,23,vui vẻ
Other,cắt như anh này gọn gàng thoáng mát nhé auto đẹp trai,53,12,khác
Other,"có thể xương của mày nó bị giòn , xuất viện nhớ bổ sug thêm nhiều canxi nhé",75,18,khác
Other,per 1 lần chơi lớn xem em có trầm trồ,37,10,khác
Enjoyment,xin lỗi mày nhưng tao đọc buồn cười,35,8,vui vẻ
Sadness,trải qua một cuộc bể dâu . những điều trông thấy mà đau đớn lòng,64,15,buồn
Other,t nghĩ thằng châu phi kia nó rất nhiều tiền,43,10,khác
Anger,per đi đâu cũng nghe bài này riết muốn tắt dẹp cho rồi,54,13,giận dữ
Disgust,nhìn thấy ghét ...,18,4,khó chịu
Disgust,per xàm lol giáo dục đéo gì,27,7,khó chịu
Anger,per biết phân biệt phải trái không vậy ??? và có biết đỗ như thế nào là đúng luật không ???,91,21,giận dữ
Sadness,chán mấy ông thanh niên .,25,6,buồn
Disgust,trẻ trâu thời nào cũng có thông cảm đi,38,9,khó chịu
Other,cũng là chị em nó làm nhà trẻ nên chịu thôi,43,11,khác
Disgust,bắt được rồi cho bọn này đi chết đi để chúng nó sống rồi làm hại người khác,75,18,khó chịu
Anger,đốt cháy túi tiền thì ở nhà cho rồi . xem chi không biết,56,14,giận dữ
Enjoyment,per có thằng bị tao bắn từ đó không thấy họa mi hót nữa luôn,60,15,vui vẻ
Enjoyment,"hôm qua tôi đi grab gặp được bạn đẹp trai , thơm phức nè . có cô gái nào có hứng thú hem ?",90,24,vui vẻ
Enjoyment,đẹp quá v 😍😍,12,4,vui vẻ
Other,:) thế trong trường hợp này thì sao ? có nhiều xe lắm đâu cụ,60,15,khác
Fear,lo cho thang bé lỡ rớt điện thoại xuống nước thì ....,53,12,sợ hãi
Other,per dăm ba cái con nhện :))))),30,7,khác
Other,ủa rồi chân một khúc như tao nhảy kiểu gì ? 🙂,45,12,khác
Other,trong 1 năm đó bố mẹ ông cho ông 10 tỷ đố là tiêu vặt và 1 con lám bồ để đi giao hàng,85,24,khác
Disgust,k chăm được thì đừng nuôi nhìn tội quá ??,41,10,khó chịu
Sadness,"có hôm nó lo đọc cho mình nên không chép kịp bài , cô giáo bắt phạt đánh đòn cả hai đứa . năm sau bạn í chuyển trường mất , nhớ bạn quá !",137,35,buồn
Fear,"đừng ám tao nữa , sợ lắm",24,7,sợ hãi
Other,tao gửi từ ngã tư đồng đội cơ mà đi xa vãi,42,12,khác
Disgust,"lạ kì thật , một kì thi quan trọng như vầy mà vẫ nhầm đề được .",63,17,khó chịu
Sadness,định mệnh tao lại quên mang áo mưa,34,8,buồn
Sadness,chia buồn cùng người dân và đất nước pháp,41,9,buồn
Enjoyment,"per mày ơi trò này lợi hại nè áp dụng ngay :"")))",48,12,vui vẻ
Sadness,per :))) không bù cho nhũng người như cta,41,9,buồn
Enjoyment,ôi gu mình !! mà phim lâu quá rùi giờ mà đóng lại bản khác thì không biết sao haaa,82,20,vui vẻ
Sadness,"giống hệt mình , nhưng bạn may mắn hơn vì bên này quyết trốn nợ tận cùng",72,17,buồn
Anger,"đéo mẹ bệnh viện chứ có phải chỗ gửi xe đâu , nó niêm yết rõ ràng như thế kêu ca cái gì",87,23,giận dữ
Surprise,per ngày mai là ngày gì mà ra lắm phim vậy bạn ?,48,13,ngạc nhiên
Sadness,"ước gì con về với mẹ .... đợi mấy tháng rồi vẫn chưa thấy bóng dáng con , mong con vẫn sống ...",95,23,buồn
Other,chất đó có làm mềm não không ?,30,8,khác
Other,em này có cạo lông không ta sao nhìn lông ngăn quá,50,12,khác
Sadness,"ngày nào cũng thấy tàu trật bánh , khá buồn",43,10,buồn
Disgust,tao thấy nhảm quá,17,4,khó chịu
Surprise,y tế 24tr tháng á ???? kinh vầy ???,35,9,ngạc nhiên
Disgust,"thế mày lại ghép nhạc vào làm gì cho con bé bị tán mấy chục cái , mày ác lắm",76,20,khó chịu
Enjoyment,per em đã tìm ra giải pháp thiết kế rồi nhé :))),48,12,vui vẻ
Sadness,sad cực mạnh,12,3,buồn
Enjoyment,per may cho bạn 😄😄😄,19,5,vui vẻ
Sadness,đợi đến ngày họp lớp đi 😪,25,7,buồn
Enjoyment,tao thích con trai đầu tóc gọn gàng vãi_chưởng 🙃,48,10,vui vẻ
Enjoyment,"hành động đẹp chứ sao , đằng nào cũng tiệt kiệm hơn :)) 0",57,14,vui vẻ
Enjoyment,chỉ ước về sau mình được vay,28,7,vui vẻ
Disgust,"bạn bè nói chuyện cũng chụp post facebook , vui không ?",55,12,khó chịu
Sadness,per mệt quá mấy con ơi,22,6,buồn
Other,nói tóm lại là nó thích đỗ đâu thì nó đỗ mình thích thì mình gọi công an . chứ mình không có quyền,98,24,khác
Sadness,"mới đây mẹ tao giúp tao làm lại giấy khai sinh . mẹ có hỏi "" mày sinh ngày mấy để mẹ làm ""😑",91,24,buồn
Other,tôi muốn có một mối tình bình dị .,34,9,khác
Fear,hú hồn chim én :)),18,5,sợ hãi
Sadness,phải có bao nhiêu tình cảm mới có thể viết ra được những dòng này ...,69,16,buồn
Disgust,"bờ biển thì rộng , có những chỗ mày viết có thể rất lâu sau mới bị lấp đi tại sao chọn chỗ khó khăn nhất vậy . thảo nào đéo bao giờ có người yêu :))",148,37,khó chịu
Sadness,mệt mõi 😥,9,3,buồn
Enjoyment,đã thử và rất thích thú 😆.,26,7,vui vẻ
Surprise,"ủa bất ngờ đây , thanh niên nào đây =))))",41,10,ngạc nhiên
Enjoyment,con này chăm sóc n là n bao đẹp ><,34,10,vui vẻ
Anger,"dume , phải con tao thì đéo bao giờ chúng mày có cơ hội xin lỗi luôn .",70,18,giận dữ
Disgust,"thiệt ra bạn mày đẹp hơn , vì màt chỉ được cái lưng dài lười biếng thui 🙃🙃",74,18,khó chịu
Sadness,móng tay và tóc theo thời gian thì mọc càng dài tại sao chỉ có con chim là nó không mọc dài hơn nữa ta,102,25,buồn
Enjoyment,tuyệt thật,10,2,vui vẻ
Sadness,năm nay vào quán net ngồi cho đỡ phải nhìn .....☺️,50,11,buồn
Enjoyment,bé tí mà đã có múi rồi :))),27,8,vui vẻ
Other,giờ nín ngay không ? việc gì phải khóc,38,9,khác
Enjoyment,"chẳng phải chuyện hài nhưng sao tao thấy buồn cười quá , chắc thần kinh có vấn đề",81,18,vui vẻ
Enjoyment,chuẩn không can chinh,21,4,vui vẻ
Anger,liên quan đéo gì . trung thu tết đoàn viên gia đình chứ đoàn viên người yêu đéo đâu .,85,20,giận dữ
Other,cái đồng hồ mọi người cho em hỏi giá bao nhiêu ạ,48,12,khác
Other,cụ í đỗ sai thì mợ cứ báo chính quyền thôi,42,11,khác
Other,tao chưa nghe nói kính thuỷ lực bai giờ .,41,10,khác
Disgust,"khiển trách là bị mắng rồi má , lại còn bắt chép phạt ác thật",61,15,khó chịu
Enjoyment,dăm ba cái kỉu đây hồi nhỏ tao đốt chấy vài á mà 😃,50,14,vui vẻ
Enjoyment,cưng gì đâu,11,3,vui vẻ
Disgust,2 chúng mày yêu nhau chọc tức bọn fa tụi tao thêm cay chứ an ủi đéo gì,70,18,khó chịu
Enjoyment,per kkkk,8,2,vui vẻ
Sadness,tao của ngày này năm trước đang ước đừng lấy quỳ tím đem ra thử nghiệm . :(,75,18,buồn
Other,thính thơm không,16,3,khác
Sadness,ôi không đừng vậy mà :((,24,6,buồn
Anger,"sao mày không viết nhanh lên , mày lấy tay chặn làm gì có giúp mày tốt hơn không hả ???",87,21,giận dữ
Enjoyment,nghe anh ấy nới chuyện rất thuyết phục,38,8,vui vẻ
Other,khi nào tao nhìn con xò lông bánh bèo mà tao không mắc ói . thì khi đó tao lấy,78,20,khác
Other,có thể là nó yêu mày :)),24,7,khác
Enjoyment,per ối bạn ơi quà sinh nhật mình đây rồiiiii,44,10,vui vẻ
Enjoyment,ai cho mình xin page của con này với thích xem nó live stream bán đồ gê,71,17,vui vẻ
Other,cho nó đi trồng lại 10 ha và chăm sóc cho tới khi cây lớn bằng núc chúng nó bơm chết,84,21,khác
Disgust,toàn bọn óc chó . không có lương tâm . sao chúng nó lại làm như vậy không nghĩ hậu quả sau này sao .,100,25,khó chịu
Anger,"bảo không ly hôn cơ mà 😑, dma chơi nhau à",41,11,giận dữ
Other,cần phải tỉnh táo,17,4,khác
Other,per thật sự là có cách nào dắt bé đi theo được không ? 😭,56,15,khác
Enjoyment,"thâ ̣ tao ra thi ̀ nê ́ u 1 thă ̀ người con trai no ́ yêu mày va ̀ coi tro ̣ người mày , câ ̀ n mày thi ̀ mày co ́ qua ́ i thai thê ́ na ̀ o no ́ cu ̃ người chi ̣ u đươ ̣ c va ̀ cô ́ gă ́ người la ̀ mày mày vui 🙂",212,69,vui vẻ
Enjoyment,phim nay xem rất nhiều lân nhưng quá hay vẫn muốn sẽ tiếp tục xem,65,15,vui vẻ
Enjoyment,thôi thì đi xem avenger lần 3 để tránh nóng nốt chiều nay không mai mưa rồi hehee,81,18,vui vẻ
Other,cho xin tí muối ạ,17,5,khác
Fear,sao không cắt móng chân cho em ... nhìn mặt cute mà thấy móng chân em sợ phết,77,18,sợ hãi
Enjoyment,đã từng xem em là tất cả . mỗi khi mỏi mệt về thấy em và con cười là anh hạnh phúc rồi,86,23,vui vẻ
Disgust,nằm đó mà mơ 🙂,14,5,khó chịu
Enjoyment,duyên quá nói chuyện hay,24,5,vui vẻ
Disgust,"đm phạt 200 triệu đồng không có tiền đóng phạt 12 tháng tù cho biết , câu thích câu view dơ bẩn cho cá nhân mình",112,26,khó chịu
Disgust,gắt quá nha 😂,13,4,khó chịu
Other,đừng trách anh vô tình vì em đã vô tâm,38,10,khác
Surprise,"wow , đẹp dữ vậy à hehe",23,7,ngạc nhiên
Enjoyment,"ngồi chờ một người đi qua 1 và coi đó như 1 sự tình cờ 😂😂😂 tao đã từng , nhưng đó là tao của ngày xưa . buồn cười thật 😁",120,32,vui vẻ
Other,"thôi , không tranh cãi , không lại các bác . nói chung không cấm thì đỗ , còn đỗ để làm gì thì do ý thức mỗi người",114,29,khác
Sadness,khóc vãi 😭,10,3,buồn
Disgust,"việc của ông vũ giờ là mua nhiều thật nhiều cigar và lên chùa xây cái am trung nguyên thiền định tiếp đi qua ơi , qua quậy quá rồi để cho vợ và 4 con tiếp quản được rồi qua ơi .",177,43,khó chịu
Disgust,cũng là ninja như nhau mà cũng hơn thua làm gì vậy trời,55,13,khó chịu
Enjoyment,và vui mừng hơn khi biết tin chị vợ ở nhà vừa sinh hạ em bé được 1 tuần,71,19,vui vẻ
Disgust,lại là bà hàng xóm 😒,20,6,khó chịu
Anger,bọn óc vật 🙂 đụng vào con cháu nhà tao thử,42,11,giận dữ
Enjoyment,hay . đỡ mệt,12,4,vui vẻ
Disgust,"thế đàn ông có thường gục ngã trước một đứa con gái xấu không ? vậy nên đó là chuyện thường tình , đàn ông mê sắc đàn bà mê tiền , mỗi giới một đam mê , đó là công bằng , khi nào mày yêu một con xấu đi rồi hãy nói đạo lol",221,56,khó chịu
Surprise,per nhìn quen quen mày ơi,25,6,ngạc nhiên
Disgust,mà ô chủ xe cũng ngu vãi . mất công đậu thì đậu hẳn ra giữa đường day . để cho nó đỡ mất công về lại phải mất công đi đại tu,124,33,khó chịu
Enjoyment,gv có tâm vãi 😂,15,5,vui vẻ
Enjoyment,cầu mong chú có cuộc sống tốt hơn ❤,35,9,vui vẻ
Other,"bạn bè thì nó hỏi han , hay nhắn tin thôi .. hồi trước hay ảo tưởng lắm , nhưng giờ lớn nên hết trẻ trâu rồi 🤣",110,28,khác
Enjoyment,khớp vãi =))))))) mặt con bé,28,6,vui vẻ
Other,mạng nhện chắc đóng kín rồi nhỉ,31,7,khác
Fear,tao đéo ghê con rắn tao ghê mấy cái trồi lên kìa :))),53,13,sợ hãi
Enjoyment,ngày ấy cũng từng như vậy ☺️,28,7,vui vẻ
Enjoyment,"tao biết trước là nó sẽ lao vào màn hình mà , vậy nên tâm vẫn tỉnh lúc nó lao vào .",83,22,vui vẻ
Surprise,quả mặt dễ thương dữ vậy,24,6,ngạc nhiên
Other,"lúc sinh ra rồi , con gái không nói , là con trai thì ổng sẽ phải ước mình chưa đẻ ra nó , có thêm đứa tranh vợ với mình mà 😂😂",126,33,khác
Enjoyment,cưng xĩu 😊😊,11,3,vui vẻ
Surprise,người ngoài hành tinh nói tiếng anh ????? nà ní ?????,53,11,ngạc nhiên
Enjoyment,"nghĩ đến cảnh mặc áo là cảm thấy mất cả tuổi thanh xuân , chưa kể là lúc ngứa thì gãi kiểu gì 😂😂",96,24,vui vẻ
Sadness,cứ thấy nó là ăn không còn xác thì lấy gì chúng kịp phá . nhìn thèm ứ chịu được 😔😔😔,83,21,buồn
Enjoyment,xem video chị này công nhận hay và ý nghĩa thật . giờ lên xem vid mới biết về tuổi thơ chị này cơ cực thật đấy,110,27,vui vẻ
Enjoyment,nó giống tao ghê . gặp tao tao cũng chọn mày,44,11,vui vẻ
Enjoyment,hiện tại cảm thấy hạnh phúc khi môi trường làm việc toàn người lầy ....,71,15,vui vẻ
Enjoyment,đúng là mỹ nhanh gọn dứt khoát,30,7,vui vẻ
Enjoyment,khúc cuối cười lộn ruột,23,5,vui vẻ
Enjoyment,mặt con mèo giải trí dữ 😬,25,7,vui vẻ
Disgust,tại con này xấu quá không nhận diện được khuôn mặt,50,11,khó chịu
Disgust,"đã ra tù nhưng chắc nhớ tù quá , muốn quay lại trại nên mặc quả đồ này :vậy",75,19,khó chịu
Enjoyment,anh có tin em giận lại anh không ?,34,9,vui vẻ
Disgust,ác đến vậy là cùng,18,5,khó chịu
Sadness,khi cô đơn lòng em nhớ ai :((,29,8,buồn
Other,"nếu chiếc xe đỗ giữa cửa nhà tôi như trong hình của thớt tôi hoàn toàn không có cảm giác gì , kể cả ngày nào cũng vậy luôn .",124,30,khác
Fear,"đang định đi nhổ răng khôn , nghe được tin này thấy ghê răng 😁",62,15,sợ hãi
Sadness,"ước gì boss không co chân lên , tao vẫn sẽ nghĩ là boss thật khí chất =)))",74,18,buồn
Sadness,xem xong tao đã khóc rất nhiều,30,7,buồn
Enjoyment,ha ha ❤️ chất lắm,17,5,vui vẻ
Surprise,bộ này hoàn hảo quá,19,5,ngạc nhiên
Enjoyment,đậu . tao mê nhất là giọng tuy hòa phú yên . nó luôn mang một ấn tượng sâu sắc . nghe cứ thích thế nào ấy,105,27,vui vẻ
Disgust,lại ngáo đá rồi,15,4,khó chịu
Sadness,tao thì nói xong lại thấy người ta không hứng thú thì lại lượn,62,14,buồn
Enjoyment,để có được cái nắm tay tuổi già là bao giông bão của tuổi trẻ . mấy ai qua được bão giông ?,91,23,vui vẻ
Enjoyment,quan trọng là có per luôn tạo độ khó game cho tôi :))) và không thể thiếu sự trợ giúp của các anh em trong team 😂,113,27,vui vẻ
Sadness,điều tồi tệ là học nửa vời chã ra làm sao,41,11,buồn
Other,chỉ có màn hình là xấu thui,27,7,khác
Other,cùng câu hỏi .. vụ thang máy thì sao nhỉ,40,10,khác
Enjoyment,"mỗi ngày đi làm về , tôi không vội vào thang ngay mà thường ngồi sảnh tầm 20p chỉ để ngắm gái xinh cùng tòa 😆.",110,26,vui vẻ
Enjoyment,đây mới là công an của nhân dân việt nam cảm ơn bạn nhiều điều tốt đẹp hơn nhé vanew,84,20,vui vẻ
Enjoyment,per sau hôm sinh nhật là có cái này . ngon vãi,46,12,vui vẻ
Fear,per kinh dị thấy mệ luôn nè,27,7,sợ hãi
Other,tuy hơi fail 1 chút nhưng rất có năng khiếu lớn lên không chừng làm ca sĩ ấy chứ đừng đùa,89,21,khác
Enjoyment,đúng là tấm gương xáng để con cháu noi theo =)))))),51,11,vui vẻ
Fear,khi đã đổ vỡ hàn gắn lại chắc gì đã được như lúc đầu :'<,56,15,sợ hãi
Disgust,"tào lao , bịa đặt",17,5,khó chịu
Enjoyment,"chia sẻ cho anh em , haha",25,7,vui vẻ
Enjoyment,cách này nhiều người áp dụng quá rồi :))),41,9,vui vẻ
Disgust,tưởng bú được vài cái thích của tụi dân trí thấp thì mình khôn ?,64,15,khó chịu
Surprise,doume khó vậy mà cũng nghĩ ra được 🤣,36,9,ngạc nhiên
Enjoyment,sao ảnh này nhìn con rắn đáng yêuc vãi :))),43,10,vui vẻ
Fear,sau mưa ra đường sợ nhất gặp giun,33,8,sợ hãi
Enjoyment,per đứa nào nghĩ ra được cái qcao hay vãi ...,45,11,vui vẻ
Enjoyment,bạn trai thì chưa . nhưng mỗi lần thằng bạn nó cắt tóc cạo râu thì auto nhìn đẹp trai,85,20,vui vẻ
Disgust,í thức mấy đứa đi xem như lol .,31,9,khó chịu
Sadness,đã từng . và bị phũ như 1 con chó 🐶😂😂😂😂,39,11,buồn
Disgust,thiểu năng đội cái nón không nổi thì sao đủ năng lực chạy xe . nhìn là thấy hãm .,81,20,khó chịu
Sadness,anh lấy đi niềm tin trả lại cho em những gì,43,11,buồn
Enjoyment,thông minh lắm,14,3,vui vẻ
Anger,thêm cái trang này ăn cắp ý tưởng của tôi,41,10,giận dữ
Other,đề nghị các bạn giữ trật tự trong rạp phim !!!!!!,49,11,khác
Disgust,cam mà vắt thế chỉ có đắng nhé thôi đồ ngu,42,11,khó chịu
Disgust,"t sẽ tự an ủi tất cả chỉ là diễn thôi , diễn thôi , đéo thể tin được đâu 😏",74,21,khó chịu
Disgust,ngu hết phần thiên hạ,21,5,khó chịu
Other,tin tao đi tiền là thứ duy nhất làm động lực để mày vui :)) tao chia tay xong . cắm mặt vào làm để mua sắm và du lịch :)),121,31,khác
Enjoyment,tao thấy con mèo xinh hơn,25,6,vui vẻ
Enjoyment,cho nó cắn phát xem có thành spider man không 😂,47,11,vui vẻ
Enjoyment,bếp ga hj hj 🤣🤣🤣🤣🤣🤣,19,5,vui vẻ
Disgust,"từ hành động và lời nói của tụi nhỏ này không biết nên trách ai bây giờ ,, thối nát một thế hệ",94,23,khó chịu
Other,sớm bình phục nhé,17,4,khác
Disgust,căn bản là họ không đáng cho mình trân trọng thôi . per,55,13,khó chịu
Enjoyment,giống thằng này vãi :))),24,5,vui vẻ
Enjoyment,"năm nào cả sinh nhật âm hay dương mẹ cũng gọi điện cho mình , bà ngoại trên 80 , bác ruột mình đều nhớ hết 😂😂😂",110,27,vui vẻ
Other,quan trọng nhất vẫn là tấm lòng 🙂,33,8,khác
Enjoyment,cái mặt hoang mang thấy thương 😆❤️,34,7,vui vẻ
Anger,nhìn ức chế vãi,15,4,giận dữ
Fear,coi mà cái tay nó rung trái tim nó đập sợ cái thằng đó té sấp mặt luôn thì không bình thường họa mi còn hót được không :)))),124,29,sợ hãi
Disgust,nhìn kinh vãi,13,3,khó chịu
Other,hỡi thế gian tình ái là chi mà đôi lứa nguyện thề sống chết ? 😁😁,64,16,khác
Other,per bất nghờ bốc cháy,21,5,khác
Disgust,"đọc bình luận mới công nhận "" mấy đứa nói đạo lý sống như lol "". đây là câu chuyện vui bạn bè trêu nhau thôi không đến lượt mấy người dạy bé cách cư xử như thế nào đâu . có người con như thế nào bố sẽ rất tự hào đấy",215,53,khó chịu
Enjoyment,chuẩn kkk 😁,11,3,vui vẻ
Other,😂😂😂 nhìn và đợi chúng nó chia tay,33,8,khác
Other,làm mấy chuyện dở người để được nó chú ý,40,10,khác
Disgust,không mưa thì kêu trời mưa thì cũng kêu trời,44,10,khó chịu
Other,họ có thể không giàu có về vật chất nhưng hạnh phúc của họ giàu hơn rất nhìu người ❤,84,20,khác
Disgust,"người ta ăn hàng tỉ lại phát 5 tr , còn gì là pháp luật nữa",59,16,khó chịu
Disgust,à còn có thể loại con trai cắt tóc xong rồi tự soi gương xong khen mình đẹp trai mới vãi,88,21,khó chịu
Enjoyment,"per đi làm với c mình vui hết xẩy , trừ những lúc khó tính :))",62,16,vui vẻ
Other,phải tôi đỗ lên vỉa hè giáp cửa nhà bạn bán hàng luôn . vỉa hè rộng thế kia cơ mà .??????????,93,22,khác
Sadness,cảm thấy sợ mấy thứ suy nghĩ cổ hủ của người lớn :(,51,13,buồn
Enjoyment,bò ra mà cười :)),17,5,vui vẻ
Other,per xem cái này đỡ chán đi ông,30,8,khác
Sadness,em buông tay anh nhé .... quá khứ ấy anh hãy xoá hết đi .......,63,15,buồn
Enjoyment,thông minh vãi,14,3,vui vẻ
Other,gửi đứa nào chưa có người yêu,29,7,khác
Disgust,mày lười vãi lol,16,4,khó chịu
Other,đi xem 1 mình có sợ ma không 🤔,30,9,khác
Other,chả thấy nói nó cho admin bao nhiêu xiền để pr nhỉ,50,12,khác
Enjoyment,tôi đã xem đi xem lại 3 lần và xem lại lần hai mới hiểu hết nội dung và thấy hay hơn khi xem lại lần 3 . ai chưa xem hãy vào xem thử 2 lần !,140,38,vui vẻ
Other,"anh biết em có nhiều chuyện , nhưng việc trước mắt là em nộp phạt đã , nếu không xe em sẽ bị thu vào đồn",104,26,khác
Sadness,thế hóa ra nguy cơ trầm cảm của tao cao lắm,43,11,buồn
Enjoyment,mày giận lại tao hả tốt quá bố mày được đi chơi game rồi . tối về dỗ nó sau . chờ mãi câu giận của mày :)),106,28,vui vẻ
Other,đừng đùa với người nước ngoài nhé,33,7,khác
Disgust,làm giáo sư mấy chục năm mà cuốn giáo trình chưa thuộc hết nữa à,64,15,khó chịu
Sadness,anh lỡ mất em rồi huhu,22,6,buồn
Other,nhớ lại ngày xưa,16,4,khác
Enjoyment,bình tĩnh vãi_chưởng =)),24,4,vui vẻ
Disgust,đai giảm tốc độ kiểu ấy mà gặp mấy bà đang đau đẻ là xác định đẻ trên xe hay ở nhà đi rồi hẳn đem lên bệnh viện 😂😂😂,115,30,khó chịu
Enjoyment,thạ timmmmm đùa tao yêu mặt nó lúc ôm đầu vlllll xinh quá con ưiiiiiiii,71,15,vui vẻ
Anger,đứa nào tin là đơn giản thế ra đây tao tát cho vài cái cho tỉnh :),66,17,giận dữ
Anger,mẹ . trung thu là tết thiếu nhi . có phải mùa động dục đâu mà phải có người yêu nhỉ . vớ va vớ vẩn 😒,100,27,giận dữ
Sadness,nhiều khi cũng muốn người yêu chọc để dỗi phát cho bằng người ta . mà nhận ra mình làm gì có người yêu 😌,104,25,buồn
Anger,lâu lâu mới có dịp ăn bánh trung thu mà gặp bán hàng halo thế này thì cho ế mẹ luôn không mua bán gì hết . xem ai bất hạnh hơn ?,128,33,giận dữ
Other,ngáo như con cáo rồi ????,25,6,khác
Anger,khác đéo gì . về thái độ lồi lõm nhìn muốn sút cho phát 🤬🤬,58,15,giận dữ
Other,mấy con gà bị lừa mà đéo biết .,31,9,khác
Disgust,móng dài thế lúc đi ỉa xong làm sao xịt nước . xịt nước 1 tay còn tay kia phải rửa đít mới sạch được chứ . khả năng cao ông này dùng giấy chứ không dùng vòi xịt,160,39,khó chịu
Enjoyment,chút mua ... hehe,17,4,vui vẻ
Sadness,tạm biệt ánh sáng của đời tao,29,7,buồn
Sadness,cái tháng học sấp mặt luôn,26,6,buồn
Enjoyment,làm ở đâu không quan trọng . quan trọng là có chị em tốt để tạo nghiệp :)))),76,18,vui vẻ
Sadness,giống chó này hình như không có lông ạ ?? chó nhà em lông rụng đầy nhà .. huhu,78,19,buồn
Sadness,tôi từng được sống . nhưng đấy là truyện của năm ngoái rồi,58,13,buồn
Disgust,một lũ ngu,10,3,khó chịu
Enjoyment,dễ thươnggg,11,2,vui vẻ
Sadness,"vãi cả phí , có ... 81 tỷ hoy 😓",31,10,buồn
Disgust,ra tới cổng tao nói ha xấu cái chắc tao cười ỉa,47,12,khó chịu
Fear,nếu địa phương không xây cầu thì người dân cũng có thể tự làm cầu cây mà . phóng lỡ hụt chân thì xác định nát người .,117,28,sợ hãi
Disgust,cứ chiếu mấy bộ phim thế này bảo sao tụi nhỏ không chịu học,59,14,khó chịu
Other,giận làm gì cho mệt 🙄 đằng nào mày cũnh phải xin lỗi tao mà,59,15,khác
Sadness,móng của bố tao . hồi trước và bây giờ đã cắt vì lý do . sức khoẻ .,67,19,buồn
Surprise,uầy các cụ ngày xưa đẹp trai xinh gái thế,41,10,ngạc nhiên
Enjoyment,nín đi . sang ngủ với mẹ đi đêm nay anh chông chị cho =))),58,15,vui vẻ
Disgust,"không nghe lời cha mẹ , không ăn học , giờ đi hốt rác . không có giá trị trong xã hội , bày đặt chữi ai .",105,28,khó chịu
Anger,mày không phải nhảy vào mồm tao như thế . nhảy vào là tao cạp cạp cạp ...,73,18,giận dữ
Sadness,mình thiì chưa năm nào được trọn vẹn,36,8,buồn
Anger,loại mất dậy,12,3,giận dữ
Other,hỏi thế gian tình ái là chi =)))),33,8,khác
Fear,quả mắt nhìn sợ vãi,19,5,sợ hãi
Anger,vặt đôi gương cảnh cáo :)),26,6,giận dữ
Enjoyment,per chúng ta vẩn xài . kk,25,7,vui vẻ
Other,per nhớ lần mua mộc ra bờ sông ghê . đã thế còn làm li đặc biệt . dm,68,19,khác
Disgust,cảm xúc đéo gì khi mà họp lớp đéo đi,36,10,khó chịu
Disgust,vừa xử lí vừa thải nước bẩn ra liên tục thì coi như bó tay,58,15,khó chịu
Enjoyment,moá cưng quá ??,15,4,vui vẻ
Disgust,má con đàn bà thối mồm gặp thằng say hèm,40,10,khó chịu
Enjoyment,đó là dấu hiện của sự trưởng thành =))))))))),45,9,vui vẻ
Enjoyment,cứ mỗi lần có phim hay là xách nhau đi 🤣,40,11,vui vẻ
Surprise,vãi đông như này á 😢,20,6,ngạc nhiên
Enjoyment,cười muốn tắt thở 😂😂😂,21,5,vui vẻ
Other,ừ thế là kể từ đấy về sau đứa con trai nào cũng trở thành huynh đệ với nó hết,77,20,khác
Sadness,per không lẽ sau này kím bạn trai không tập gym 😖,49,12,buồn
Sadness,per huhuu không biết lúc đấy thực tập chưa :(((,47,10,buồn
Enjoyment,chất quá .. haha,16,4,vui vẻ
Disgust,"per cái thứ yêu nghiệt này cứ thấy tao như thấy crush , cứ gặp tao là đuổi :)",77,19,khó chịu
Other,"ốm cũng được , chỉ cần mát thôi 😌",33,9,khác
Other,cái vị mà ai cũg muốn thử và mỗi người thử lại cảm nhận được một vị riêng,73,18,khác
Surprise,per mày ăn ở kiểu gì mà ra được cái này luôn thế,48,13,ngạc nhiên
Disgust,chứ còn con mẹ gì nữa 😔,23,7,khó chịu
Other,"per 2ce thì có thể làm được , ly mà làm như vầy thì 🤣",53,15,khác
Disgust,- chủ tịch giả nghèo bán vé số và cái kết -> đừng bao giờ xem thường người khác,79,19,khó chịu
Other,phải giết ngay không nó lại đẻ trứng,36,8,khác
Enjoyment,yêu chết dược 😍😍😍,17,4,vui vẻ
Enjoyment,"thằng bạn ngồi kế bên lớp 2 nhà bán vàng mà nó học dốt , thế là làm bình thường về nhà cho nó , 1 bài 2k , mồi ngày kiếm 8 - 10k 🤑",130,36,vui vẻ
Sadness,để tao nấu thì quên luôn . xác định tối đó đói :((,50,13,buồn
Enjoyment,ngưỡn mộ chi lâu lắm oy . mà giờ biết thêm nhiều về chj nữa nên càng yêuc chj nhiều hơn 😍😍😍,91,22,vui vẻ
Enjoyment,haha cứ lên xuống thấp thỏm kìa ..,34,8,vui vẻ
Other,còn nhiều người chưa có người yêu lắm :),40,9,khác
Enjoyment,các bạn trẻ ! người lớn có thể nghe thấy tiếng chó kêu mà không hành động gì để cứu vớt . các em thật đáng khen . cần những bạn trẻ nhân ái như các bạn .,153,38,vui vẻ
Enjoyment,cuối cùng per cũng thành công rồi nha per nha,45,10,vui vẻ
Enjoyment,🤣 lau mặt bằng quần chíp của vợ à ?,35,10,vui vẻ
Disgust,đồng nghiệp của tôi là ai 😑,27,7,khó chịu
Disgust,con chó có đuôi . con người có ý thức . đm mấy thằng lol này ý thức đéo bằng con ruồi .,87,23,khó chịu
Fear,"khi xưa bị rượt 1 lần mà nhớ đời , còn mổ tao nữa chứ 😨😨😨",57,16,sợ hãi
Disgust,việc mày giận lại không còn quan trọng khi mày đéo còn là món mà nó hứng thú nữa 🙂,82,20,khó chịu
Fear,gì mà ghê vậy 😑 sởn gai ốc,26,8,sợ hãi
Enjoyment,ngầu lắm bạn ạ ^^,17,5,vui vẻ
Enjoyment,thực ra chỉ cần nhập đúng input là được thôi mà :d,50,12,vui vẻ
Enjoyment,dăm ba chuyện hẹn hò có gì hay ho 😌 nhưng mà thi thoảng có dăm ba cái chuyện này cũng hay 🙂 tóm lại xem để giải trí đỡ buồn cũng tốt 🙂,134,34,vui vẻ
Other,t tưởng nó nói tiếng việt chứ,29,7,khác
Enjoyment,má đáng yêuc quá dạyyyy ??,26,6,vui vẻ
Other,per đẳng cấp nào rồi em,23,6,khác
Enjoyment,"sao mày không như crush của tao , thuỷ triều lên cũng đéo sợ nhé 😆",66,16,vui vẻ
Sadness,khổ thân vãi :)) xong bà lườm luôn :)),38,9,buồn
Other,học sinh cứ làm mấy việc tốt như thế này có phải các phụ huynh yên tâm không . 😍😍,81,20,khác
Enjoyment,dù trời có sập cũng phải ăn đã nhé :))) anh có gấp lắm cũng phải chờ em nhé 🤣🤣🤣,79,20,vui vẻ
Enjoyment,cưng thiệt chớ ????,19,4,vui vẻ
Other,"màu này lạ quá , kết hợp hài hòa đẹp quá",40,11,khác
Other,"dùng iq xíu đi mấy má , người ta đang mô tả tình yêu của người ta",65,17,khác
Other,đây là hình ảnh của boss trước khi có vợ và sau khi có vợ là một tr một vực,75,20,khác
Disgust,ý thức người khác không tốt thì cũng chẳng bao biện được hành xử của bạn không tốt . nghe từ đầu đến cuối là tiếng la hét chửi rủa -.-,134,31,khó chịu
Fear,"thật là romantic , mà mà mà ... sao nghĩ tới cảnh động phòng hoa chúc tao thấy nhột nhột lỗ đít 😧😧",98,23,sợ hãi
Anger,"per đi coi phim coi , hẹn quài luôn á",37,10,giận dữ
Enjoyment,bố là số 1 vĩ đại hơn những gì con cần,38,11,vui vẻ
Disgust,tưởng thế mà ngầu,17,4,khó chịu
Sadness,hôm nay anh xin lỗi em về những việc anh đã làm hôm nay .. anh không thể kiểm soát não anh được nữa rồi 🤫,105,26,buồn
Enjoyment,thế này mà gặp per thì phải chạy phọt dắm ra quần per nhỉ,57,14,vui vẻ
Sadness,sao nỡ lòng nào khiển trách bác ấy . còn họp kiểm điểm nữa . tội quá .,70,18,buồn
Sadness,khổ nhân viên,13,3,buồn
Fear,mới ho mà đã như thế nào thì lấy chồng chắc sống trong bệnh viện cả đời mất thôi,80,19,sợ hãi
Anger,hồi lúc nhà tao nuôi mấy con ngỗng . mỗi lần đi ngang nó là nó đòi dí cắn mà trong khi tao là người cho nó ăn . thứ ngu như bò 😤😤,129,34,giận dữ
Surprise,thế mà cũng bắt được siêu vãi,29,7,ngạc nhiên
Enjoyment,per ê xem đi phim này lâu rồi nhưng mà hay lắm,46,12,vui vẻ
Sadness,còn tao thì còn không có nổi 1 người tỏ ra thân thiết quan tâm cơ . _ .,71,19,buồn
Sadness,có gặp cũng đéo dám ngẩng đầu lên nhìn,38,9,buồn
Fear,"công nhận lãng mạn thật , nhưng tao đang tưởng tượng cái cảnh động phòng , eo ơi ......",87,19,sợ hãi
Other,ông định làm gì anh vợ tôi ?,28,8,khác
Sadness,có đủ mọi gia vị :< em thấy vị đắng của sự chua sót quá nhiều :),64,17,buồn
Anger,thằng chó chết mày quá dã ư,27,7,giận dữ
Sadness,có duyên nhưng không có phận ... người ở lại vẫn luôn là người đau nhất !,73,17,buồn
Other,per hôm nay c cũng bị giống thằng này này,41,10,khác
Enjoyment,mua thêm vài trăm con cá xấu thả chắc vui hơn,45,11,vui vẻ
Sadness,:( cầu chúa ơn nhiều ban bình an cho những người kém may mắn như vậy,68,16,buồn
Disgust,đéo hề dễ thương khi nó cười với đứa khác :)),45,11,khó chịu
Other,dài quá vướn víu,16,4,khác
Fear,nhiều lúc sợ bị pê đi,21,6,sợ hãi
Sadness,"trượt rồi , còn đâu mà rủ 😞",27,8,buồn
Disgust,hình như đây là 3 đứa ranh con củ lồn đó ((:,44,12,khó chịu
Disgust,"kiến đỏ thì được , nhưng đây thì lại mấy con kiến hay bò qua cứt .... mấy ổng ăn ngon vãi 😐",91,23,khó chịu
Enjoyment,azz :3 mặt cưng xĩu,19,5,vui vẻ
Fear,"lâu lắm đéo được gặp nhện trong wc , quên mất cảm giác nhịn ỉa như nào rồi 😂",76,19,sợ hãi
Anger,cái thứ bán hàng đéo có tâm . rồi mày sẽ ế bánh cho mà xem,58,16,giận dữ
Disgust,ko biết đúng sai như thế nào giờ báo đài ai cũng bênh ông vũ tự nhiên cảm thấy táo xàm vì tiền bất chấp .,105,26,khó chịu
Enjoyment,gặp tao cũng thế :))),21,5,vui vẻ
Enjoyment,"cái quá phơi lúa xong mưa , tao đang cười vì bà béo thì phải ngậm mồm .",71,18,vui vẻ
Disgust,chụp xong về chia tay ráng chịu :))),36,8,khó chịu
Enjoyment,"per huyền thoại , kkkk",22,5,vui vẻ
Enjoyment,3 chàng ngốc . top 1imdb phim đáng xem nhất mọi thời đại,56,13,vui vẻ
Disgust,giống con nít quá ba :))),25,6,khó chịu
Disgust,đúng là thằng admin khùng,25,5,khó chịu
Enjoyment,"ngày xưa toàn bị mẹ đánh bằng dây điện , vụt phát nào ứa máu phát đấy . giờ nghĩ lại tự nhiên lại thấy hay , vì ngày xưa mẹ nghiêm khắc như thế giờ mình mới ngoan 🙂",164,40,vui vẻ
Anger,thằng dăm này phải cho vào tù nó mới biết thế nào là dâm rê,59,15,giận dữ
Surprise,per cú này hoành tráng hơn bệnh nhân của anh luôn nè,52,12,ngạc nhiên
Surprise,cái này đẹp tía,15,4,ngạc nhiên
Enjoyment,nào tao cũng phải thử =)))),27,6,vui vẻ
Disgust,ngu thì chết . chẳng biết nó nghĩ sao mà lao vô cướp ngân hàng ... có thằng nào thoát bao giờ đâu . không biết nó có hiểu không 😅😅😅,131,31,khó chịu
Other,này 2 đứa . đã chia tay chưa . chia tay rồi có xem lại video này không .,72,19,khác
Other,cho hết vào trường giáo dưỡng,29,6,khác
Other,cao su không thu mà đồi cao su đắt vậy,38,10,khác
Enjoyment,per gặp thần tượng mỗi ngày kkk,31,7,vui vẻ
Other,lâu lắm không nghe bài này .. có bà bạn bình luận dạo mới nghe lại ??,69,17,khác
Anger,con mèo mặt lol dám đập con thỏ của tao sao 😡😡😡. dkm mày,56,14,giận dữ
Enjoyment,sau nay em cung uoc duoc nhu vay ❤,34,9,vui vẻ
Enjoyment,ngộ nghĩnh nhỉ ! lạ lờ nhỉ !,28,8,vui vẻ
Sadness,một năm đầy biến động và thăng trầm của nước pháp ☹️,52,12,buồn
Disgust,"dm gì cũng bắt phải làm , phí thu vãi thì chả top1 :))) nhân với chả viên",73,18,khó chịu
Enjoyment,per :)) hiểu được nỗi lòng anh chưa ! mốt đừng giận anh nhiều nữa nha,69,16,vui vẻ
Surprise,việt nam có hệ thống bật tường sắt như nước ngoài luôn à :v,59,14,ngạc nhiên
Disgust,nhìn mặt con mèo là thấy ghét rồi,33,8,khó chịu
Sadness,phận làm con trai haizz,23,5,buồn
Disgust,chơi ngu vừa thôi mày,21,5,khó chịu
Other,thiết kế vậy tiện . nào hư của xe thì lấy của quạt gắn vào đỡ mất tiền thay,75,19,khác
Other,biết bao khó khăn mới được vậy,30,7,khác
Sadness,3 giờ sáng nằm xem xong khóc miên man 😢😢,40,10,buồn
Enjoyment,em mình là con trai viết đẹp y chang thế này nhé,48,12,vui vẻ
Other,hóa chó nhiều quá thì cũng có lúc phải hóa thành người chứ =)))),64,14,khác
Anger,dm con già mà hành xử trâu chó . đời nó sẽ gặp báo ứng,54,15,giận dữ
Enjoyment,per má có điểm cho sướng vãi,28,7,vui vẻ
Enjoyment,cảm ơn những người thả 😡 nên mình biết là đéo hay nên mình đéo xem . may vãi,76,19,vui vẻ
Other,đề này cũng bình thường mà đâu có khó,37,9,khác
Disgust,mắc dại thiệt chứ,17,4,khó chịu
Disgust,kém sang,8,2,khó chịu
Sadness,thanh xuân là để bỏ lỡ 😔,24,7,buồn
Other,tẩy được bao nhiêu mà hô hào gớm thế,36,9,khác
Other,công khai biết sai sao vẫn làm .,32,8,khác
Enjoyment,năm ngoái nhìn rồi năm nay ở nhà xem lại phim ác quỷ valak the nun .😄😄,70,17,vui vẻ
Enjoyment,đẹp trai v :((((,16,4,vui vẻ
Disgust,"chủ quá vô tâm ?? thà đừng có nuôi , nhà tôi nuôi chó cỏ thôi nhưng vẫn tim thuốc định kì đấy ??",96,24,khó chịu
Disgust,do kiếp trước mày nghiệp nhiều quá lên giờ phải trả thôi,56,12,khó chịu
Enjoyment,có tâm mới có tầm haha,22,6,vui vẻ
Surprise,lấy tiền tỷ mat phạt có 5tr thôi á ?,36,10,ngạc nhiên
Sadness,per nghe lại buồn vãi,21,5,buồn
Sadness,năm nay chạnh lòng quá . haizz,30,7,buồn
Enjoyment,"mình theo dõi mấy nick quân nhân , tập trận , pccc ... hay vãi luôn á .",71,18,vui vẻ
Fear,ám ảnh đến bây giờ 24 tuổi vẫn sợ ngỗng :))),44,11,sợ hãi
Other,"thao trường đổ mồ hôi để chiến trường đỡ đổ máu , ý thức từ bé đi 🙂",67,18,khác
Disgust,"và mấy mẹ thấy mỗi cái chi tiết : ông vũ khuyên bà thảo lui về sau . chăm lo cho gia đình .,,, là gào mồm lên , kêu đàn ông gia trưởng này nọ , vũ phu , bảo thủ nọ kia .... đúng là toàn mấy con bò ... chả ai hiểu bà thảo bằng ông vũ cả đâu , người ta khuyên vợ lui về vì thừa biết tính vợ , tầm nhìn của vợ đến đâu . còn thực vợ giỏi , có tầm thì chả thằng nào không muốn sát cánh , đồng lòng với người chăn gối , tay ấp cùng mình cả . vấn đề là cái tầm của bà thảo để mà đưa tn đi lên chỉ có vậy , vì đó là tâm trí của một con buôn .",534,139,khó chịu
Enjoyment,"ba cái đồ yêu , 1 ngày 2 lần nấu đây , ngon bá cháy bọ chét nhé , thơm mùi khói nữa …",85,24,vui vẻ
Disgust,nó sẵn sàng kiếm cớ bỏ người đang quen để theo người có tiền nhiều hơn,70,16,khó chịu
Other,tại ông bố bảo thủ hết,22,6,khác
Anger,"trung thi thì liên quan mẹ gì đến việc có gấu , tao thà ngồi nhà cho khỏe để xem mấy thằng đó dắt vợ của thằng khác đi chơi !!",126,31,giận dữ
Enjoyment,:))) đồng nghiệp đáng yêu,25,5,vui vẻ
Enjoyment,chuẩn không cần chỉnh chỉ cần sửa thôi ...,42,9,vui vẻ
Enjoyment,chuẩn lun,9,2,vui vẻ
Disgust,dume hẩy kiểu đó làm sao mấy bà kia ăn dô nữa 🙂,47,13,khó chịu
Enjoyment,crush của tao cười hơi bị xinh :3 xinh + cười = đỗ mãi • 3 •,60,17,vui vẻ
Disgust,"trông mấy anh bên người ta vẫn men nhỉ , bên mình bạn nam dưới nhìn hơi íu đúi .",80,20,khó chịu
Surprise,woa ... dài dữ ..😃😃,19,5,ngạc nhiên
Fear,đừng ai lấy cả hộp kẹp của anh ý nhé :(((,41,11,sợ hãi
Sadness,lại mất tiền ngu,16,4,buồn
Other,có người còn thả haha não gì ấy nhỉ . gạch đá xin nhận,54,14,khác
Enjoyment,sau vụ 200k thì vụ 5tr này có nội dung hài hước y hịt :)))),59,15,vui vẻ
Other,sang năm khênh hẳn giường ra nằm xem cho đỡ mỏi lưng,52,12,khác
Fear,má chắc gặp tao chạy mất giày,29,7,sợ hãi
Sadness,thế chân ngắn như tao thì phải làm sao với cái cầu,50,12,buồn
Enjoyment,phim rất ư là hay lun quả xứng đáng là đạo diễn phim việt nam tài ba,68,17,vui vẻ
Disgust,mẹ mấy tk chê này chê nọ thử chạy 5 vòng sân bóng đá đi đã rồi hãy phán người khác .,84,22,khó chịu
Disgust,thằng biến thái,15,3,khó chịu
Enjoyment,ra xã hội rồi mới biết mình còn may mắn hơn rất nhiều người vậy nên hãy trân trọng những gì mình có 😊,101,24,vui vẻ
Anger,đéo thấy vui đến lúc nó dừng xe đạp nó vả cho vỡ mõm lại hỏi tại sao 😌,70,19,giận dữ
Enjoyment,đầu năm chúc đại kỷ nguyên vạn sự như ý nhé,43,11,vui vẻ
Other,"hồi nhỏ chỉ khi nào mẹ làm bánh tai yến thì mới dùng tới bếp dầu hôi này , không là bỏ tủ để dành",97,25,khác
Disgust,khi bạn ngu tất cả các lĩnh vực như toán học văn học nhưng vẫn cố tỏ ra nguy hiểm,81,20,khó chịu
Sadness,tự nhiên mình lại không muốn làm single mum nữa -.-,51,11,buồn
Other,quan trọng là đồng nghiệp tốt và sếp,36,8,khác
Sadness,không có gì là tồn tại mãi nhỉ,30,8,buồn
Sadness,đau lòng lắm khi tối nay chồng tương lai của tao lại cống hiến sức lực để chăm sóc vợ thằng khác ..,99,23,buồn
Disgust,nhiều cụ cứ chửi người ta mà không chịu xem lại bản thân mình :)),65,15,khó chịu
Disgust,đi hành xác chẳng có cái vẹo gì :))) tao đi 1 lần tao cạch,58,15,khó chịu
Other,chưa hoàn thiện hết đâu .,25,6,khác
Enjoyment,các bạn đã xuất sắc hoàn thành nhiệm vụ,39,9,vui vẻ
Disgust,"chạy xe ra đường mà che kín mặt , làm sao mà quan sát xung quanh được . đúng là ninja xành điệu , mai mốt thành ninja bàn thờ cho mà xem .",138,34,khó chịu
Enjoyment,per mỗi ngày đi làm thấy per là như có thêm power cho 1 ngày siêng năng !!!!,76,18,vui vẻ
Disgust,con gái thật lòng nhất khi con trai không có gì . con trai thật lòng nhất khi anh ta có tất cả mọi thứ . cuộc sống mà 🙄 có chắc mình thấy gái xinh là không tớn lên không mà đòi con người ta không mê tiền . phát biểu nghe thực dụng vãi,234,56,khó chịu
Disgust,"dume lương cao nhất vẫn là các lãnh đạo nhé , trăm đến nghìn tỷ :))) mà toàn chạy thêm xe ôm với bán rau :))))",110,26,khó chịu
Enjoyment,cuối cùng tao cũng được xem hết mấy cái video mà trước đọc comt đéo hiểu gì 🤣🤣,78,18,vui vẻ
Disgust,cái phim vietsub đang hay lồng tiếng vào nghe dị ứng thật 😒😒,60,13,khó chịu
Other,nắng quá chứ bộ ai muốn,23,6,khác
Other,sau vụ này ý thức đậu đỗ xe của tài xế sẽ tốt hơn rất nhiều !,61,17,khác
Sadness,hôm ấy tao chân ướt chân ráo từ quận 6 lên quận 3 cũng rẽ trái đoạn ntmk và cmt8 . mất 3 lít :( khôn hẳn ra,107,28,buồn
Fear,nổii da gà hic,14,4,sợ hãi
Enjoyment,tìm mọi lí do để có thể chạy xe ngang nhà nhìn nhà nó phát xong cười mãn nguyện đi về :)),89,22,vui vẻ
Fear,nguy hiểm lắm,13,3,sợ hãi
Disgust,ông này chính xa ́ c làm biến nhất thế giới !!! để bộ móng tay như thế này sao làm được mọi viê ̣ c !,101,27,khó chịu
Enjoyment,tính ra tao lúc nào cũng hài hước vui vẻ luôn đó trời :)))),59,14,vui vẻ
Sadness,"cũng tùy , đôi khi không cần vật chất mà chỉ cần động viên , san sẽ những khi con mình vấp ngã hay khó khăn trong cuộc sống thì ...",131,31,buồn
Sadness,cảm thấy bị tổn thương,22,5,buồn
Disgust,eo ....,7,2,khó chịu
Fear,sởn gai ốc với chị ấy,21,6,sợ hãi
Other,"haha con hãm bán nước hoa fake mà kêu real , bị tao vạch mặt rồi block tao",74,18,khác
Disgust,hóng mấy đứa mấy thằng tag người yêu rồi ảo tưởng như thế này xd,64,15,khó chịu
Sadness,"còn tôi thì lại khác , thanh xuân của tôi chả có bây giờ gặp được aiii và hạnh phúc bền lâu cả :(",97,24,buồn
Other,càng nhìn tấm ảnh càng thấy thương cha mẹ nhiều hơn,51,11,khác
Fear,"ám ảnh hồi bé của c , con này trông nhà oke hơn cả chó luôn",59,16,sợ hãi
Other,cai lo xô tôi đang xài mỗi ngày,31,8,khác
Other,hình như xe biển xanh,21,5,khác
Disgust,lớp tao thì học nhau 3 năm chụp kỉ yếu nói : đéo có tiền đi chụp . địt mẹ mấy con mặt lồn . quá đen khi học còn mấy con đấy,123,33,khó chịu
Surprise,trời ơi quảng cáo ngói mà sống động quá,39,9,ngạc nhiên
Enjoyment,"hy vọng chừng đó con đã đi mẫu giáo lớn , 1 xe bảy chổ và nhà hai tấm 🤣",71,20,vui vẻ
Other,per đừng lầm tưởng,18,4,khác
Disgust,bưởi chín nó như vậy đấy ngu ạ,30,8,khó chịu
Other,không sao đâu :) bệnh này lây qua đường tình bạn,48,11,khác
Anger,1 bạt tai 2 đạp chứ ở đó bướng,30,9,giận dữ
Disgust,súc vật là có thật .😏,21,6,khó chịu
Enjoyment,anh vui thì anh ngồi thôi ... chú cự để mặc anh . :v,52,14,vui vẻ
Enjoyment,"phim này nên xem và thuộc mấy đoạn thoại , rất hay",50,12,vui vẻ
Sadness,vn là vậy . bn công chăm sóc của tao đổ sông đổ biển .,54,15,buồn
Other,thế em ăn anh được không ?,26,7,khác
Enjoyment,như kiểu người yêu luôn ấy =))) nhẹ nhàng,41,9,vui vẻ
Enjoyment,per cđ chỉ cần đơn giản như thế đã ấm lòng thế ... rơi cả nói chuyện mắt ...,76,19,vui vẻ
Sadness,chỉ mong cảnh này sẽ không còn xãy ra ở xã hội này nữa . bất hạnh vậy đủ rồi 😞🙁,79,21,buồn
Disgust,đúng phải chia tay gặp loại óc chó thế này cơ mà,48,12,khó chịu
Disgust,xạo quá add ơi ! y tế nào lương 24tr thế ?,42,12,khó chịu
Sadness,"tao thì chưa cắt thì đã đéo có sức hút rồi cắt , bùn vãi",56,15,buồn
Enjoyment,"per đâ ́ y , hiê ̉ u vi ̀ sao nên cha ̀ o mo ̣ i ngươ ̀ i chưa",62,22,vui vẻ
Other,khó hiểu lắm,12,3,khác
Sadness,ước gì tôi cũng được kiên trì như anh ấy để dạy con gào mất nết nhà tôi 😪,73,19,buồn
Disgust,con này ăn cức mà lớn hay sao ấy . đánh không lại thì chạy ngu như bò đứng cho tụi nó đánh,90,23,khó chịu
Disgust,khi nào có người mang trầu cau sang hỏi cưới thì tao kết hôn . hỏi thừa thế 😒,77,19,khó chịu
Enjoyment,cho em canh với . hehe,22,6,vui vẻ
Enjoyment,"vừa về xong , phải nói là đông vãi đông chứ không phải đông bình thường =))))",77,17,vui vẻ
Enjoyment,trên đời vẫn còn nhiều điều tốt đẹp ❤️,38,9,vui vẻ
Sadness,chắc học từ bỏ quá,18,5,buồn
Enjoyment,mẹ thấy đơn giản không ? đấy giờ chỉ việc lên số cái .... lên ...☝️☝️,69,16,vui vẻ
Disgust,và thế những thanh niên ô dâm vào bình luận về cô giáo mình như đúng rồi . nhân cách mất mẹ nó rồi,98,24,khó chịu
Disgust,per tôi có 1 thằng bạn lúc nào cũng chỉ lo dìm hàng chiều cao của tôi thôi .,76,19,khó chịu
Sadness,yêu làm mẹ gì rồi phải chia tay người ơi,40,10,buồn
Other,cô per vợ ông per - trung nguyên - có phải là cô giáo per huyền thoại không nhỉ ?,81,20,khác
Other,chỉ sợ tốc độ ăn của dân mình thì không kịp gây hại thôi,56,14,khác
Disgust,phạt là đúng rồi,16,4,khó chịu
Other,cần có cơ quan chức năng tới để làm rõ vụ việc với ngư dân đã bắt nó,68,18,khác
Disgust,ai bảo đi mách lẻo làm gì chúng nó chả đánh cho .,49,13,khó chịu
Enjoyment,chúc mừng em và chúc em học tập tốt ngành học đã chọn ! niềm tự hào của tây bắc !,81,21,vui vẻ
Disgust,t nghĩ thợ chụp đéo có tâm bằng thợ make đăng và thợ photoshop đâu,66,15,khó chịu
Disgust,"nói dân trí thấp lại tự ái , hỏi nhiều hỏng nhiệm vụ nó lại quy tội chống người thi hành công vụ thì ăn lồn",107,26,khó chịu
Enjoyment,có chị em nào khu vực loc đi coi cùng mình không ...,52,13,vui vẻ
Other,vì ai cũng có mối quan tâm riêng,32,8,khác
Enjoyment,"nói câu sau là nuốt câu trước , y chang nuốt não nó v đó nhỉ kk thật thú vị",75,20,vui vẻ
Other,mới mua p30 luôn,16,4,khác
Sadness,rồi nhận ra chỉ mình là cảm thấy như thế thôi hả :(,51,13,buồn
Disgust,nhìn cách dạy chó là biết cách dạy con,38,9,khó chịu
Enjoyment,ngày nào cũng ngủ với mẹ rồi mà vẫn còn tiếc :))))),51,12,vui vẻ
Enjoyment,"thằng nào vẽ đẹp , vẽ giúp tao tấm ảnh per phòng hờ cúp điện không có tài liệu quay tay :(",90,22,vui vẻ
Disgust,cho chừa cái thói chạy xe khôn lõi,34,8,khó chịu
Enjoyment,thề luôn con ngáo nó thích trêu mấy đứa sợ sợ như này =)),57,14,vui vẻ
Anger,"đm tao quăng bể mẹ nó cái màn hình , chó admin - _ -",52,15,giận dữ
Other,không biết nguyên nhân từ đâu,29,6,khác
Other,tài năng sáng tạo vẩy bút thôi cũng là nghệ thuật,49,11,khác
Fear,má :))) đoạn đeo mặt nạ kinh dị vkl :)),39,10,sợ hãi
Disgust,thế mới bảo . chủ động riết rồi nó xem thường :)),49,12,khó chịu
Other,cafe nguyên chất 🙂,18,4,khác
Sadness,"chưa nói chuyện thân thiết quan tâm , mới xã giao thôi đã lầm tưởng rồi ấy chứ , haizz khổ lắm",94,22,buồn
Fear,các mày trốn đi bọn chủ tịch đang đến kìa 😨😨😨,45,11,sợ hãi
Enjoyment,cái này phải hơn 20 năm rồi . lần đầu không biết canh lửa nên cơm khét hoài 🤣🤣🤣🤣🤣,81,19,vui vẻ
Disgust,per ông này ác thật con bé nó van xin thế rồi,45,12,khó chịu
Other,per sự tích con chim họa tao với mấy thắc mắc hồi trước nè,58,14,khác
Disgust,"mỏi lần làm phiền và sát hại bao nhiu con kiến , tôi không tu hành nhưng làm thế vì miếng ăn ác ôn quá ngon lành gì",115,28,khó chịu
Enjoyment,lớn lên sẽ rất đẹp chaiii ??,28,7,vui vẻ
Sadness,"thấy bảo sang năm được tủi , nhưng mà năm nay vẫn chưa có người êu",66,16,buồn
Enjoyment,diễn viên có cá tính hay nhât từng xem,38,9,vui vẻ
Enjoyment,mệt như chó :3 nhưng mà hoan hỉ đầu năm đi xin lộc :v,53,14,vui vẻ
Fear,per cái dume mày thấy tác hại của tập gym chưa,46,11,sợ hãi
Disgust,bạn đặt câu hỏi với mục đích không cần câu trả lời thì thôi mình không nói chuyện,81,18,khó chịu
Fear,"tao sợ chó lắm .""",17,5,sợ hãi
Other,"đấm liên tục vào mồm , không trượt phát nào ...",47,11,khác
Enjoyment,"per nếu có khi nào thấy bản thân vô dụng hay là thất bại , thì hãy nhớ có những người chế tạo ra mấy cái của nợ này . =))",121,31,vui vẻ
Other,per ai bày mày thiết kế thế này hả ???,38,10,khác
Sadness,gd năm nay chán,15,4,buồn
Enjoyment,em chờ được mà 🙂,16,5,vui vẻ
Disgust,thanh niên thích chơi nổi nhưng nói ngọng :vậy,46,9,khó chịu
Enjoyment,sau khi xem ảnh này xong tôi quyết định ... mua honda :v,56,13,vui vẻ
Enjoyment,tao cừi tao ỉa 🤣🤣🤣,18,5,vui vẻ
Enjoyment,per tuổi thơ của mềnh đi học là lúc nào bạn tao cũng ngồi trên và khi nào múa giờ ra chơi cũng múa chung với mềnh 😅😅😅,117,28,vui vẻ
Other,thấy không có gì hấp dẫn,24,6,khác
Other,chẳng bao giờ thấy sai,22,5,khác
Enjoyment,per bài tủ 1 thời =)),21,6,vui vẻ
Surprise,hồi xưa đã có giày sục mõm cá sấu rồi cơ à ??,45,13,ngạc nhiên
Enjoyment,chỉ mong ở cái độ tuổi ấy chúng ta còn được như vậy,51,13,vui vẻ
Disgust,trong luật có khung hình phạt xử bắn không ... ghê tởm,54,12,khó chịu
Surprise,nhanh thật . đã bắt được rồi,28,7,ngạc nhiên
Disgust,"lên kiểm tra phòng thấy dơ quá thì x10 x20 lên cho nó trả lòi lồn , lần sau nó không làm nữa việc chi không kiểm tra phòng giờ gào thét , nhiều phòng nó phạt nặng vụ bánh kem , rồi bình xịt xà phồng các kiểu , ghi tổn thất đồ trong phòng đền gấp đôi .",251,60,khó chịu
Other,rải đinh nhiều thật,19,4,khác
Other,nếu yêu anh ! em sẽ hỏi ý kiến anh về mọi việc .,48,14,khác
Enjoyment,giữ mãi lòng nhân ái các em nhé ! tấm lòng các em đẹp biết bao .,64,17,vui vẻ
Other,hình như chính là cái nhà thờ đó đó,35,9,khác
Disgust,"sao nghiệt ngã vậy :'( đề nghị bắt luôn con mụ tri hô vớ vẩn , phá vỡ hạnh phúc 1 gia đình",90,23,khó chịu
Enjoyment,bình yên thật,13,3,vui vẻ
Enjoyment,quan trọng là có con đồng nghiệp đầy khẩu nghiệp yến đặng 🤣🤣🤣,61,13,vui vẻ
Other,"ở việt nam một số người không giàu đơn thuần , tiền của họ không biết từ đâu ra nên khi lập sân sau họ có thể chơi trò này .",124,31,khác
Fear,má tao coi mà cứ sợ nó bay ra 😌😌,32,10,sợ hãi
Anger,đù mé nó ... bơi nhiều quá não rớt mẹ xuống hồ rồi hay gì mấy thằng chó,71,18,giận dữ
Other,chân ngắn sao đi đây ta ?,25,7,khác
Sadness,mẹ mắng lúc sáng sớm là xui cả ngày :(,38,10,buồn
Sadness,per mã mẹ biết hôm qua quay video sớm hơn ự,43,11,buồn
Disgust,"dân trí thấp , trẻ trâu , trai làng 🙂",37,10,khó chịu
Disgust,tự dưng cụt con mẹ nó 1 tay trong 66 năm 😂 chả để làm đéo gì . nhìn bẩn bựa vkl 😂,81,23,khó chịu
Disgust,nhện đéo bằng thằng lằn đâu :)) dume kinhh tởm vll :((,54,12,khó chịu
Disgust,địt mẹ 2 thằng bạn lol,22,6,khó chịu
Enjoyment,đùa ... cảnh sát việt nam tài thật . vụ gì cũng bắt trong 48 giờ,64,16,vui vẻ
Enjoyment,xem chỉ đợi đến đọan nó ngã để cười :)))),41,10,vui vẻ
Disgust,per đồ ảo tưởng,15,4,khó chịu
Other,đó là lý do tao chỉ muốn điện thoại là phương tiện liên lạc . không phảu phương tiện chứa đựng bí mật,101,23,khác
Other,"gia đình và tình yêu , để thay đổi mọi thứ",42,11,khác
Fear,"hồi lớp 1 đú theo lũ bạn về học nấu . thế là cơm sống , sợ quá vùi gạo trong đống tro",85,23,sợ hãi
Enjoyment,năm ngoái là hôm hai chị em chuẩn bị làm mứt tết ... cũng không nhó có gato với họ không ... năm nay thì khác .... vẫn cô đơn nhưng không hề gato .....,151,35,vui vẻ
Fear,chỉ là không có ai để nhắn thì mới nhắn cho mình . công nhận nguy hiểm,70,17,sợ hãi
Other,tau cố gắng chỉ được từng này 😦😦,32,8,khác
Anger,tội này nên cho đi tù cả lũ đi người mình hại người mình 😡,58,15,giận dữ
Disgust,thằng này cục súc vãi,21,5,khó chịu
Enjoyment,nhỏ ngầu lớn lên nhìn bê đi =))),32,8,vui vẻ
Disgust,thằng lái tàu mua bằng .. con ông cháu cha mới xin vào đây được .... bẻ lái lách ra 1 chút thì có sao đâu ... cục súc vãi ....,126,31,khó chịu
Sadness,tối nay chồng tương lai sẽ đưa con khác đi chơi 😆😆😆,51,12,buồn
Sadness,hôm nay đi qua vẫn thấy nói chuyện thải chảy thẳng ra sông thì bao giờ mới sạch được ... haiz,93,21,buồn
Sadness,"đó là 1 câu chuyện buồn , tao không có bạn trai hix hix",55,14,buồn
Other,ở daklak nữa không xử phạt thì còn mất nhiều,44,10,khác
Enjoyment,đầu mùa chua chua ăn ngon vãi_chưởng . thích vải lắm luôn . trong khi nhà toàn nhãn .,85,19,vui vẻ
Disgust,chẳng thấm vào đâu . so với số tiền khủng kiếm được . hằng ngày mụ ta nói khoác lác vài câu .???,96,23,khó chịu
Disgust,"tao có 4 cái ăn không tao share bớt cho , cạch mặt đứa bán hàng đi",66,17,khó chịu
Fear,đầu óc đến giờ vẫn còn nặng và đang né tránh mọi người .,56,14,sợ hãi
Enjoyment,chuyên cơ tt quá đẹp ! bao giờ má mua được chiêc như vâ ̀ y trơi ̀ !!,69,19,vui vẻ
Anger,bó tay . lại khiển trách . rút kinh nghiệm,42,10,giận dữ
Enjoyment,điên khùng . nhưng hahahah . nhiều tiền quá mạ ơi,49,11,vui vẻ
Sadness,một nỗi buồn thầm lặng,22,5,buồn
Enjoyment,béo tí đáng yêu mà =)),22,6,vui vẻ
Other,tag cái đứa bạn nghĩ nó nên gia nhập hội này ;),47,12,khác
Other,sau này có nhắn tin thì không phải là chào em mà là chào mọi người,66,16,khác
Disgust,tài liệu mật mà mày cũng biết à 😆 max xạo lờ,44,12,khó chịu
Surprise,ổng múa đẹp thiệt chứ bộ .,26,7,ngạc nhiên
Other,per anh có định quát mắng em không,34,8,khác
Surprise,"má ơi , coi đến fire tưởng quảng cáo rạp chiếu phim , đến cuối té ra là mái nhà =))",83,21,ngạc nhiên
Sadness,ra chỗ khác sóng không tới viết đi cậu :((( nhìn buồn vãi,57,13,buồn
Fear,rơi mất tim . nguy hiểm thiệt ^^,32,8,sợ hãi
Fear,"hồi nhỏ thì tao bị cả bầy dí , được fine :)))))) đến khi tao 12 và đi học đh năm nhất , sau 1 tháng xa nhà , về nhà và cái kết là tao không còn bước ra khỏi cửa nữa , n dí everywhere :)))))))",191,48,sợ hãi
Enjoyment,per ngồi ôm bụng cười và liên tưởng đến nhiều nhân vật,54,12,vui vẻ
Fear,ko sợ gì chỉ sợ con ml ý 😞,26,9,sợ hãi
Enjoyment,cảm thấy bạn trai tớ giận dỗi đáng yêu cực,42,10,vui vẻ
Other,ủa xưng mày tao thì có vấn đề gì nhễ,36,10,khác
Disgust,"toàn xử ép , đi tù gần được 7 năm rồi đền người ta 200 triệu . thời gian tuổi trẻ của con người rẻ mạt quâ",106,27,khó chịu
Fear,thứ mà dễ dàng qa cũng nguy hiểm,32,8,sợ hãi
Enjoyment,"đúng vại , với ai nó cũng tỏ ra như thế . hihi 😂",48,14,vui vẻ
Enjoyment,với mình đoạn mấy thằng đỡ đẻ là hay nhất,41,10,vui vẻ
Other,nhà em có tính lắp không per,28,7,khác
Disgust,gái đĩ già mồm,14,4,khó chịu
Sadness,thương em :(,12,3,buồn
Other,sáu múi đâu rồi,15,4,khác
Enjoyment,đậu phộng hahhahah may hềy,26,5,vui vẻ
Other,nó ở cái tầm vũ trụ chuẩn mẹ rồi,32,9,khác
Disgust,đổ vỏ chắc luôn 😌,17,5,khó chịu
Disgust,cô ấy còn không thèm coi tin nhắn của tao :((,45,11,khó chịu
Enjoyment,hạnh phúc phát khóc,19,4,vui vẻ
Surprise,per tụi này bản lĩnh ghê .,26,7,ngạc nhiên
Disgust,mai thi xong tao sẽ mang đống đề cương đi bán cho đỡ ghét,57,14,khó chịu
Other,dự là sắp có án mạng xảy ra 😂,29,9,khác
Other,phòng gì vậy .,14,4,khác
Disgust,"hai đứa đều có máu ở tay , mù à mà không nhìn thấy 😒",52,15,khó chịu
Fear,thằng nào sửa xe này dễ đau tim mà chết lắm . :)). nhất là những thằng sợ rắn .,79,20,sợ hãi
Other,đó cứ có phải trông giàu sang phú quý là sẽ sòng phẳng đâu,58,14,khác
Surprise,sao đũy đó có thể mập được vậy nhỉ,34,9,ngạc nhiên
Sadness,lại công cốc rồi . cả thế giới kì vọng,38,10,buồn
Enjoyment,tao tưởng tượng sau này sẽ có 1 thằng bồ vừa điên vừa ngáo giống tao .. chắc vui hết sảy 🤣,90,22,vui vẻ
Enjoyment,ai hát tao cho tao nge bài này chắc tao say quá,47,12,vui vẻ
Enjoyment,cách tốt nhất là đứng lên và chọn 1 nơi khác để tìm 1 thứ tốt đẹp hơn và dễ viết hơn :)),88,23,vui vẻ
Other,lập đội cảnh sat chuyên đi dẹp những nơi tụ tập như thế,55,13,khác
Enjoyment,tao ngự ở trong uống nước cho nhàn thân rồi,43,10,vui vẻ
Disgust,nếu bạn kinh doanh mà tôi đỗ xe trước cửa nhà bạn cả buổi thì đường của ai nhỉ,78,19,khó chịu
Other,per thuê kiểm kê tài sản do toà án làm bạn ơi . 😂 cả 1 nùi người làm cật lực đấy .,82,23,khác
Enjoyment,yêu quá ! xinh quá ??????,25,6,vui vẻ
Other,ước mơ làm ngành thật đam mê,28,7,khác
Sadness,câu chuyện của em làm anh cảm động quá …,40,10,buồn
Enjoyment,êu ơi sao con mụ này không gặp mình nhờ :))) ước gì có con mụ thế này tông vào mình ý :)))) klq mà giọng bé quay video đáng yêu thế ❤️,134,33,vui vẻ
Disgust,thề dume đứa nào nghĩ ra cái đoạn kết như kiểu hết phim như này nhàm vãi ra . đang hay thì tụt hứng,99,24,khó chịu
Anger,ko như thằng per năm ấy ngồi cạnh tao một hai không cho chép bài thi ! đm,73,18,giận dữ
Enjoyment,tuổi gì so với anh ! :) haha,28,8,vui vẻ
Sadness,"nó gieo cho tao mầm hi vọng , hi vọng vừa chớm nở nó đạp xẹp lép sự hi vọng bằg sự lặng im",90,24,buồn
Anger,bỏ tù hết lũ xả thải như thế này đi,35,10,giận dữ
Enjoyment,chữ tao từ lớp 3 đã kiểu như thế nào và còn đẹp hơn nhé .,57,16,vui vẻ
Fear,dume nó hết con mẹ nó hồn ....😭😭😭😭,34,8,sợ hãi
Enjoyment,14 / 2 năm ngoái tao mọc sừng . nên 14 / 2 năm nay tao quyết định cưa sừng 😊,76,21,vui vẻ
Enjoyment,đm trí tuệ vãi,14,4,vui vẻ
Sadness,thấy tội em thỏ bị ăn đòn tới tấp,33,9,buồn
Enjoyment,một bài dịch hay,16,4,vui vẻ
Enjoyment,giọng cute phết,15,3,vui vẻ
Disgust,mày độc ác vãi,14,4,khó chịu
Other,ở đây chúng tôi không làm thế,29,7,khác
Enjoyment,uầy . ngọt thế ??????,21,5,vui vẻ
Enjoyment,mỗi lần chào cờ :)) đậu má dth vãi :v,37,10,vui vẻ
Other,lâu quá rồi không nghe,22,5,khác
Other,sẽ được toại nguyện thôi . yên tâm .,36,9,khác
Surprise,"à , thì ra là nó dỗ mình 😂",26,9,ngạc nhiên
Enjoyment,dth quá haha,12,3,vui vẻ
Other,bớt rung động đời bớt suy nghĩ,30,7,khác
Other,tóm lại gọi là nghệt thuật của kinh doanh là bán lỗ ho nhanh,60,14,khác
Disgust,"mấy thằng con nào sủa câu "" công việc thì chịu đi than cái lol "" thì dume tụi bây sau này ráng làm giàu làm chủ nha con chứ nghèo thì con cái tụi bây phải đi làm thuê làm mướn gặp hoàn cảnh tương tự rồi tụi nó quay lại chửi vô mặt cha mẹ nó là chúng mày thì nhục lắm nha con .",276,67,khó chịu
Enjoyment,per một thời nè 😃,17,5,vui vẻ
Fear,"má gần nhà có nuôi 1 cặp ngày nào đi ngang nó nhìn thấy nó quay đầu bỏ chạy , con gì mà dữ thấy mẹ hà",101,27,sợ hãi
Disgust,cái kết hay nhất là đuổi khỏi dòng họ tiếp theo nhàm quá,56,13,khó chịu
Sadness,định share mà đọc bình luận tắt con mẹ nó cảm xúc :(((((,56,13,buồn
Other,thật là một sự mỉa mai,22,6,khác
Sadness,tao đang cố un crush nhưng khi xem xong video trên thì ..........( khóc không ra nước mắt ),91,19,buồn
Enjoyment,lúc mày vui thì sao :))) những lúc buồn hãy nghĩ lại trước kia vui sướng !,74,17,vui vẻ
Other,anh ơi :3 hôm nay em thích anh chơi game và đi ngủ sớm đấy :3 đừng đi chơi với gái :<,85,22,khác
Disgust,ai ngu như mày,14,4,khó chịu
Enjoyment,per bị phạt 10tr à c 🤣🤣,23,7,vui vẻ
Enjoyment,xem mấy lần rồi vẫn thấy hay,28,7,vui vẻ
Enjoyment,đơn giản mà mấy ai làm được .... ngưỡng mộ,42,10,vui vẻ
Enjoyment,hạnh phúc ghê,13,3,vui vẻ
Disgust,vớ vẩn :)))),12,3,khó chịu
Enjoyment,nt thêm cái dạ vâng thấy quý vãi,32,8,vui vẻ
Sadness,:) đàn ông mà nặng tình vãi lol ra,34,9,buồn
Disgust,loài vật đang dần dần có trí khôn và hành động như một con người còn một số người thì đang tiến hóa ngược :v,108,25,khó chịu
Disgust,khiếp quá có đẹp đẽ gì đâu chứ ?,32,9,khó chịu
Sadness,"dù chỉ để nhìn 1 cái , để biết người ấy vẫn ổn , người ấy còn tồn tại . ít nhất là nv 😔",87,25,buồn
Other,biết đâu mưa xuống ổng ấy lại hết ngáo ??????,45,10,khác
Sadness,"phải chi có ai đối với tao như này ha . nghĩ lại , mình không bằng cả chó . aiyo ....",85,22,buồn
Fear,tao mà ở đây là sợ rụng trứng luôn chứ đừng nói ăn,50,13,sợ hãi
Enjoyment,tao rất thích nhạc trung từ giai điệu đến ý nghĩa rất hay 😁😁😁,61,14,vui vẻ
Anger,"đứng nhất tại trừ phí nhiều chứ khỉ gì . mới lãnh lương xong là trừ , không đki dịch vụ gì hết mà tháng nào cũng trừ , tới lúc cần giải quyết ra đợi cả buổi , rồi lại hẹn cả tuần .",180,45,giận dữ
Sadness,làm phục vụ xong 4 tháng đi hà nội 1 lần chỉ để gặp người yêu xong giờ thì mới biết là nó cắm nguyên cây sừng lên đầu mình,122,30,buồn
Anger,thế con lồn chủ nhiệm kia đéo có trách nhiệm gì nữa à :/ giáo viên mà sao nghĩ ngắn thế ?,89,22,giận dữ
Enjoyment,trong khi đó lũ con trai lớp tao mỗi lần cắt tóc xong là một vở kịch mới được mở màn :vv,88,22,vui vẻ
Enjoyment,"chúg mày cứ bảo nhắn thêm , tao thấy mày nhắn chữ dạ vâng là đã thấy đáng yêu rồi :)))",86,21,vui vẻ
Disgust,con đũy ngổng ngáo,18,4,khó chịu
Disgust,add xem ảnh ngoài đời chưa mà nói dume,38,9,khó chịu
Sadness,có người sinh ra đã giàu có người làm cực khổ cũng không thể giàu . thương ông,78,18,buồn
Surprise,cho hỏi ngu tí là tiền bồi thươ ̀ người mấy vụ án oan lấy ra từ đâu vậy ??,74,20,ngạc nhiên
Sadness,tên thì tất nhiên nhớ nhưng ngày sinh của tao thì ông bà bô nhà tao không một ai nhớ cả ^^,90,22,buồn
Enjoyment,câu chuyện vui ha =]],21,5,vui vẻ
Surprise,sao em này lại xinh vậy ?,25,7,ngạc nhiên
Enjoyment,đáng yêu mà sợ gì,17,5,vui vẻ
Other,không hiểu lắm,14,3,khác
Disgust,"tao chả thấy cười ở cái đoạn buồi nào cả , sắp đến đoạn hay tí lại ngắt cmnl",76,19,khó chịu
Enjoyment,chúc trump chuyến bay thật may mắn nhớ tới thăm hà nội nhé xin chào,67,15,vui vẻ
Fear,"gặp tao , tao ré cái hoảng mất :(( đáng sợ qué",46,12,sợ hãi
Other,có đứa nào giống tao vào đọc bình luận để biết cái này là cái gì không .?,73,18,khác
Disgust,"này hai đứa , đã đi niềng răng chưa , chưa thì đi niềng đi rồi quay lại nhé nhởn ra cười như hai đứa thần kinh nhé",114,28,khó chịu
Other,"sai nhé ! không phải trầm cảm đâu . thứ đó , kinh khủng hơn rất nhiều",69,17,khác
Other,lò bếp dầu một thời nè gì per,29,8,khác
Enjoyment,khi nhỏ còn bị nghiện mùi khói này nữa chớ . 😄,46,12,vui vẻ
Enjoyment,lâu lắm rồi mới nghe lại bài này 😀,34,9,vui vẻ
Enjoyment,phim này xem rồi ý nghĩa vài,28,7,vui vẻ
Other,khi đang xây cầu mà bị rút bớt kinh phí !,41,11,khác
Enjoyment,ít nhất con nhện nó còn yêu mày 🙂🙂🙂,35,9,vui vẻ
Anger,tao bẻ cổ mày luôn ấy,21,6,giận dữ
Disgust,"đm 3 tiếng đi được 20m , đéo biết bao giờ mới về đến nhà",56,15,khó chịu
Disgust,dell hiểu phí cái con cặc gì =))) cái tỷ lệ mặt này .,53,14,khó chịu
Other,mày chặt một tay đi cho dễ nhớ,30,8,khác
Sadness,khoảng gần chục năm về trước thì còn vàng trắng .... giờ thì bán còn không đủ không đủ để trả công nữa là,105,24,buồn
Other,1 chút vị cay pha thêm 1 chút vị đắng nhưng đôi khi cũng có chút ngọt ngào,74,18,khác
Disgust,tình yêu là lời nói dối của 1 thằng khùng được tin bởi 1 con ngu 🤣🤣,67,17,khó chịu
Other,má 2 thằng áo vàng lầy ghê 😂,28,8,khác
Enjoyment,bộ phim truyền cảm hứng hay nhất =),35,8,vui vẻ
Enjoyment,cái kết có hậu quá :)),22,6,vui vẻ
Enjoyment,mặt hài vãi chưởng =)))),24,5,vui vẻ
Disgust,câu chuyện thật cục súc :),26,6,khó chịu
Sadness,"em sẽ mãi không biết có lúc tôi gọi chỉ để nghe câu "" ai vậy ?""",63,17,buồn
Enjoyment,per kinh nghiệm nha,19,4,vui vẻ
Other,bếp dầu lại nhớ thời sinh viên,30,7,khác
Disgust,"các bạn đừng dạy người giàu đặc biệt ( đàn ông ) cách khoan dung và của chồng công vợ . qua bao nhiêu bài tìm hiểu . chị vợ rất thâm !!! tuy mình là phụ nữ , nhưng đọc qua nhiều bài mới nể phục anh vũ . và cảm thấy sự khinh bỉ đâu đó dành cho c thảo , dù c tài năng đến đâu nhưng c tham thì thâm mọi người sẽ không bao giờ ủng hộ c .",333,84,khó chịu
Enjoyment,người ta thật thà phết,22,5,vui vẻ
Enjoyment,chàng trai vàng trong làng bấm biển =))),40,8,vui vẻ
Other,sao không thây lên báo nhỉ,26,6,khác
Other,lần sau mua mấy con vít gỗ 2cm lém gần bánh :)) lần sau sợ ngay :)),67,17,khác
Other,ai sẽ chở tớ đi đâyy,20,6,khác
Fear,không may thụt chân xuống thì sẽ như thế nào nhỉ chắc là thốn đến tận rốn,73,17,sợ hãi
Enjoyment,nhìn ông với bà chất hơn thanh niên bây giờ,43,10,vui vẻ
Enjoyment,per đồng nghiệp tốt giúp ta dễ vào nhà thương điên kkkk,55,12,vui vẻ
Disgust,"thứ hãm lol , trêu vô duyên vãi , xấu mặt dân tao",49,13,khó chịu
Enjoyment,per vẽ đẹp cũng có thú vui của nó mày :)),41,11,vui vẻ
Sadness,"ngày xưa nuôi mấy con mèo . đêm hôm nó cứ lựa lúc cửa mở là chạy đi chơi mất . những lần nó không về buồn thối ruột , tối cứ mở cửa để đợi tiếng meo meo 😥",154,40,buồn
Enjoyment,xem cả chục lần vẫn thấy hạnh phúc lây với cụ bà 😊 không biết mai sau mình có được vậy không,92,22,vui vẻ
Enjoyment,phim này rất hay . tình cảm nhẹ nhàng . toàn zai đẹp . hehe,59,15,vui vẻ
Sadness,per thế mà cháu tôi không biết chơi 😭😭,38,9,buồn
Sadness,là nhân duyên trời ban cớ sao chẳng thành đôi :(,48,11,buồn
Enjoyment,per c . bị tinh thần đi xem đi 👻,32,10,vui vẻ
Enjoyment,đáng yêuc quad 🤤🤤🤤,18,4,vui vẻ
Other,thu nhập bình quân chứ không phải thu nhập của nhân viên nào cũng thế 😏,71,16,khác
Other,tốt nhất là không nên mang điện thoại theo người,48,10,khác
Fear,dume sởn gai ốc 😭,17,5,sợ hãi
Disgust,"chả lẽ không không cô bắt học sinh quỳ như thế à ... bây giờ vài bọn “ học giả ” cứ rả rích là thầy cô không giáo dục học trò chỉ đăm đăm vào dạy , lúc thầy cô “ dạy ” thì lại rôm rả về đạo đức nghề giáo ... ôi thôi ... đủ các thể loại",235,61,khó chịu
Enjoyment,"đẹp quá mày , còn không cho tao xin ít",38,10,vui vẻ
Other,mày nghĩ mày cản được tao à ? :)),33,9,khác
Sadness,thế là dấu ấn lịch sử và hình tượng thằng gù nhà thờ đức bà của nước pháp đã thành tàn tro :(,93,23,buồn
Disgust,mày cứ đái ra võng là lần sau vợ mày sẽ rút kinh nghiệm,55,14,khó chịu
Anger,dkm bọn này thất đức thật,25,6,giận dữ
Enjoyment,add cứ khoe đi . mai lại chặt hết như nguyễn trãi mà 😂😂😂,56,14,vui vẻ
Disgust,cảm giác lúc đấy mình quá đáng vãi ra,37,9,khó chịu
Enjoyment,nghe quả tên nó đã khét vãi rồi . :))),38,10,vui vẻ
Sadness,mình cũng có con mèo đực nuôi được 1 năm thì nó biệt tích 1 năm sau nó về rồi 1 năm sau thì nó mất .... buồn,108,28,buồn
Other,per cứ chuẩn bị tiền đi hú là tôi đi,36,10,khác
Surprise,ui mấy ông tướng men nì từ bé luôn nhỉ . đáng yêuc chết được 🥰🥰🥰,64,16,ngạc nhiên
Anger,quá đáng !,10,3,giận dữ
Sadness,cái này thì ai chả đau lòng trời,32,8,buồn
Enjoyment,hay lắm,7,2,vui vẻ
Sadness,thế này lại thành xây nhà cho nhà hàng xóm rồi 😰,48,12,buồn
Enjoyment,"nhiều nước quá , lấy bát về múc nước ra thêm tí đường vào là có 1 bát nước gạo ngon lành",88,22,vui vẻ
Disgust,"phải nói thằng lái xe đỗ quá thể , sau vụ này chắc sẽ khôn ra nhiều",67,17,khó chịu
Enjoyment,"xem tới xem lui không biết bao nhiêu lần , nhưng đều có cùng cảm xúc mỗi lần xem lại . một bộ phim tuyệt vời 👍",110,27,vui vẻ
Sadness,"tàn nhẫn thế nào , là khi mình trao họ hết hy vọng rồi họ lại dập tắt đi nó",75,20,buồn
Enjoyment,có tiến bộ ! kkk,16,5,vui vẻ
Other,chờ một ngày tao ưu tú rồi mọi thứ sẽ tự tìm đến với ta,55,15,khác
Enjoyment,t định thả sad nhưng đọc bình luận buồn cười vailon 😂 nên thả hahaa :v,70,16,vui vẻ
Other,quá nguy hiểm . chúng nó có thể đang đùa cợt với mày đấy,56,14,khác
Disgust,"người ta đi trước cả ý nghĩ của ông rồi đừng dậy người ta , phải tự hào chứ",75,19,khó chịu
Sadness,buồn thế nhỉ . t mới mua con per chưa nổi 1 năm . thế này thì biết sống sao 😨😨,78,21,buồn
Other,phải thế mới hết thối được,26,6,khác
Enjoyment,thấy cái thèm ts quá,20,5,vui vẻ
Other,nếu diễn viên chính trẻ hơn đẹp hơn đang yêuc hơn thì mình sẽ xem haizz,71,16,khác
Enjoyment,dm cưng vlll =))),17,4,vui vẻ
Enjoyment,"quan trọng là lòng tin , bạn bè mình một số người mình đã mất lòng tin thì đừng bao giờ nói chuyện tiền nong . khâm phục anh",124,29,vui vẻ
Fear,dm . đồ dạo này lắm tạp chất hay s í nó đéo phê nhg mà vẫn bị ngáo,66,19,sợ hãi
Sadness,chỉ khổ thân bọn trẻ thôi đau sót lắm,37,9,buồn
Other,chứ sao mày không ngủ mà kêu tao ngủ,36,9,khác
Other,mấy con bò nó nhột nó lại cắn cho giờ,37,10,khác
Sadness,tao sẽ chỉ tự an ủi là đấy chỉ có trong phim truỵên ngôn tình :),64,16,buồn
Other,dume sự nghiệp vứt đi đâu,25,6,khác
Fear,t mà bị như này thì chắc tao chết luôn c ạ 😂😂 per,49,14,sợ hãi
Anger,lại cái trò đéo cho đỗ ???,26,7,giận dữ
Sadness,"hăm hở đón nhận tất cả , thậm chí là nỗi buồn , nếu điều ấy khiến việc tồn tại của bạn mang một hương vị đáng nhớ ...",117,29,buồn
Surprise,đôi mắt to quá,14,4,ngạc nhiên
Sadness,buồn dễ sợ mà huhu,18,5,buồn
Enjoyment,thú vị vậy =)),14,4,vui vẻ
Surprise,giống tao thế nhỉ ! 😑😑,22,6,ngạc nhiên
Enjoyment,nói chuyện như người yêu ??,27,6,vui vẻ
Disgust,toàn bọn lùn haizz,18,4,khó chịu
Enjoyment,"per mày nhìn thành long hồi này có thấy giống mặt anh chung nhung hồi xưa không :))))). thề luôn , tao thấy giống vãi 🤣",119,26,vui vẻ
Other,thôi chết . thế thì tao đứt dây thần kinh gây cười rồi,54,13,khác
Anger,tao lại lấy mỡ đè chết mày bây giờ,34,9,giận dữ
Enjoyment,"rất thích g7 hồi từ 2012 trở lại , có lẽ sẽ uống lại trung nguyên :)",68,17,vui vẻ
Sadness,chuỗi ngày tủi nhục cũng từ đó mà bắt đầu,41,10,buồn
Enjoyment,per hihi nhớ không,18,4,vui vẻ
Disgust,con cháu thằng nào ra đường mà không dạy thế,44,10,khó chịu
Other,chắc là không sợ chó ha,23,6,khác
Enjoyment,tks admin ... tôi muốn tìm phim này lâu rồi mà không nhớ tên phim ... tks admin nhiều,85,19,vui vẻ
Anger,thính hơn chó động 1 tí là kêu inh ỏi điếc cả tai . đuổi thì đuổi dai 😒,71,19,giận dữ
Other,lạy chúa con còn lứa tuổi học sinh,34,8,khác
Sadness,đó là 1 câu chuyện buồn 😤,25,7,buồn
Sadness,"nhìn cảnh này mình nhớ lại cảnh ông ngoại mình đứng ngay quan tài bà ngoại khóc nức nở . bà đi rồi để ông ở lại một mình , đau lòng quá",135,33,buồn
Sadness,"bánh tráng trộn năm đó ở roai ờ ti , ruột đau như cắt nói chuyện mắt đầm đìa đền thg dưa gang cốc dưa hấu kem chi per",117,29,buồn
Disgust,bây thấy nó vô lý vãi lol không ?,33,9,khó chịu
Enjoyment,chuẩn con mẹ nó cơm oy 😂😂😂,26,7,vui vẻ
Fear,ngày xưa mẹ tao dạy ở miền núi . năm tao học lớp 3 lần đầu tiên lên trường với mẹ . đaumoa mấy con ngỗng mất dạy rượt tao leo lên cây phượng cao chót vót cả tiếng không dám xuống .,180,43,sợ hãi
Disgust,đúng rồi . tất cả chỉ là lừa dối thôi . nhớ nhé ..,50,14,khó chịu
Other,mày chuẩn bị ra rìa rồi con,27,7,khác
Other,"chứ tao mà viết đến giờ chắc dày lắm , nhiều đứa bị lôi vào sổ ghi nợ lắm :d",76,20,khác
Other,xem 1 lần rồi thôi !!,21,6,khác
Enjoyment,cắt tóc xong rùi gội đầu xong tóc còn ướt ý nhìn đẹp trai lắm luôn ý,68,17,vui vẻ
Enjoyment,"sau 1 thời còm men dạo khắp muôn nơi , cháu đã lên được fan cứng rất rất cứng 😆😆",80,20,vui vẻ
Other,ông lại tự phức tạp hóa vấn đề lên thôi :v,42,11,khác
Disgust,"mất 1 phút để say mê một người , một giờ để thích một người và một ngày để yêu một người nhưng có thể lại mất một đời để quên đi hình bóng ấy . đấy là câu xạo lol trong ngôn tình thôi chứ tin thế đéo nào được",208,51,khó chịu
Enjoyment,hạnh phúc . mà hạnh phúc của đàn ông thì khó nói lắm . kaka,59,15,vui vẻ
Disgust,tripod dựng cao lên để chụp thì thần kinh chỗ nào :) dume ghép video đếu xem mà chèn tiêu đề như con cặc ấy,107,25,khó chịu
Disgust,thấy ớn,7,2,khó chịu
Disgust,mấy bọn thả chó không rọ mõm gây hại cho người khác phải bị chó cắn mới thích đáng per,86,20,khó chịu
Disgust,"đó là do bạn ngu , đéo biết chọn chỗ viết",41,11,khó chịu
Sadness,"giờ đây chúng ta , những con người của ngày ấy giờ không còn nữa ... những lời nói về mai sau nhưng ta đâu ngờ sau này chúng ta càng trở lên xa lạ",146,35,buồn
Other,ngại gì thế vừa nhanh vừa tiện,30,7,khác
Disgust,nhà anh có cơ to nhưng óc anh bằng quả nho !!,45,12,khó chịu
Other,bếp dầu vặn tim rồi chăm lửa nó mới cháy nha chỉ cho mấy đứa không bit sài,74,18,khác
Sadness,không biết thật mà hix .,24,6,buồn
Disgust,về nhà thể hiển nhé chú em,26,7,khó chịu
Enjoyment,"per anh nào nhắn vậy là tao yêuc luôn đéo suy nghĩ , ngọt vãi",61,15,vui vẻ
Disgust,lỗi là do phụ huynh . nên đừng gây áp lực cho mấy em trẻ,56,15,khó chịu
Disgust,"sai rõ rồi , bếp công cộng nào cũng phải có lưu mẫu chứ . nếu không lưu thì lại vi phạm thì xử cái đó",101,26,khó chịu
Other,"đang lười quá nè , làm sao để bớt lười",38,10,khác
Surprise,đẹp quá 😆 vi diệu,17,5,ngạc nhiên
Sadness,"đến lúc yêu nhạt cực :) tao thề ! kiểu chán chán , muốn quay về đơn phương hơn",78,19,buồn
Disgust,ngiu tao cắt tóc xong nhìn như cặc . phải để tầm nữa tháng sau nhìn mới nung trở lại,84,20,khó chịu
Disgust,có lẽ chỉ là con tốt thí thân cho cả bầy bụng phệ phía sau,58,15,khó chịu
Disgust,nghèo mà đi tập huấn sang chảnh ??,34,8,khó chịu
Sadness,tao toàn bạn gái mà sao vẫn tưng tửng nhể ???,45,11,buồn
Anger,vậy cứ mở mồm chó ra đổ thừa trung quốc . toàn mình giết mình,61,15,giận dữ
Disgust,"cấm đỗ thì gọi phường hay thanh tra giao thông xuống cẩu đi , chứ đường nhà chủ thớt bỏ tiền mua chắc ??????",108,24,khó chịu
Disgust,"cái dòng ế mà dễ dãi , hứ tao khinh",35,10,khó chịu
Enjoyment,xem lâu rồi giờ xem lại vẫn buồn cười,37,9,vui vẻ
Enjoyment,"còn giữ 2 cái đĩa cổ này luôn á , ghê hông",42,12,vui vẻ
Sadness,quen với quên rồi thì hết đau thôi mà,37,9,buồn
Enjoyment,anh này còn phim pk nữa rất hay và ý nghĩa,42,11,vui vẻ
Enjoyment,"cả phim trừ anh dv chính ra thì thấy anh này là đáng yêu nhất , dù nhìn hơi hâm hâm tý",86,22,vui vẻ
Disgust,mua mà không được phát tán virut bán ra chợ đen thì mua để mà tế ah .,69,18,khó chịu
Other,cẩn thận quá cô ơi,18,5,khác
Enjoyment,muốn nhanh thì phải từ từ =))))),32,7,vui vẻ
Other,nhìn phiêu thật chắc nhẹ mất mấy cân một bên tai 😂😂😂,52,12,khác
Other,đang có phong trào tế trượt chân bể bình hả,43,10,khác
Other,có khi nào là chủ tịch giả vờ không ?,37,10,khác
Enjoyment,một giây rung động con tim :))))),33,7,vui vẻ
Other,này làm mình liên tưởng tới hoá,31,7,khác
Enjoyment,"thích hôn , thèm hôn ư ư ...",28,8,vui vẻ
Disgust,"nhớ lúc nhỏ tao và nó mỗi đứa 1 đường đi không ai đá động gì đến nó mà dume tao đang đi nó chạy sang đá cho tao mấy phát , dume đúng là đồ hoạ mi điên ... 🌚🌚 thứ độg vật không thể nào yêu thương nổi ...",202,51,khó chịu
Anger,"nhìn mặt đã thấy tởm , lũ thầy cô trong trường biết còn trêu chọc các em . rặt một lũ cặn bã , súc sinh .",105,27,giận dữ
Anger,"tự nhiên chơi với con trai cái bị kêu không đàng quàng , con gái gì kỳ vậy , lại còn nhiều bồ , đi với ai cũng nghĩ là bồ . mệt thiệt chứ",137,35,giận dữ
Sadness,tao ho rụng hết tóc rồi 😭,25,7,buồn
Disgust,tưởng đàng hoàng cho chơi chung ai dè bạn xấu,45,10,khó chịu
Enjoyment,per bit cái nay không . hihi,28,7,vui vẻ
Enjoyment,vừa lên dốc thấy crush cười =)),31,7,vui vẻ
Sadness,kiếp trước sống lỗi quá nên kiếp này nghiệp quật :((,52,11,buồn
Enjoyment,kkk tao chọn anh đầu tiên,25,6,vui vẻ
Disgust,lol :) dume nhảm nhí,20,5,khó chịu
Sadness,thằng hack game nó gặp trùm cuối rồi 😭😭 truyện đến đây là kết thúc sao 😭,72,17,buồn
Other,lúc đầu tao còn tưởng thật ấy chứ,33,8,khác
Other,rất chi là chờ đợi 🙄,20,6,khác
Enjoyment,chị em mình giờ nói ít thôi haha,32,8,vui vẻ
Sadness,per rồi sẽ có 1 ngày vừa cười tao vừa kể chuyện khiến tao rơi nước mắt,70,17,buồn
Fear,ăn vào lại thức dậy ở một nơi xa thì bỏ mẹ :)),46,13,sợ hãi
Other,em ấy đang ở đâu ạ,18,6,khác
Anger,gọi gọi người ra cái lờ ! gặp bố đập mày lun cho rảnh lol nhá,61,16,giận dữ
Enjoyment,"giả bộ vô tình gặp nhìn lén rồi đi , lại còn tìm hiểu cả gia phả người ta nữa chứ ... một thời ngu ngốc đáng yêu .",114,29,vui vẻ
Disgust,nghe lần 3 đéo thấy hay,23,6,khó chịu
Surprise,ủa sao biết ??,14,4,ngạc nhiên
Anger,dume cà rốt bố đéo thèm nhé !,29,8,giận dữ
Disgust,nhạt hơn tao,12,3,khó chịu
Other,tao hiểu cảm giác đó,20,5,khác
Surprise,anh thật máu lửa 🤣🤣🤣,20,5,ngạc nhiên
Enjoyment,"per vì ss thích coi nặn mụn , c cũng ráng coi hết và cái kết có hậu 😂😂",70,19,vui vẻ
Disgust,bọn fa sẽ nói tao lấy ảnh mạng cho mà xem,41,11,khó chịu
Enjoyment,bắt võng nằm cho sướng,22,5,vui vẻ
Enjoyment,đúng là khổ trước sướng sau thế mới giàu =))),45,10,vui vẻ
Disgust,nói thiệt là 10 người thanh hoá hết 9 người chả ra gì ...,57,14,khó chịu
Enjoyment,đó là tìm đúng người còn sai người thì auto mối quan hệ kết thúc :)),68,16,vui vẻ
Anger,bọn công ty nào vậy mọi người cùng nhau lên xiên cho bọn nó mỗi đứa vài phát,76,18,giận dữ
Other,"có thể là ngày mai , tháng sau , cuối năm , sang năm hoặc 30 tuổi :))) khi nào có tình yêu .",92,24,khác
Anger,dume mấy con nhãi danh . 😒,26,7,giận dữ
Sadness,mình còn chưa được nắm tay,26,6,buồn
Enjoyment,boss dễ thương vãi lúa,22,5,vui vẻ
Other,"nhà nuôi 1 cặp ngỗng kêu thì ôi thôi điếc tai luôn . chạy xe thì cứ canh ngay đầu xe mà nhào ra mổ , dí hơn cả chó nữa",118,31,khác
Disgust,mặt thằng mèo khó ở vãi,23,6,khó chịu
Disgust,hỏng xe và phải đền tầu hỏa . có thể phải đi tù nếu gây hậu quả nghiêm trọng . đầu đất là có thật . 😔😔😔😔,104,27,khó chịu
Sadness,2 năm rồi và đã kết thúc rồi,28,8,buồn
Enjoyment,ngáo cỏ này đáng yêu nhỉ,24,6,vui vẻ
Enjoyment,ấm áp vãi .,11,4,vui vẻ
Enjoyment,per được đi thi chưa babe 😂,27,7,vui vẻ
Other,mấy vụ giết người chặt xác gần đây ở việt nam toàn là người hiền lành 🤔🤔🤔,73,17,khác
Enjoyment,"cảm ơn các em , tuổi học sinh lắm nghịch ngợm nhưng có lòng yêu thương con vật nhỏ bé đã giúp bé cún được sống 😘😘",113,27,vui vẻ
Enjoyment,dume cười muốn chết người ta ~~,31,7,vui vẻ
Enjoyment,ngày xưa có 1 cái,17,5,vui vẻ
Anger,dm đã mải đạp xe rồi còn hỏi hoi cái lol gì vậy ????,52,14,giận dữ
Disgust,"kaka bạn này best bán hành luôn kaka . bó tay . miệng nói một đường , não nghỉ một lối",86,21,khó chịu
Enjoyment,"đm buồn cười đéo chịu được , đặc vụ nằm vùng đi xe đạp thì đuổi sao kịp mấy th lol đi xe máy 🙄",94,25,vui vẻ
Disgust,"con sâu làm rầu nồi canh , tuyệt đối không có chuyện ....",57,13,khó chịu
Surprise,đứng trụ điện mới lạ chứ,24,6,ngạc nhiên
Disgust,bọn tiếp tay cho kẻ giết người,30,7,khó chịu
Other,"cho phải công bằng , nếu không anh chị em không hoà thuận ...",61,14,khác
Other,rồi rủi gặp phải thằng người yêu con kia cục súc nó lại xiên cả đám :),70,17,khác
Disgust,cái này mình thấy ở ngoài đường người ta diễn nhiều lắm . nay chỗ này mai chỗ khác à . nhìn thấy riết rồi cũng nhạt cái mặt ra,126,30,khó chịu
Disgust,đi mà ngửi nách nhau à ? mua được cái cây về đến nhà còn trơ cọng,65,17,khó chịu
Disgust,quá ẩu vay mà bỏ tù người ta tân 7nam giờ đền 200tr . quá tội cho chị ấy còn những thằng kia thi quá tồi ...,108,27,khó chịu
Disgust,ngu . vào quán uống nước lúc nào thích đi thì gọi bạn mang mũ bảo hiểm tới,74,18,khó chịu
Disgust,"đều do lòng tham và sự ngu dốt của cá nhân gây ra , ngu cũng ngu vừa thôi .",75,20,khó chịu
Disgust,đùa chứ cái tầm nghịch ngu này cho vào trại giáo dưỡng mấy tháng cũng được,74,16,khó chịu
Enjoyment,cần lắm những nhà tuyển dụng như vầy :)))),42,9,vui vẻ
Enjoyment,crush mới thích ảnh tao mà tao đã . nghĩ đến chuyện đặt tên con rồi,67,16,vui vẻ
Sadness,vl đánh đòn hic :))))),22,5,buồn
Fear,"tui đây vừa vô phòng thì con vợ mặt trắng bóc nhảy ra đây , tưởng là ma",71,18,sợ hãi
Sadness,nhìn vậy nhớ ông ngoại quá 😞,28,7,buồn
Sadness,:) cảm giác đó đau lắm các mày ạ,32,9,buồn
Enjoyment,"đang coi thấy nghi nghi , tắt vô xem bình luận , đoán ngay là sẽ giật mình , nên thôi không xem nữa haha , dễ gì bị dụ haha",123,31,vui vẻ
Surprise,ủa rồi mắc gì phí cả 1 đời 🙂,28,9,ngạc nhiên
Disgust,"ủa chứ bộ mày bán phá giá thì thị trường để yên cho mày à :v , mua tận gốc mà còn đòi giảm , ủa chứ giảm sao ? ủa chứ mày ngu mày bán đúng giá chứ mày đòi tao giảm tao phá sản nghỉ làm à :v",189,50,khó chịu
Sadness,nhìn cái ngành giáo dục việt nam bây giờ ai cũng mệt mỏi,56,13,buồn
Disgust,cưng tởm,8,2,khó chịu
Fear,mẹ đang buồn ỉa mà trên đường về gặp mớ gờ giảm tốc kia thì phọt bà ra quần 😨,77,20,sợ hãi
Enjoyment,người gì đâu mà đẹp trai hết sức !,34,9,vui vẻ
Disgust,khá trẩu =))),13,3,khó chịu
Disgust,đéo hiểu sao mấy thằng khốn nạn thì lại nhiều đứa yêu . anh em ngoan hiền đâu điểm danh,87,20,khó chịu
Other,"hết hôi nhưng cống vẫn xả xuống sông thì nó lại thành "" hòa vốn "" 🤔🤔",68,17,khác
Disgust,"lũ âm binh khí đụ này phải truy gấp , tao tính đi bơi mà bọn bây làm vậy mất mặt đàn ông chân chính bơi vì đam mê như tao quá 😡",127,33,khó chịu
Other,2 câu giống nhau,16,4,khác
Other,chổ mình là miền núi nên là không nấu bằng rơm nhé,50,12,khác
Other,tao nghi chị xác chết với chị bác sĩ pháp y đó yêu nhau quá chúng mày :)),73,18,khác
Enjoyment,đau ruột với thằng số 9 🤣🤣🤣,27,7,vui vẻ
Enjoyment,đang đi ỉa tự nhiên xem phim này cái cười ỉa ra cứt luôn :)),60,15,vui vẻ
Disgust,cái máy không có lỗi lỗi ở mấy lão kỹ sư trắc địa,49,13,khó chịu
Disgust,sau này nó lớn lên làm kinh doanh thứ gì đó thì lúc đó nó mới biết thế nào là quả báo,85,22,khó chịu
Enjoyment,cưng quá hà,11,3,vui vẻ
Other,fan của nhà thờ đức bà paris vào cảm thông cái per,50,12,khác
Enjoyment,phim cực hay và cực cảm động lòng người,39,9,vui vẻ
Enjoyment,hàng nhà tao cắt tóc xong thì tao cười như con điên từ sáng đến tối =)))),73,17,vui vẻ
Fear,"chúng mày nhìn , tao nuốt cũng không xuống nổi , ông địa",56,13,sợ hãi
Enjoyment,hoan hô anh 😂😄,14,4,vui vẻ
Enjoyment,lấy ghế ra ngồi thật tuyệt,26,6,vui vẻ
Enjoyment,per phim nào cũ thì người cũng hay hêt ́ tao anh ơi,51,13,vui vẻ
Other,dù 22 tuổi nhưng bố giàu là được,32,8,khác
Sadness,"ước gì mày được quay về tuổi thơ , trước mày cũng có 1 b trai như vậy đó",72,19,buồn
Enjoyment,làm kiểu không cần bẻ phê hơn =))),34,8,vui vẻ
Disgust,khó tính chảnh chó như mèo 🙄,28,7,khó chịu
Surprise,chủ tịch giả vờ nấu kiểu này và cái kết cháy trụi làng,54,13,ngạc nhiên
Other,per nhớ thật sự,15,4,khác
Sadness,"đấy , nó đấy . con tim tao đau quá .",36,11,buồn
Fear,ngày xưa hồi còn học mẫu giáo mỗi lần đi qua là nó rượt tao chạy té khói dume còn thiếu nước chạy lại quỳ xuống van xin nó nữa thôi . đến giờ nó vẫn là nỗi ám ảnh với tao :)),174,43,sợ hãi
Enjoyment,chính xác là con gái xinh auto đáng yêu =)))),45,10,vui vẻ
Disgust,vớ vẩn thặc ! marketing cũng có dăm bảy loại và tùy lĩnh vực . dăm ba cái này đăng mà không đọc à,97,24,khó chịu
Enjoyment,"kết nhất cái điệu "" xời quá là điều bình thường luôn """,54,13,vui vẻ
Enjoyment,chàng trai mạnh mẽ !,20,5,vui vẻ
Fear,thấy hơi sợ sợ rồi đấy :(,25,7,sợ hãi
Enjoyment,như con đười ươi :)))))),24,5,vui vẻ
Enjoyment,per thần thái còn phải thua haha,32,7,vui vẻ
Other,chuẩn bị cho chim ăn cức,24,6,khác
Disgust,"có chỗ tự đào thải nhưng có chỗ có đào cũng không thải , vì "" cơ chế "" đồng tiền có lỗ xỏ . khó nói lắm",103,28,khó chịu
Sadness,đang thất tình mà dume cứ bắt đi bán xoài @@,44,11,buồn
Surprise,đm y chang mẹ tao chửi tao luôn :),34,9,ngạc nhiên
Disgust,trông ô uế vãi,14,4,khó chịu
Disgust,đúng rất nguy hiểm ! đằng sau 1 thằng đàn ông đôi khi là cả một tủ váy,70,18,khó chịu
Anger,dm đang yên đang lành tự dưng bị nhét cẩu lương 😡😡,50,12,giận dữ
Disgust,phản cảm,8,2,khó chịu
Enjoyment,"ba mẹ mình nhớ tất cả ngày tháng năm sinh âm lịch , giờ sinh , tên tuổi ...... của 4 chị em .....",97,24,vui vẻ
Enjoyment,bị tát lần đầu có thể sẽ hơi sốc một chút nhưng bị nhiều lần rồi sẽ quen ngay ấy mà 😂,85,22,vui vẻ
Disgust,ghê thật,8,2,khó chịu
Sadness,không biết đến 2021 tao có lấy được chồng không nữa :((,55,12,buồn
Enjoyment,"kỳ nghỉ hè muộn của anh mà , xõa hết đi anh .",45,13,vui vẻ
Other,nhỏ không học lớn lên làm nhà báo,33,8,khác
Other,2 - 3 tuần gì đấy . sao thế,27,9,khác
Anger,per đu ̣ me ̣ như 1 tro ̀ đu ̀ anh =))))) đi gia ̉ mày tô ́ c co ̀ n nhiê ̀ u hơn khu nha ̀ ông,95,31,giận dữ
Disgust,dở hơi,6,2,khó chịu
Disgust,cũng chỉ là ít protein dạng sợi thôi béo tốt gì mà gìn giữ 66 năm 😑 xã hội giờ là vậy . khi bạn không có tài năng nhưng bạn muốn tạo sự quan tâm của xã hội thì phải ..... 🙃🙃🙃,174,43,khó chịu
Other,"đó là những cô gái cần được bảo tồn , vì biết lo nghĩ đến thứ anh ta đang nghĩ",78,20,khác
Other,đó là mày chưa nhận ra việc mày yêu tiền như thế nào và muốn kiếm tiền nhiều bao nhiêu ?,88,21,khác
Other,tại thợ hàn bất cẩn chăng ...,29,7,khác
Disgust,đúng là không có nhân tính,26,6,khó chịu
Enjoyment,"học xong cấp 3 , ngoài mừng vì được thoát khỏi đó thì không hề có lưu luyến 1 chút nào :))))))",94,22,vui vẻ
Sadness,hoá ra chúng ta không biết nhiều về tình yêu như ta vẫn nghĩ 😢,62,15,buồn
Anger,lòng đường không phải nhà cụ nên cụ sai nhé . vỉa hè to vậy rồi cụ còn muốn như thế nào,87,22,giận dữ
Surprise,thiệt hả cái ???,16,4,ngạc nhiên
Enjoyment,per mi phải học con nay bán hàng lai chim mới chạy hàng này,59,14,vui vẻ
Sadness,"ước mơ của tao , thích vẽ lắm luôn , nhưng mỗi tội vẽ xong cho lên màu thì lại tệ 🙄",83,22,buồn
Enjoyment,dăm ba cái trò nấu cơm này sao làm khó tao .,44,12,vui vẻ
Sadness,em chân thành nên em tổn thương,31,7,buồn
Enjoyment,bộ phim này hay từng đoạt giải oscar có lẽ là bộ hay nhất của ấn độ,67,17,vui vẻ
Other,ủa ? chọn người nào cũng như nhau thôi . vì cả 2 người chắc đéo gì đã thích bạn đâu ? :)),89,23,khác
Anger,đcm . mấy hôm này đi đâu cungz thấy chủ tịch . đéo ngán à ?,59,16,giận dữ
Enjoyment,hồi đó cấp 2 mà bán đồ lời mấy chục là mừng quýnh lên rồi =))),62,16,vui vẻ
Other,và sau đó mẹ mày đánh thức mày dậy 😌,36,10,khác
Enjoyment,per đưa anh nè không cần năn nỉ . chỉ cần em cởi hết đồ ra thôi . đúng không,76,20,vui vẻ
Disgust,bà này hên vãi . bữa bên gò vấp cũng v . nhỏ kia nói chuyện rất đàng hoàng bà này thấy v làm tới mà lỗi sai rành rành . xui đâu có vài bà đi đường nghe không lọt tai hay sao vả cho mấy phát . hả dạ !,199,52,khó chịu
Disgust,dm gớm chó thiệt chứ,20,5,khó chịu
Sadness,nhớ lại thời đi học xa nhà . bếp dầu ... :(,43,12,buồn
Anger,trời ơi . giết hết lũ xúc sinh liên quan đi . lũ giết người hàng loạt . yêu cầu thủ tướng đứng ra chỉ đạo vụ việc này cho dân . diệt tận gốc nhổ tận rể lũ súc vật này .😡😡😡😡,172,43,giận dữ
Other,sẽ gây sự chú ý . cố tình xuất hiện trước mặt nhưng giả vờ như không quan tâm 😚,79,20,khác
Sadness,nản kèo vãi,11,3,buồn
Other,"vẫn là thụ động , làm sao phải chặn đứng hiện tượng rải đinh .",62,15,khác
Other,"per xuống cấp những vật liệu dễ bị cháy , chắc có thể do chập điện hoặc nguyên nhân gì đó khiến ngọn lửa bắt lên nhanh cộng với gió lớn .",137,32,khác
Enjoyment,để được maiz ngắm nhìn nụ cười đó nên quyết định chỉ crush mà thôi :3,69,16,vui vẻ
Surprise,thế là .... nổi tiếng sao ?,27,7,ngạc nhiên
Anger,hình phạt đó quá nhẹ không có sức dặn đe kẻ khác,48,12,giận dữ
Fear,dume nghe kể mà đau cổ họng vãi :),34,9,sợ hãi
Fear,khiếp ăn tạp chẳng chết,23,5,sợ hãi
Enjoyment,một cái tết nhiều tiền,22,5,vui vẻ
Disgust,phim này thật ra hay nhưng không có tính thực tế . không hay bằng truyện .,74,17,khó chịu
Disgust,sao tao ghét mấy cái tiếng cười của bọn khựa vãi mà video lồn nào cũng nge,74,17,khó chịu
Other,"giáo viên tiếng anh ở cấp thcs cực kì chán , phát âm sai bét , giao tiếp tiếng anh thì cứ ừ à .",95,25,khác
Disgust,nó còn kể với bạn nó .. bạn nó cũng là bạn mình,47,13,khó chịu
Anger,dume tao chửi cho nó sấp mặt luôn chứ còn gì nữa,48,12,giận dữ
Enjoyment,cầu trời phật cho đại gia đình con sức khỏe !,45,11,vui vẻ
Disgust,do chính sách quản lý yếu kém mới ra vậy đó,43,11,khó chịu
Enjoyment,con đáng yêu quá,16,4,vui vẻ
Enjoyment,hồi xưa còn bị vén tà áo dài nằm lên bàn rồi đánh . chứ quỳ thế này có là gì đâu . giờ mới thấy cảm ơn thầy cô vì hồi đó đã như vậy .,133,37,vui vẻ
Enjoyment,phim nay và phim triệu phú ổ chuột là 2 phim của ấn mà mình thích nhất,70,17,vui vẻ
Other,:))) bố mày nghi nghi rồi . tắt loa auto sáng suốt :))),55,13,khác
Enjoyment,trời . cưng chết được,21,5,vui vẻ
Enjoyment,dù chỉ là 1 cây bông nhưng nó là tất cả tình yêu của ông dành cho bà ❤❤❤,72,19,vui vẻ
Disgust,thằng nào phán sai bỏ tiền túi ra mà đền cho người bị oan sai đừng lấy tiền của nhà nước,88,21,khó chịu
Enjoyment,chỉ để nhìn cái thôi :)),24,6,vui vẻ
Anger,"thôi , không tranh luận với các ông . thế đi đường gặp thằng nào đỗ thế này cả nửa ngày , mà tắc đường và gọi nó không được , các ông đừng há mồm ra dume nó nhé . vì nó đúng mà",176,45,giận dữ
Surprise,2 thằng chúng mày lại không làm gì được ư ?,43,11,ngạc nhiên
Enjoyment,chai này mới ghi được nhìu chữ kkk,34,8,vui vẻ
Other,không biết mình có được may mắn như cụ bà này không,51,12,khác
Surprise,mũ sơ sài mà hiệu quả vãi,25,7,ngạc nhiên
Disgust,"per nghe đồn mày yêu mèo , mà sao mày không đáng yêu :))",56,14,khó chịu
Fear,đcm ác mộng,11,3,sợ hãi
Fear,per gặp tao chắc tao đái trong vần 😅😅,37,9,sợ hãi
Disgust,mấy thằng súc vật 😡,19,5,khó chịu
Anger,cáu vãi :))),12,3,giận dữ
Other,per bảo sao tao cứ muốn nghỉ việc . lm với cái tao sờ choét lắm,63,16,khác
Enjoyment,""" vậy là đủ tuổi ngồi tù rồi nhỉ ?"" , mặt anh rất tỉnh và đẹp zai =))",69,19,vui vẻ
Other,giống chó này tên là gì vậy các bác 🙄,37,10,khác
Sadness,làm bộ mặt ngầu cho thằng thỏ để ý mà thằng này láo ăn thiệt đéo cho mình ăn ké quê thiệt là quê luôn,101,25,buồn
Enjoyment,tao thấy dễ thương màaaa,24,5,vui vẻ
Enjoyment,cách người ta phản ứng cũng văn minh ghê ❤️,43,10,vui vẻ
Sadness,"per 😥 cảm thấy tội lỗi quá , từ nay không chụp nữa thiệt luôn",61,15,buồn
Disgust,em mà biết nó vô văn hóa thế thì em cũng làm cách này luôn cho nó nhanh ah :-),78,20,khó chịu
Other,per hồi lớp 1 tao quên nhãn vở mỹ thuật sợ đánh quá ngồi khóc tè le,67,17,khác
Enjoyment,cảm ơn các anh tình nguyện viên .,33,8,vui vẻ
Enjoyment,thật tuyệt vời !,16,4,vui vẻ
Enjoyment,3 thằng ngốc . xem ý nghĩa lắm,30,8,vui vẻ
Enjoyment,dễ thương quá !!!,17,4,vui vẻ
Anger,"thì đi ra chỗ khác viết , đụ mẹ coi mà tao tức á .",50,15,giận dữ
Enjoyment,bà ngoại của em đáng yêu hơn thế này nhiều,42,10,vui vẻ
Anger,đem hủy mẹ đi . đấu giá cái quần què gì xong thằng mua lại nó hứng nó cho cả thế giới dính vr cmnl .,100,26,giận dữ
Fear,đã sợ rồi .. cố gắng hí mắt để xa ra để coi như thế nào .. khúc cuối hết hồn dục luôn cái điện thoại :))),105,27,sợ hãi
Enjoyment,tao thấy cảm động vãi .,23,6,vui vẻ
Fear,cũng sợ mấy con ngoe nguẩy như giòi 😰,37,9,sợ hãi
Sadness,đáng lẽ bệnh của tao đã không nặng đến thế,42,10,buồn
Surprise,đẹp khó tin quá,15,4,ngạc nhiên
Enjoyment,xấu mà đáng yêuc quá,20,5,vui vẻ
Other,"t xem cái này từ lâu lâu lâu rồi cơ , đéo bất ngờ gì cạ 😕",57,17,khác
Surprise,duới miền tây là kiến vàng sao ngoài ấy lại dùng kiến đen nhỉ ?,63,15,ngạc nhiên
Surprise,xưa dữ luôn,11,3,ngạc nhiên
Disgust,"con cái có hư hỏng thì cha mẹ phải dạy dỗ , chứ cái loại thờ ơ khi con mình hư hỏng thế này thì đúng là dột từ nóc rồi .",120,32,khó chịu
Enjoyment,mê trai hơn bạn có thật :(,26,7,vui vẻ
Enjoyment,má toàn truyện trong mơ không hà mắc cười quá 😂,47,11,vui vẻ
Disgust,per khóc quá trời rủ họp lớp đéo thấy đâu,41,10,khó chịu
Enjoyment,phim ấn thì của lão amir khan là hay vol,40,10,vui vẻ
Enjoyment,"cha quay phim cũng không phải dạng vừa , mẹ diễn viên thần thái vãi",67,15,vui vẻ
Sadness,ơ thế hoá ra tao không bị ngu một mình ?,40,11,buồn
Enjoyment,"động lực là lo được cho gdinh , tự chủ bản thân",47,12,vui vẻ
Enjoyment,nhìn nữa sao . hỏng yêu đi . cho doi . vui vẻ,45,13,vui vẻ
Disgust,trời đất . 580k không tiếc thì tiếc gì trời . người ta làm ăn đàng hoàng . hứa hươu hứa vượn . là người lớn mà làm trò mất nết vậy trời @@,138,34,khó chịu
Enjoyment,cảm ơn bạn vì đã chia sẻ cũng như đã luôn sáng suốt để không làm gì sai,71,18,vui vẻ
Enjoyment,"rất dũng cảm , đáng yêu quá",27,7,vui vẻ
Enjoyment,nhà tao còn nè,14,4,vui vẻ
Enjoyment,dễ thương quá hà,16,4,vui vẻ
Disgust,"như mọi năm thôi mưa gió rét mướt , bây giờ mót ỉa là chỉ có thánh mới giúp được",80,20,khó chịu
Enjoyment,đọan con chó tao cười đau bụng,30,7,vui vẻ
Enjoyment,đó cũng là giải pháp hay để lừa một thèn ngu :))),49,12,vui vẻ
Fear,tao lại sợ ngôn tình quá cơ 😒,29,8,sợ hãi
Other,per ít bữa dẫn mày xem cái này,30,8,khác
Other,lên báo sớm thôi nhỉ,20,5,khác
Disgust,tỏ tình cho nó biết thôi chứ yêu đương gì tầm này :(((,54,13,khó chịu
Enjoyment,cầu mong những công ơn sinh thành luôn mạnh khỏe .,50,11,vui vẻ
Disgust,cái miệng nó nhanh hơn cái não,30,7,khó chịu
Disgust,thành phố tao nhiều người còn dân trí thấp là sao ? bố con dở người,67,16,khó chịu
Other,per giống súp lơ của bạn mình,29,7,khác
Fear,"k có con gì ác bằng con người , các con bé như thế mà nó không tha",66,18,sợ hãi
Other,chi phí kiểm toán và thuê người tổ chức hòa giải chia chác thôi,63,14,khác
Anger,thêm cả trò mắt mèo khốn nạn nữa,32,8,giận dữ
Sadness,ăn ở cái gì huhu,16,5,buồn
Enjoyment,nhiều lúc ngáo ngáo thoải mái đến mức người yêu cũng đéo bằng nó và đến khi nó thổ lộ tình cảm thì tao đéo tin :v,113,27,vui vẻ
Disgust,vẫn bình thường chán làm khách sạn nhọc nhục hơn 👻👻 xoạc nhau nước nôi máu me be bét ra 😭 kinh chết mẹ 😶,104,25,khó chịu
Anger,đúng là khốn nạn mà,19,5,giận dữ
Enjoyment,ôi hạnh phúc quá 😄😄😄,20,5,vui vẻ
Sadness,"per hồi học đại học , điện hỏi xin tiền bố , bố ra ngân hàng gửi tiền rồi điện em hỏi stk rồi hỏi "" tên mày là gì ??"" 😭😭",120,32,buồn
Sadness,đúng . biết là sự thật tàn nhẫn nhưng vẫn muốn biết rõ cho nhẹ lòng hơn :(,74,18,buồn
Surprise,mấy kiếp tu luyện mà có 5 triệu thôi à ?,40,11,ngạc nhiên
Sadness,đau còn hơn tỏ tình bị từ chối per,34,9,buồn
Enjoyment,dễ thương vãi ♥♥♥,17,4,vui vẻ
Fear,bố mày đã sợ nhện rồi xem cái video này ... vãi đái :(((,56,14,sợ hãi
Enjoyment,bà xinh thật sự ❤️,18,5,vui vẻ
Surprise,đây là hội à mày ? làm tao phải lên gg tra sao lại đông người thế :)),69,18,ngạc nhiên
Other,lại khoe có người yêu - _ -,27,8,khác
Disgust,đừng trao duyên cho tao khi chưa biết rõ tao :(,47,11,khó chịu
Sadness,chưa có cơ hội nói cảm ơn và xin lỗi . vì chúng ta xứng đáng được bình yên,74,19,buồn
Other,đáng nhẽ nên làm việc này từ sớm . chứ hàn quốc họ làm từ lâu rồi ạ,67,18,khác
Sadness,"quá bản lĩnh luôn , người đáng nể , tiếc là anh ấy sắp bị tử hình rồi",69,18,buồn
Disgust,không biết mấy ba mấy mẹ chơi bửa đó có xem được bài viết này không 😂😂😂... có ai lên incon phẫn nộ thì hiểu rồi ha,114,27,khó chịu
Enjoyment,góp phần xây dựng đất nước chứ gì kkk đóng nhiếu rứa,52,12,vui vẻ
Anger,"đm hồi đó nhà có nuôi bốn con , bữa đang ngồi chơi nặn đất sét nó chạy cả lũ tới , thật sự là tao không biết con đéo nào nhma có một con trong đó kéo áo phía sau lưng tao lên rồi cả lũ cắn lưng tao dume nó thốn vãi luôn . thề !",227,58,giận dữ
Disgust,cải ngu lắm ... chưa ai ngu như cải tao thì không yêu đi yêu đứa vừa béo vừa lắm lông,85,21,khó chịu
Disgust,toàn lũ đầu trâu mặt ngựa,25,6,khó chịu
Enjoyment,làm tao liên tưởng đển phượng hoàng cổ trấn :))),48,10,vui vẻ
Other,cố gắng đi gần người ta 1 xíu . rồi lướt qua nhau như 1 cơn gió,63,17,khác
Disgust,chơi vậy ai chơi,16,4,khó chịu
Sadness,per thì tốt nhỉ quá đỉnh luôn ... nhưng không biết được trọng dụng không nữa buồn quá,85,18,buồn
Anger,đồ điên,7,2,giận dữ
Enjoyment,tự nhiên muốn có con 😐 dume,27,7,vui vẻ
Enjoyment,cảm động người thầy đưa học sinh đi làm hồ sơ 🙄,47,12,vui vẻ
Other,đúng là lợi ích kinh tế lâu dài .,33,9,khác
Other,thái bình nắng to rồi,21,5,khác
Disgust,nói như việt nam . nhưng hơi láo cá chắc thầy của ônc cũng như ông,66,16,khó chịu
Other,lò xô xài bằng dầu lửa con gọi là dầu thôi,42,11,khác
Fear,đi đường buổi đêm nhìn thấy hãi vãi ??,38,9,sợ hãi
Disgust,nặng tay cho chừa cái tật hại người,35,8,khó chịu
Sadness,"ngàn cân treo sợi tóc nhỉ , csong mong manh quá",47,11,buồn
Enjoyment,ko 1 từ nào để diễn tả bộ phim này ...,38,11,vui vẻ
Fear,"nhỏ thấy qua 1 lần , nó bị cột ngay trước cửa nhà người ta ở trong hẻm , mỗi lần đi ngang qua là nó lại định lao tới cà khịa",124,32,sợ hãi
Enjoyment,cười ị :v,9,3,vui vẻ
Sadness,bởi vì gặp nhau sai thời điểm nên tôi mất người mãi mãi ...,59,14,buồn
Sadness,gia đình thì không còn . tình yêu thì chưa có gì chắc chắn . 😏,62,16,buồn
Other,"chỉ cần bạn dùng tình yêu thương , sự chân thành của mình đối với nó thì không gì là không thể .",96,23,khác
Disgust,disme tao chưa thấy con họa mi nào hót dở như con này luôn á .🤔🤔,64,16,khó chịu
Enjoyment,"muốn em vui vẻ đơn giản lắm , chỉ cần bao ăn bao xem phim tuần 1 lần thôi hỡi các đồng nghiệp ơiii 🤣",100,25,vui vẻ
Enjoyment,hay ý nghĩa sâu sắc 🙂,21,6,vui vẻ
Disgust,trẻ trâu quá đông và nguy hiểm,30,7,khó chịu
Other,chắc chắn là vị mặn của mồ hôi,30,8,khác
Other,mày uống trà sữa thôi . đéo ăn gì nữa =)),41,11,khác
Other,tất cả cùng không tính điểm . thế là xong :v,44,11,khác
Other,nó cũng làm thế với bao người khác đấy,38,9,khác
Sadness,quay vào ô mất lượt :)),23,6,buồn
Other,"mình đã xem rất nhiều video như này rồi , nên thấy cũng bình thường =)))",72,16,khác
Fear,"sợ nhất mấy đứa ảo tưởng sức mạnh , nhắn tin nhiều chút là auto mình thích nó",77,18,sợ hãi
Fear,chắc từ giờ tao đéo giám ho nữa quá .,37,10,sợ hãi
Disgust,đm mưa đâu đéo thấy . nóng vãi,30,8,khó chịu
Fear,per không cho anh đi tập đâu nha mất bồ như chơi,48,12,sợ hãi
Enjoyment,đối với thế giới này bà lão chỉ là một ai đó . nhưng đối với ông lão đó bà lão là cả thế giới 😊,95,26,vui vẻ
Other,"per haha nhiều tiền quá mang đây tao tiêu hộ cho , đóng thuế 10 củ phí quá =))",78,19,khác
Sadness,"trời đụ , tội bé",16,5,buồn
Disgust,có lưu luyến thì lưu luyến người mình thích chứ lưu luyến gì cái trường đấy 😶,77,17,khó chịu
Disgust,"đụ mẹ tục , cuối tuần về ra nha :))",35,10,khó chịu
Sadness,nốt hôm nay thui . thui không ngĩ đến và bắt đầu từ bỏ 1 thói quen,66,17,buồn
Enjoyment,uiii xinh gái thế ...,21,5,vui vẻ
Disgust,chạy 200tr là vào biên chế ngay . thực trạng chung . cần gì có chuyên môn hay không,83,19,khó chịu
Anger,vì đồng tiền mà chúng mày giết bao nhiêu gia đình . chúng mày ăn những đồng tiền đấy mà chúng mày cũng nuốt trôi được à . bọn khốn nạn,134,31,giận dữ
Anger,cảm ơn các anh chị báo chí phóng viên đã đưa tin . mong cơ quan chức năng hãy làm thật nghiêm . thật mạnh tay vụ này . đến khổ mấy đứa nhỏ . mưa rét thế này . càng nghĩ càng tức .,179,45,giận dữ
Sadness,c trai như thế nào tuyệt chủng rồi :),37,9,buồn
Sadness,per ngóng cuộc đấu tranh công nghệ này . tq đồng lòng ghê nhỉ,61,14,buồn
Sadness,nước mình chả í thức gì cả xả rác bừa bãi để trôi rác đầy đường thể này thật buồn,81,20,buồn
Disgust,nhờn :))),9,2,khó chịu
Enjoyment,"năm nay mua cân na về nhà ăn dần , tối ra đường xem chúng nó dẫn vợ thằng khác đi chơi ... kaka",95,24,vui vẻ
Disgust,tiền bồi thường lấy ở đâu ? cứ làm bừa làm ẩu rồi lấy tiền của dân mà đền đề nghị sửa lại nếu ai làm sai thì bỏ tiền túi ra mà đền,130,34,khó chịu
Fear,điềm báo gì đây,15,4,sợ hãi
Enjoyment,siêu phẩm để đời .,18,5,vui vẻ
Enjoyment,tao phải công nhận là nó giỏi vãi . từ đứa diễn đến đứa quay và edit video .. giỏi vãi 🤣,88,22,vui vẻ
Enjoyment,per trai hay gái thì vẫn thấy tữn như thường kk,47,11,vui vẻ
Other,động lực cho tôi tiếp tục .,27,7,khác
Enjoyment,"thôi bảo em gái xuống ngủ với mẹ đi , còn em percó sợ ma không ? thì ngủ với anh . hehe",87,23,vui vẻ
Other,đã nuôi thì nên chăm sóc bé cẩn thận ??,39,10,khác
Sadness,quê vải mà chưa được ăn quả nào . huhu,38,10,buồn
Sadness,"mới đây thôi mà đa 3 năm rồi , những ngày chia tay buồn đó :((",62,16,buồn
Disgust,"ý thức đéo gì đâu , từ già đến trẻ luôn 😥",41,12,khó chịu
Other,"tao cũng vậy , mấy cái thiệp chúc noel thời cấp 2 trẻ trâu của lũ bạn vẫn còn nguyên xi",87,21,khác
Enjoyment,per haha . đặt bánh thì đặt thành cặp nhé . haha .😂😂,52,13,vui vẻ
Disgust,thể loại này next sớm đi em,27,7,khó chịu
Disgust,làm chung với con mẹ ngáo là phải chuyển đi liền :) per ngọc kiều dung,70,16,khó chịu
Other,per ta nguyện nằm im,20,5,khác
Other,thôi nhà đang yên ổn,20,5,khác
Disgust,"chưa học cách kiếm tiền đã học thói đi lừa tiền =,= thua",56,13,khó chịu
Enjoyment,t tin crush của tao không bị thịt vì tao đéo crush ai cả =)),60,15,vui vẻ
Disgust,con mẹ kia có vấn đề về thần kinh :) không cần biết ai đúng ai sai nhưng đéo lịch sự thì đã đéo có tư cách nói chuyện rồi :) con bà kia xem được video chắc buồn làm,164,40,khó chịu
Enjoyment,ai chưa xem thì nên xem 1 lần đi . đảm bảo không phí 3h đồng hồ của các bạn 😃,77,21,vui vẻ
Enjoyment,chơi cái kiểu này nè :)) per,28,7,vui vẻ
Disgust,đéo mẹ . nhìn nổi da gà ..,26,8,khó chịu
Sadness,đó là một câu chuyện buồn,25,6,buồn
Other,cười trước nỗi đau của người khác,33,7,khác
Other,có ai biết 2 người này không ạ ?,32,9,khác
Enjoyment,per coi đoạn con chó chết cười luôn em :)),42,10,vui vẻ
Other,chủ tịch lén lút dùng đồ của vợ làm vlog và cái kết ?,53,14,khác
Enjoyment,chúc mừng anh 👏👏👏 chúc anh may mắn . cố lênnnnn 💪💪💪,51,12,vui vẻ
Enjoyment,phê thật . cái tai nó đang thâm đen xì lấy ra hết lại trắng hồng luôn,69,17,vui vẻ
Anger,do cái áo . mặc giống nhau làm đíuu gì,38,10,giận dữ
Disgust,tội còn nặng hơn cả khẩu nghiệp nữa 😌😌😌,39,9,khó chịu
Enjoyment,hồi xưa anh hay bị chửi trẻ trâu này nọ ... giờ anh là tổng giám đốc rồi 😁😎,75,19,vui vẻ
Disgust,nv thu nhâ ̣ p cao thi ̀ hu ́ tao ma ́ u ngươ ̀ i dân phi ́ cao hơn hê ́ tao .,78,26,khó chịu
Sadness,người tài như vậy lại không được sử dụng đúng mục đích … quá buồn,65,15,buồn
Disgust,một câu chuyện cổ tích xiaolon đầy tính nhân văn !!!,52,11,khó chịu
Sadness,còn chả có ai nói chuyện thân thiết quan tâm đến tôi :<,55,13,buồn
Enjoyment,đoạn phỏng vấn + xin đi chụp hình + cạo râu lão là hay nhất theo mình =]],73,18,vui vẻ
Enjoyment,coi thôi cũng đủ nghiện rồi 💋,29,7,vui vẻ
Sadness,năm nào cũng phải ở nhà trông nhà :((,37,9,buồn
Enjoyment,idol có skill mới chất quá 😂 1 cú đánh mông thôi mà đối thủ bay sấp mặt luôn luôn 🤣,83,21,vui vẻ
Disgust,"hy vọng cơ quan điều tra làm rõ được danh tính người phụ nữ , chỉ vì cái miệng mà làm tan nát cả 1 gia đình",107,27,khó chịu
Disgust,tấu hài cực mạnh,16,4,khó chịu
Anger,con đĩ mất dại . trời đánh tránh bữa ăn nha con ml,50,13,giận dữ
Enjoyment,cười xĩu,8,2,vui vẻ
Sadness,mẹ nó chứ xem xong mình khóc hết cả nước mắt,44,11,buồn
Disgust,có tiền chưa mà đòi,19,5,khó chịu
Disgust,"một hình ảnh hay nhưng một loại âm thanh rất chối tai , câu đầu tiên đã chửi thể và tiếp theo cũng vậy , rất vô văn hóa .",121,30,khó chịu
Sadness,mình chụp mấy lần liền chả thấy bác sĩ cho mặc lớp áo gì cả 😭😭😭,63,16,buồn
Disgust,thề đi ngoài đường giờ nhiều người lớn cứ nghĩ mình mình già rồi thích đi như nào thì đi . xong quay sang chửi bọn thanh niên là đi đứng mất dạy này nọ . chán . mang tiếng người lớn mà cư xử chán đcđ .,201,48,khó chịu
Sadness,trường gửi điểm về và mẹ cũng điện chửi :(,42,10,buồn
Other,ngày nay bã đã thay cho thính :))),34,8,khác
Other,thế sao tao hát tệ thế này,26,7,khác
Disgust,còn đồng nghiệp hãm lờ thì ...,30,7,khó chịu
Disgust,"nếu nói chị thảo tham thì chưa thoả đáng , vì ngay cả con chị cũng được niêm yết , định giá để “ chia chác ” ý kiến cá nhân mình , chỉ chia phần của chị và phần % của những người con sẽ được nhận vào 18 tuổi",207,51,khó chịu
Enjoyment,chỉ cần 1 cây hoa . nói lên tất cả .. hi,40,12,vui vẻ
Disgust,ngày xưa đi học văn và toán chắc noa dưới trung bình hết,56,13,khó chịu
Disgust,t lên facebook không phải để coi mấy cái thứ này 😪,50,12,khó chịu
Enjoyment,dễ thương quá à ????????,24,5,vui vẻ
Sadness,làm khách đi qua lại mắc mệt lun,32,8,buồn
Other,trả lại tuổi thơ cho tao 😆,26,7,khác
Anger,để con mẹ mày tiếng bình thường nghe cho dễ . lại còn làm đéo đéo,65,16,giận dữ
Enjoyment,chỗ tao cũng có cây tình yêu < 3,32,9,vui vẻ
Other,ngày nào cũng bị tụi siêu thị hành không dưới 10 lần,52,12,khác
Disgust,qua câu chuyện này mong mọi người đừng có cái nhìn ác cảm về các anh csgt về việc hay núp lùm bắt xe nữa mà còn nghệ thuật ăn nói kể chuyện xạolin đẳng cấp 🙂🙂🙂,159,37,khó chịu
Disgust,việc nhỏ như vậy mà hai con này hàng sử thiếu văn hóa quá quá,61,15,khó chịu
Enjoyment,thỉnh thoảng lại xem lại phim này quá hay và ý nghĩa,52,12,vui vẻ
Disgust,"lúc đầu tưởng con ma , nó đi tẩy trang xong hiện nguyên hình đếu phải ma mà là con quỷ cái",90,22,khó chịu
Sadness,2 đg thẳng mãi mãi song song không bao giờ cắt nhau hix hix,59,14,buồn
Other,mai chơi trò hứng nước mà nóng quá chắc chơi vầy luôn,53,12,khác
Sadness,per chơi với con trai riết nên giờ đéo có người yêu nổi vì tính tình không khác gì con trai,91,21,buồn
Fear,đm chơi mất dạy vãi . tưởng khúc cuối là gì dume làm giật mình 😒😒😒,66,16,sợ hãi
Disgust,"các bạn trẻ thấy cái gì cũng có mặt : giờ trái đất có , thử thách nhặt rác có , vứt rác bừa bãi có . toàn thấy các trẻ ( trâu ) tham gia .",138,37,khó chịu
Fear,chạy ngay đi 😱😱😱 sợ quá .,25,7,sợ hãi
Fear,"😔 tao không lấy chồng nữa , ở nhà nấu cơm cho mẹ , tao sợ lắm",61,17,sợ hãi
Enjoyment,"bữa tao coi cái video này nhưng nó ghép nhạc bựa vãi ... mỗi lần mỗi anh té là first blood , double kill ,... các kiểu =))))",124,28,vui vẻ
Enjoyment,chính xác ! chỉ cần đồng nghiệp tốt thì mọi ngày đi làm đều vui 😊😊😊,67,16,vui vẻ
Enjoyment,đơn giản nha .. cơm này ngon hơn cơm điện nhiều . không tin thì cứ thử,70,17,vui vẻ
Disgust,làm công thì chấp nhận . chỉ trách khách không ý tứ chứ quyền gì cấm nó đem mấy cái này vào ... có trách thì trách bản thân không có khả năng làm việc khác ngoài làm nhân viên vệ sinh,183,42,khó chịu
Surprise,per anh tập gym cho to để như thế nào ư : ))),45,13,ngạc nhiên
Other,nhìn cái đống lúa phơi mưa ướt nhẹp ma ghép cười được .,55,13,khác
Enjoyment,đã sáng suốt hơn năm ngoái nhiều . ka ka,40,10,vui vẻ
Anger,vậy nếu mình lên cơn điên và giết người khác thì nỗi đau gấp bội phải không ?,77,18,giận dữ
Anger,lòng đường là để giao thông chứ để nhà các bác đỗ xe à ?,56,15,giận dữ
Sadness,mình không áo mưa rồi 😞,23,6,buồn
Other,giọng không nhìn màn hình tao tưởng là ông bà già nào trên 60 tuổi đang nói á .,79,19,khác
Sadness,nhưng nói thì cứ bảo hay than thở 😢,35,9,buồn
Disgust,xiaolin không có gì vui . chúng ta không nên xiaolin 🙄🙄,55,12,khó chịu
Sadness,còn tao mỗi lần cắt tóc là y như rằng … nó tệ vãi :(,52,15,buồn
Enjoyment,được . đỡ tốn 5 nghìn,21,6,vui vẻ
Enjoyment,"replay chục lần đoạn cuối , phê quá",35,8,vui vẻ
Enjoyment,đáng yêu quá ! tình yêu ông bà thật đẹp !,41,11,vui vẻ
Fear,đứng tim luôn,13,3,sợ hãi
Sadness,vì bạn chỉ là con trai nắng hoặc em gái mưa thô :(,50,13,buồn
Sadness,đau nếu còn nghĩ về nhau thì hãy quay về bên nhau :)),53,13,buồn
Other,nhấp mẹ miếng da chính giữa 2 lỗ rồi lấy muỗng múc là xong,58,14,khác
Other,tư cách của người hành nghề,27,6,khác
Disgust,đéo bít sợ là gì đến lúc chết lại đổ cho tại số,47,13,khó chịu
Enjoyment,chỉ mong thương nhau đến đầu bạc răng long . vậy là đủ 👌,56,14,vui vẻ
Other,khi gặp được người đem lại cảm giác bình yên mà từ trước đến giờ chưa từng có .,79,19,khác
Other,"bên đó cậu sao rồi , có hay cười nữa không ?",44,12,khác
Disgust,"con gái ăn nói kiểu gì vậy trời , mình rất ghét con gái nói tục chữi thề",72,18,khó chịu
Disgust,"suốt ngày sân si , chia bè phái bốc phốt nhau mà khi nghe chia lớp theo tn - xh lại bảo buồn",92,23,khó chịu
Enjoyment,"thú vui mới , thay vì chọc chó thì ghẹo ngỗng cho nó dí =))))",61,15,vui vẻ
Sadness,có lẽ vậy là tốt nhất,21,6,buồn
Sadness,tận cùng của nỗi đau 😑😑😑,24,6,buồn
Disgust,chị dâu thì vãi rồi,19,5,khó chịu
Enjoyment,nhờ mất bạn nên mình mới biết 😂😂😂😂,34,8,vui vẻ
Other,con quan rồi lại thành quan . chỉ dân mãi là kẻ bần hàn,55,14,khác
Fear,kinh khủng,10,2,sợ hãi
Enjoyment,cưng quá mà,11,3,vui vẻ
Anger,xiên chết cụ nó đi,18,5,giận dữ
Other,khi nào nha anh sẽ lắp hả per,29,8,khác
Enjoyment,cưng vãi ấy,11,3,vui vẻ
Enjoyment,lớp chúng mình rất rất vui anh em ta chan hòa tình thân =))),60,14,vui vẻ
Fear,tinh trùng của người ngoài hành tinh thật đáng sợ 👏🏻👏🏻👏🏻,56,11,sợ hãi
Sadness,tội em vợ thế :(,16,5,buồn
Surprise,ơ hoá ra là em à :(( lâu quá không gặp,38,11,ngạc nhiên
Other,ko nên nhé các cụ .... hãy cho họ 1 cơ hội ... hãy nhìn sự việc từ nhiều khía cạnh khác nhau,92,23,khác
Sadness,bắt ve cho nó điiii . trông khổ quá,35,9,buồn
Disgust,hic . nhiều khi thấy bả ngu thiệc chứ kp đùa 😂,46,12,khó chịu
Enjoyment,rất chuẩn hãy sống làm người cơn luôn luôn co hiểu thảo với cha mẹ của mình nhé moi người ơi,92,21,vui vẻ
Other,sao không ghé quán rồi nhờ người nhà cầm nón qua cho :))) tự làm khó mình vậy,77,18,khác
Enjoyment,con xe thần thánh . chạy hơn 50 năm chưa nát =))),49,12,vui vẻ
Other,có người yêu thì vẫn ăn bánh trung thu nhé . bánh trung thu là thứ tồn tại duy nhất . có em hay không không quan trọng,118,28,khác
Sadness,đã từng . hix,13,4,buồn
Enjoyment,chắc là năm lớp 4 5 gì đó :)) tao mua bánh kẹo đem vô lớp bán lẻ lại ... mỗi lần đem bán như vậy chắc cũng kiếm được lãi 2 - 30k 😂,130,35,vui vẻ
Disgust,có cái con cặc .. chúng mày chỉ diễn thôi đúng không . dume chỉ diễn thôi .. :'(,80,19,khó chịu
Enjoyment,nháy mắt cũng đáng yêu kkkk,27,6,vui vẻ
Other,nghĩ cũng tội mà thôi cũng kệ,29,7,khác
Disgust,trẻ trâu chấp nó làm gì,23,6,khó chịu
Other,bắc sơn lạng sơn đang cháy khô rồi mưa cái gì chứ 😠,51,13,khác
Enjoyment,per chị ơi còn học được cả tiếng anh nữa luôn này :v hịn quá,60,15,vui vẻ
Anger,"cổ nhân có câu : thương cho roi , cho vọt - ghét cho ngọt cho bùi . muốn con trở thành người tốt , nhưng gv nghiêm khắc thì lại phản đối . thật không thể hiểu nổi .",164,40,giận dữ
Enjoyment,biết nấu cơm bếp củi từ lớp 2_3 gì đó,37,10,vui vẻ
Sadness,dạ đây là chị gái em nha không phải chồng đâu ạ người trong hình là em huhu ?,77,19,buồn
Enjoyment,giỏi thật chứ đùa . biểu cảm gần như 90 % chuẩn mẹ rồi . thằng quay và edit cũng ghê luôn . nhảy cũng tốt ra phét chứ -.- ác thật,129,32,vui vẻ
Fear,không cẩn thận phát là ngậm bả như chơi,39,9,sợ hãi
Disgust,có thịt bò nướng là ngon rồi bày đặt kiến đốt,45,11,khó chịu
Other,"không có sức hút thì tao vẫn cắt , mùa hè để tóc dài nóng thấy mẹ",65,17,khác
Disgust,bạn có phải óc chó không ? chắc bạn không trả lời được đâu nhỉ . óc chó mà =))),79,20,khó chịu
Disgust,"móng tay dài như vậy thì làm gì để sống phục vụ bản thân cũng khó khăn uổng phí hết tuổi trẻ một đời người để nuôi một bộ móng , thay vào đó làm việc gì có ích cho bản thân gia đình và xã hội , đời người ngắn ngủi nên trân trọng thời gian quý báu của mình",255,61,khó chịu
Surprise,chỉ ăn 1 miếng thịt mà phải đốt chết thêm nhiều sinh mạng bé nhỏ nữa hả,71,17,ngạc nhiên
Other,có đứa nào nấu cơm rồi nấu luôn cái bếp như tao không,53,13,khác
Enjoyment,"đếu thể đỡ được "" tiền mừng , tiền mừng "" hahaha",48,12,vui vẻ
Disgust,hãm lol nhưng thật lòng chứ còn hơn cứ tỏ ra trưởng thành mà bên trong thì như đồ bỏ đi,87,21,khó chịu
Other,per nghe có vẻ hợp lí nhỉ ?,27,8,khác
Other,ngoài ra thì nó còn bị mang tiếng là thả thính cả xã hội nữa,60,15,khác
Disgust,"từ nhỏ đến lớn chỉ nghe được câu mày béo thế , mày nên giảm cân đi chứ không ai nói rằng mày gầy lắm ăn nhiều lên 😆😆",116,29,khó chịu
Sadness,cơ mà tao bị thần kinh thật,27,7,buồn
Anger,kiện chết mẹ mấy con súc vật đó đi,34,9,giận dữ
Other,sắm về hỏi mấy thứ :v,21,6,khác
Disgust,cứ bảo ngon lắm với chả ngon vừa . không biết nghĩ trước khi ăn à,65,16,khó chịu
Other,con này là con lợn hay con gấu hay con ong vậy ????,51,13,khác
Other,tại mình thử hết rồi :)) nên cậu nói thế thì mình bình luận thôi :)),68,16,khác
Enjoyment,thề cứ 1 lần trượt là tao cười to hơn 😆😆,40,11,vui vẻ
Disgust,mặt nạ chứ không phải mặt lạ nhé . ngọng thế mà cũng lấy được vợ ????,69,17,khó chịu
Enjoyment,per nhờ mất bạn nên mình mới biết 😂😂😂😂,38,9,vui vẻ
Enjoyment,thứ ba mẹ cho con và con nhận thấy đó là sự đức hạnh tấm lòng cao cả cam on ba mẹ rất nhìu,90,24,vui vẻ
Disgust,nhìn mặt thấy hãm buồi rồi .,28,7,khó chịu
Enjoyment,hãy nên trân trọng những người bạn như vậy .,44,10,vui vẻ
Other,nhớ bộ phim thằng gù nhà thờ đức bà không ?,43,11,khác
Sadness,bây giờ nhìn vào cứ kiện tụng mà nãn :((,40,10,buồn
Surprise,thiết kế tinh tế quá,20,5,ngạc nhiên
Sadness,tớ cũng muốn có mối tình như vậy ??,35,9,buồn
Enjoyment,một bộ phim quá suất sắc,24,6,vui vẻ
Anger,suốt ngày bị chửi ??,20,5,giận dữ
Surprise,mình không hiểu tại sao nó không bị phóng điện chết nhỉ ?,57,13,ngạc nhiên
Sadness,vì tao hay bị chúng nó chọc nên thấy buồn,41,10,buồn
Enjoyment,một bình luận của người trong cuộc . đọc xong thấy ấm lòng cho per !,68,16,vui vẻ
Disgust,chó nhà tao mới đi lạc 3 hôm thôi mà quên mẹ hết chủ rồi :vậy,61,16,khó chịu
Anger,"có hình ảnh rõ ràng kiện chúng nó tội quấy rối đi . mịe cái lũ khốn kiếp , hay ho lắm cái trò dơ bẩn 🤧🤧🤧",104,27,giận dữ
Surprise,nhà nó giàu vãi,15,4,ngạc nhiên
Other,per quả lừa con chó ngoài bờ rào,32,8,khác
Surprise,wow đỉnh quá,12,3,ngạc nhiên
Other,ước gì tao thất tình cũng được giống như mày,44,10,khác
Surprise,"cái kết thật bất ngờ , không thể đoán được vậy",46,11,ngạc nhiên
Enjoyment,per nhìn mặt cưng gê,20,5,vui vẻ
Other,là đứa quay video,17,4,khác
Other,cái lò xô ngày xưa ma,21,6,khác
Other,một chuyến du lịch vui vẻ,25,6,khác
Enjoyment,😔😔 hành động nhỏ v thôi thì cũng ấm lòng rồi ... nói thôi cũng vuii rồi ... 😝😝,78,19,vui vẻ
Sadness,"chúng ta những tháng ngày sau đó vẫn gặp nhau , vẫn nói chuyện nhưng không phải những cô cậu của hồi c3 nữa . chúng ta đều khác",127,29,buồn
Enjoyment,bé gái đáng yêuc quá :))). dth nữa,34,8,vui vẻ
Disgust,cho khỏi đá ở việt nam . gì mà căng,35,10,khó chịu
Disgust,hình thức này .. là chúng nó đang huỷ hoại mầm mống tương lai của đất nước đấy,78,18,khó chịu
Sadness,trông tội quá,13,3,buồn
Other,"hai con ma đấu đầu , con mũ đen ăn toàn cứt nên đanh hơn ?",58,16,khác
Other,"nó mừng kiểu nhảy vồ lên dơ đồ thôi , chứ dòng này gặp ai cũng mừng",67,17,khác
Anger,per ghét ghê bây,16,4,giận dữ
Sadness,"học chán phèo , chả có gì đáng nhớ",34,9,buồn
Anger,"tao cảnh cáo , page mà đăng mấy video kiểu ngôn lù thế này tao unlike , trả per trả cụ lầy , trả anh thai cho tao",113,28,giận dữ
Other,chắc làm theo yêu cầu,21,5,khác
Enjoyment,"coi 3 lần mà vẫn cười , phim hay nhân vật dễ thương",51,13,vui vẻ
Sadness,per sự thích thể hiện của các bạn mà bóng đá per tốn một món tiền không nhỏ ! 😩🙏🤕,81,20,buồn
Disgust,"mất nhân tính ( tiền không phải tất cả , nhưng làm tất cả vì tiền )",67,17,khó chịu
Enjoyment,thớt là gu của tôi :))) yêu quá hiuhiu,38,9,vui vẻ
Sadness,muộn rồi :))),13,3,buồn
Enjoyment,thề lun anh ấy rất kĩ thuật lun á,33,9,vui vẻ
Enjoyment,per có sub rồi nè . má coi đi coi lại vẫn mắc cười . với đưa anh stk đi,71,20,vui vẻ
Enjoyment,bt mà tao vẫn lạng lách ở đây suốt,34,9,vui vẻ
Enjoyment,chỉ mong có người đến cuối đời vẫn yêu mình như ngày đầu tiên ❤,63,15,vui vẻ
Enjoyment,anh thíck kiểu tra tấn hằng ngày :))),37,8,vui vẻ
Other,tuổi thơ với nó đấy,19,5,khác
Surprise,vợ chồng nhà này mặc quần áo ngủ đôi à ??,41,11,ngạc nhiên
Enjoyment,buồn cười nhất cái đoạn cã lũ bạn đồng thanh * chó nó lấy * 😂,61,16,vui vẻ
Anger,"đúng rồi còn quay quay , lớ nga lớ ngớ xuống trách người ta . có phải bãi xe tự phát đâu mà người ta dám làm láo .",114,29,giận dữ
Disgust,dăm ba cái yêu đương vớ vẩn :)),31,8,khó chịu
Other,ủa tao đang coi cái gì v 😂,26,8,khác
Other,tàn nhang là xác định nhá ??????,32,7,khác
Disgust,sao toàn gặp hãm không àh . gần nhất là thằng âm binh nhất,58,14,khó chịu
Other,phe áo vàng thích điều này,26,6,khác
Other,có khi giờ tỉnh rồi đéo dám xuống nữa,37,9,khác
Enjoyment,lại đến giờ giải trí rồi mềnh ơiiii per =))))),46,10,vui vẻ
Other,vừa xung điện tim xong ra ngoài bác sĩ lắc đầu =)) cả nhà tao đưa bác sĩ vô nằm kế tao,86,22,khác
Disgust,thói ích kỷ,11,3,khó chịu
Disgust,thứ học sinh mất dạy =)),24,6,khó chịu
Anger,má tự dưng bị đánh vào đầu :(,29,8,giận dữ
Enjoyment,mong ông bà nhiều sức khoẻ . đáng yêu thực sự 😍😍😍,49,12,vui vẻ
Disgust,nhìn gai vãi,12,3,khó chịu
Disgust,đọc thôi cũng mệt,17,4,khó chịu
Sadness,có những ngày mọi thứ nó bỗng ập đến,36,9,buồn
Disgust,per thề :))) cười cơ mà tao nghĩ nó cũng đéo ổn tí nào đâu,58,15,khó chịu
Sadness,chỉ khổ các con thôi !! sao người ta lại có thể mất nhân tính như vậy,69,17,buồn
Enjoyment,cute vậyyyyy,12,2,vui vẻ
Other,thế rồi cha lái xe có giả tiền không các bác,44,11,khác
Sadness,nàng ấy chả yêu ta gì cả,24,7,buồn
Sadness,1 năm không biết bao nhiêu lần x - quang :(,43,11,buồn
Fear,thôi xong tao rồi :((,21,5,sợ hãi
Enjoyment,chỉ cần nhìn họ thì đã thấy tim đập mạnh rồi =))),49,12,vui vẻ
Disgust,phú thọ tởm quá,15,4,khó chịu
Surprise,smart phone thành cục gạch là có thật luôn hả ??,48,11,ngạc nhiên
Enjoyment,"3 idiots , bộ phim rất đáng xem",31,8,vui vẻ
Sadness,nói gì thì tụi bây cũng không tin đâu ..😌😌,42,10,buồn
Other,per nhà mình cũng có nè,23,6,khác
Other,bây giờ lại chơi trò đánh tư sản mại bản như ngày xưa đi nhể,60,15,khác
Sadness,anh đánh mất thật rồi,21,5,buồn
Anger,đậu xanh tao giỡn mặt với mày hả,32,8,giận dữ
Disgust,những cái đáng làm không làm những cái không đáng làm thì làm cho tới,69,15,khó chịu
Sadness,hình như sau boss bị chết ạ,27,7,buồn
Other,xong tao đưa mày uống nha,25,6,khác
Enjoyment,may mà không mua laptop này không thì ăn lìn lâu rồi :(,55,13,vui vẻ
Sadness,nếu chịu khó đặt vào hoàn cảnh của nhau mà sống thì mọi chuyện đã đơn giản hơn rồi .,84,20,buồn
Anger,đéo đùa :)),11,3,giận dữ
Other,nhìn hình vẽ khẩu trang lại tưởng 1 con mắt =)))))))),53,11,khác
Enjoyment,có đứa nào đéo giật mình như tao không :))),43,10,vui vẻ
Anger,"băng băng cái lol , chưa đóng vào mặt nhau là may rồi",53,13,giận dữ
Sadness,"ôi mệt quá , một ngày buồn tẻ",29,8,buồn
Fear,bố đi đường mà sợ quá,21,6,sợ hãi
Anger,bác sĩ mất dạy,14,4,giận dữ
Fear,disss giật hết cả mình .:)),27,6,sợ hãi
Sadness,có lẽ vì vậy nên moi thứ trở nên thật khó khăn lúc này :(((,59,15,buồn
Enjoyment,bà đã được sống 1 kiếp người hạnh phúc . mấy ai có được điều đó . ngưỡng mộ tình yêu ông dành cho bà .,102,26,vui vẻ
Enjoyment,sau khi có vợ anh per đã có đồ giả gái xinh và tinh tế hơn 😆,60,17,vui vẻ
Enjoyment,"per đi coi với tao , phim này hay nhất định phải coi",52,13,vui vẻ
Enjoyment,đứng trước mặt nó tụt quần ra auto hết giận,43,10,vui vẻ
Enjoyment,haha đây là cổng chợ này ??,27,7,vui vẻ
Enjoyment,giống y con bạn tao :))) mặc dù nó không phải gvien hay gì cả nhưng nó khá trẻ trâu,83,20,vui vẻ
Enjoyment,nói chuyện yêuu thế đmaaaa ??,29,6,vui vẻ
Enjoyment,dễ thương ghê . thằng quay phim cũng không phải dạng vừa ^^,59,13,vui vẻ
Other,yên tâm đi ông trời không bất công với ai đâu,45,11,khác
Sadness,ko biết crush bây giờ có ở nhà không nữa 😭😭😭😭,45,11,buồn
Enjoyment,là khi lạc giữa 1 biển người hôm khai giảng nhưng vẫn nhìn thấy người đó rõ nhất,80,18,vui vẻ
Anger,đồ điên . quét đéo được thì lấy máy hút bụi hút mẹ hết đi . hét hét cái lol gì =))),83,22,giận dữ
Enjoyment,"hay ta , hay ta",15,5,vui vẻ
Sadness,anh ấy không thương tao,23,5,buồn
Other,mặc cái váy thì phải cạp lông lách chứ :))),43,10,khác
Sadness,nhìn lũ trẻ yêu nhau mà lòng già xao xuyến,42,10,buồn
Other,ai đã dùng nó bây giờ phải 50 tuổi rồi,38,10,khác
Enjoyment,"1 đoạn phim được trích ra tuy ngắn nhưng , chứa 1 thông điệp rất có tầm quan trọng",82,19,vui vẻ
Enjoyment,quan trọng là đỉnh ^.,21,5,vui vẻ
Enjoyment,đem người đó ra biển cho biển cuốn đi lun .. hihii,50,12,vui vẻ
Anger,"hàng loạt các sai phạm , vi phạm diễn ra nhưng bộ giáo dục chưa đưa ra được biện pháp nào có hiệu quả chấm dứt các sự việc tiếp tục xảy ra",138,33,giận dữ
Anger,"trách nhiệm của con mẹ giáo viên chủ nhiệm là lớn nhất luôn , đuổi con mẹ nó việc đi",84,20,giận dữ
Enjoyment,đúng rồi con gái là vậy mà kkk,30,8,vui vẻ
Sadness,tan tành rồi .,14,4,buồn
Sadness,chẳng biết nói gì . xem video em cười suốt mà lòng tôi không thấy vui tẹo nào . thương em,89,21,buồn
Anger,xử tử hiệu trưởng . nhà nước phải làm thẳng tay bọn chó,55,13,giận dữ
Disgust,người ta mất 6 tháng để học lái xe nhưng lại mất cả đời để học văn hoá đỗ xe 😑,78,21,khó chịu
Other,ngày xưa nghèo . có bếp dầu là mai rồi .,40,11,khác
Sadness,ba ́ o giâ ̣ tao ti ́ tao la ̀ mày hoa ̉ người loa ̣ n ngươ ̀ i dân . haizzz,76,24,buồn
Other,hãy tôn trọng quyền được mưu cầu hạnh phúc của mỗi cá nhân con người trên thế giới này đi . đừng kì thị họ ! tội lỗi lắm 🙂,122,30,khác
Enjoyment,"má .., ruồi bay qua táp chết tươi :)))",38,9,vui vẻ
Enjoyment,per cái gì mình không làm được chứ đánh cái lũ đéo phải người thì mình làm tốt kkk,82,19,vui vẻ
Other,per hèn gì thấy ngày nào anh cũng đi tập 😂😂😂,44,11,khác
Surprise,ẹc lông chân mày mọc nhanh dữ =.=,33,8,ngạc nhiên
Sadness,ngày xưa cũng vui lắm mà giờ mỗi đứa 1 nơi rồi,46,12,buồn
Enjoyment,per em cười mệt quá =)))),25,6,vui vẻ
Disgust,móng tay gì mà nhìn vừa bẩn vừa ghê,35,9,khó chịu
Fear,"tuổi thơ của tao sợ nhất là con này , không làm gì mà nó cũng rược , suốt ngày thì kêu um sùm",93,24,sợ hãi
Anger,lần sau nhìn thấy hắt nước tiểu vào người nó ngay,49,11,giận dữ
Enjoyment,bấy bề ơi . thật là đáng yêu,28,8,vui vẻ
Other,tuỳ người tuỳ loại,18,4,khác
Enjoyment,cư ́ như kiê ̉ u =))) ngươ ̀ i yêu,34,11,vui vẻ
Anger,"thằng ác ôn , con nhỏ nhờ tháo mạng nhện thôi mà cũng không giúp , tao là móc gậy ra thọc .. à nhầm tháo mạng nhện ra liền ..",125,31,giận dữ
Fear,"hồi nhỏ đi học phải ngang qua nhà nuôi ngỗng nó dí chạy thấy bà luôn , ngày nào cũng phải cầm cái cây theo . thề luôn tới giờ tao vẫn còn sợ con này khiếp luôn 😭",161,39,sợ hãi
Sadness,ăn cơm mốc có khả năng bị ung thư gan cao . hít,47,13,buồn
Enjoyment,bác này nói hay,15,4,vui vẻ
Other,mới sáng ra,11,3,khác
Fear,"tao có một nỗi sợ khác cũng khá giống con yêu tinh này đó là con yêu nghiệt ngan đực :3 con này thành tinh hung ác vãi_chưởng , đi ra vườn đéo làm gì nó , nó cũng rượt mình . đậu ! đó là tao kể ngày bé thôi =) chứ lớn lên tao biết vơ cây củi theo để đi ra vườn rồi =))",268,67,sợ hãi
Enjoyment,cười vãi ???????? mặt con bé cũng hài ghê,41,9,vui vẻ
Disgust,"quán này chắc không đông , đang ăn mà thấy có mà ói",51,13,khó chịu
Sadness,để nó vậy không thấy tội sao,28,7,buồn
Enjoyment,boss dễ thương hết sức,22,5,vui vẻ
Other,nấu thì nấu được mà không biết có ăn được hay không thôi,56,13,khác
Disgust,"dume tao từ giờ sẽ bỏ thích cái page này huhu , nghiệp mà",57,14,khó chịu
Disgust,đi xe cao mà ý thức thấp quá !,30,9,khó chịu
Enjoyment,mình đã về đến nhà an toàn hihi,31,8,vui vẻ
Surprise,lông chân mọc nhanh thế :)),27,6,ngạc nhiên
Fear,quá nguy hiểm .,15,4,sợ hãi
Enjoyment,ơ tao cũng học ông này hướng dẫn hay sao ấy :))))),50,12,vui vẻ
Sadness,và người đó đang ở nơi đâu về với em đi . đợi người rồi người sẽ đến chứ ?,74,20,buồn
Disgust,bảo sao đi đâu ai cũng ghét =)),31,8,khó chịu
Disgust,"đã gọi là "" mật "" mà nó lại công khai cho mày xem àk",52,15,khó chịu
Enjoyment,hahaa ngọt vãiii :)),20,4,vui vẻ
Other,mơ chứ còn gì nữa 🙃,19,6,khác
Enjoyment,per tìm được đối tượng nào để cầu hôn chưa :))),47,11,vui vẻ
Sadness,dự là 30 mà 30 sợ già quá chả chó nào nó rước . năm nay đã 26 rồi mà vẫn chả ai thèm yêu 😔😔😔,92,26,buồn
Sadness,nhìn em mà thương roi nói chuyện mắt,36,8,buồn
Enjoyment,em vợ tao đấy :)),17,5,vui vẻ
Enjoyment,"con bé xinh nhờ , khốn nạn là cái thằng edit video ý :)))",57,14,vui vẻ
Surprise,1 lần chơi lớn xem thế giới có trầm trồ ??,42,11,ngạc nhiên
Enjoyment,per phim này thấy trailer hấp dẫn ghê 😁,39,9,vui vẻ
Enjoyment,ngồi nhìn nó ngủ cũng thấy dth vler đừng nói cười 😌,51,12,vui vẻ
Fear,cái này ghê vãi mày sẽ hiểu cảm giác khi nó lún xuống 😅😅,56,14,sợ hãi
Disgust,không thấy tên phim thì hỏi . ở đấy mà hội người mụ cái đéo gì . đã mất công ghi tên phim thì ghi cho đàng hoàng vào . bất lịch sự vậy !,136,35,khó chịu
Enjoyment,hèn dì mấy nay đi học thấy bạn của crush nhìn mình cười,55,13,vui vẻ
Surprise,wow vừa vẽ đẹp lại còn biết sáng tạo :)),40,10,ngạc nhiên
Other,cái này đi móc cống thốn lắm nè,31,8,khác
Enjoyment,từ nay tôi quết định nuôi dưỡng con chim tôi tới già . và tôi mong được unesco công nhận kỳ quan thứ 8 của thế giới,115,27,vui vẻ
Other,mình chỉ quan tâm cái quần bạn chồng mặc màu hường hình cô gái ????,67,15,khác
Disgust,loại gái già mất dạy chách sao không dạy được con cháu .,56,13,khó chịu
Disgust,chộm chó đâu làm ăn như céc lúc cần thì chả thấy đâu,52,13,khó chịu
Enjoyment,thông minh hơi muộn nhưng vẫn kịp thông minh !,46,10,vui vẻ
Sadness,cay đắng và mặn :(,18,5,buồn
Enjoyment,cóc nào tao không có thích thầm đứa nào để đứng lại ngắm cái chỗ ngồi nhể 😗😗😗,77,18,vui vẻ
Anger,nó sale còn 225k là được rồi :))) lời quá còn gì . mẹ mày per bình luận chi để nó nhận ra chi v 😂,97,26,giận dữ
Disgust,"loại này nó vậy , y con chó nhà mình .. hjjjj",45,12,khó chịu
Surprise,đỉnh vậy luôn hả,16,4,ngạc nhiên
Sadness,chẳng những hư xe mà còn bị phạt nặng nữa,41,10,buồn
Other,mẹ còn không trị được thì ai trị 😌,34,9,khác
Sadness,tớ có thấy con ngáo đấy nhưng không dám lại sờ huhu tt,54,13,buồn
Enjoyment,nhờ đó mà tôi cảm thấy nhẹ nhõm và trở nên mạnh mẽ,50,13,vui vẻ
Enjoyment,tao ấn tượng anh đầm hường ghê 😂,32,8,vui vẻ
Other,đứa nào bắt cóc nhỏ này thấy khổ vãi,36,9,khác
Sadness,đồng cảnh ngộ :(,16,4,buồn
Enjoyment,ngọt hơn cả người yêu haaaaa,28,6,vui vẻ
Disgust,thôi mấy bác bị dắt mũi rồi . nghe đến đoạn au mobile là biết nó quảng cáo game trá hình rồi . như con cặc,106,26,khó chịu
Enjoyment,đọc nhiều chuyện cổ tích vầy thấy yêu cuộc sống hẳn :)),55,12,vui vẻ
Disgust,bố mày lậy chúng mày đấy,24,6,khó chịu
Surprise,mấy cái video của bọn này đóng hay vãi,38,9,ngạc nhiên
Enjoyment,"ở nói chuyện ngoài hộ không khì thị về giới tính , họ cho được kết hôn . chứ họ không kì thị như ở việt nam mình hai người kia họ thật dũng cảm khi sống thật với giới tính của mình",180,43,vui vẻ
Other,bà chủ tịch giả mang thai và cái kết,36,9,khác
Disgust,phạt 5 triệu ... pháp luật vn hay dữ,36,9,khó chịu
Sadness,phải chi có người để giận mình nhỉ :(((,39,9,buồn
Sadness,"per cần thêm những trái dâu xinh xắn để ngăn chặn sự u ám này , huhu",68,17,buồn
Enjoyment,lúc nhỏ bà hàng xóm của tao bị dí chạy tới mức bã phải nhảy xuống sông bã lội trốn mà tụi nó cũng nhảy theo với bã 🤣,116,29,vui vẻ
Disgust,tao cũng có ghệ và tao cũng dị ứng mấy trường hợp mắc mệt giống vậy,67,16,khó chịu
Sadness,khổ thân em ý .,15,5,buồn
Enjoyment,không những hạnh phúc tao còn cứng nữa :)),42,9,vui vẻ
Anger,"chỉ có bọn nông dân mới nghĩ ra mấy trò này , phải con cháu nhà tao thì tao đến từng nhà 1 bắt từng thằng ăn cứt",112,28,giận dữ
Disgust,kinh dị vãi 😖😖,14,4,khó chịu
Anger,phải là người yêu tao thì sống chết tao cũng vả hết,51,12,giận dữ
Disgust,vậy nên phải lịch sự và thổ con mẹ nó lộ với cả đống người chúc mừng mày thành trò cười thiên hạ,96,23,khó chịu
Enjoyment,đkm lại diễn rồi pr cho game aumobile chứ gì tuổi lol qua mắt tao =)),69,16,vui vẻ
Other,"cà phê vần luôn cả với sa tế , thế là đủ vị đắng cay",52,15,khác
Sadness,chuẩn luôn :3 độc vô tình bắt gặp thôi cơ mà giờ tao bị ăn bơ rồi 😭,67,18,buồn
Enjoyment,có ai luyện mới được như mình không dạ,38,9,vui vẻ
Disgust,còn thằng súc sinh này,22,5,khó chịu
Disgust,"lớp 1 tao đã bị nằm sấp lên bàn , bị đánh 20 - 30 cây vì tội viết chữ không có tiến bộ mà có dám hó hé gì đâu . còn học sinh giờ sắp thành hiệu trưởng hết rồi",158,42,khó chịu
Fear,hết hồn chim én,15,4,sợ hãi
Surprise,thật ư 😱😱😱,10,3,ngạc nhiên
Sadness,cô ấy không yêu tôi,19,5,buồn
Sadness,ừ công nhận == không có tiền mua,32,8,buồn
Disgust,"xã hội giờ nguy hiểm quá . có khi cái con mẹ kia mới là người có ý định bắt cóc trẻ con ấy chứ , hoặc chỉ một câu trêu đùa quái ác như thế cũng đủ mệt",150,39,khó chịu
Other,nó ăn chay mà,13,4,khác
Enjoyment,trò cười . :v,13,4,vui vẻ
Enjoyment,đáng yêu vậy,12,3,vui vẻ
Disgust,người ta dùng con kiến bống . loại có chất axit có vị chua . chứ đéo ai dùng loại kiến đen cứt trâu này .,105,26,khó chịu
Anger,"gặp tao là đéo nói nhìu , lùi xe ra rồ ga tông thẳng vào :))))",62,16,giận dữ
Other,phải chi quán đầu tư cái máy hút bụi thì đỡ cho anh ấy quá =))),63,16,khác
Enjoyment,cũng dể thương đấy chứ,22,5,vui vẻ
Other,thực ra ngoài mày nó còn quan tâm nhiều đứa nữa,47,11,khác
Surprise,anh quay phim giọng hơi cute nhỉ 😂😂😂,36,8,ngạc nhiên
Enjoyment,cảm ơn bố !,11,4,vui vẻ
Enjoyment,nhìn đã thật,12,3,vui vẻ
Enjoyment,niềm vui của cđv việt nam đây mà,32,8,vui vẻ
Enjoyment,tao thích vẽ . nhưng vẽ xấu từ đó chuyển hẳn sang mê chụp ảnh .,63,16,vui vẻ
Sadness,tạm biệt ông 😢,14,4,buồn
Enjoyment,khoảnh khắc nhận ra đồng nghiệp mình is the best :)) nguyễn ngọc thái hiền,74,15,vui vẻ
Enjoyment,tao cười tao ỉa =)))))) hâhhahhahahahaha,40,6,vui vẻ
Other,nên là có sắp chết tao cũng đéo kể cho ai nghe :))),51,13,khác
Sadness,tiền nhiều để làm gì ? để rồi lại chia ly,41,11,buồn
Other,"và nếu có 1 người yêu mà chơi với nhiều thằng con trai thì hãy cẩn thận , mày có thể bị cắm sừng khi nào không hay",114,28,khác
Enjoyment,thường thôi . hồi nhỏ tao nấu kiểu này hoài . nấu lun cái bếp nhà chú,69,17,vui vẻ
Sadness,xỉu lên xỉu xuống :(,20,5,buồn
Enjoyment,để anh dẫn em đi ăn nha :)),27,8,vui vẻ
Sadness,tao đã khóc khi xem phim nay,28,7,buồn
Other,cây như cổ chân thì sao năng xuất . cại đủ tiền công không mà chia,66,16,khác
Other,per một thời của chậy em mình nè,32,8,khác
Enjoyment,thiệt là dễ thương quá đi mất . 💕,33,9,vui vẻ
Disgust,nhảy không lo nhảy còn quay quay,32,7,khó chịu
Enjoyment,giòi béo lắm :)),16,4,vui vẻ
Surprise,"á đù , per ạ , chị em mềnh vừa làm thế",38,12,ngạc nhiên
Sadness,per trung thu đéo liên quan đến việc có gấu cho lắm bạn nhể .... nhưng mà lễ gì cũng thế thì đúng là bất hạnh mà huhu,117,28,buồn
Anger,per cản tao không tao chửi thề,30,7,giận dữ
Other,quả drama khi nàng say giấc là minh chứng rõ ràng nhất cho ví dụ trên =))),74,17,khác
Sadness,tao hiểu rất rõ cảm giác của em ấy ....,39,10,buồn
Sadness,"tình đến , rồi tình cũng điii 🙂🙂🙂",33,8,buồn
Disgust,gớm không tưởng,15,3,khó chịu
Disgust,"phục nhất ông cưa móng tay mà không cần đeo bao tay và đeo khẩu trang , gặp tao là tao ói ngay từ khi thấy bộ móng này rồi .",124,31,khó chịu
Anger,cảnh này gặp cũng nhiều rồi . dọn thấy mẹ luôn mà vẫn không sạch được . tức ghê . ức chế lắm . 1 lần thì không sao mà cả chục lần như vậy,137,35,giận dữ
Disgust,vô nhân đạo thật :(,19,5,khó chịu
Sadness,"ngày em đến anh mất ngủ suốt mấy đêm vì vui sướng , ngày em nói dừng lại nước mắt anh rơi trên đường chạy về nhà",112,27,buồn
Enjoyment,có gì đâu bé vậy mới cool đó anh thích 😉😉😉,42,11,vui vẻ
Other,tuổi thơ không có gì đặc biệt cho đến khi năm lớp 12 . nhớ cả cuộc đời cậu bạn ngồi cạnh,88,22,khác
Enjoyment,tính giải trí cao vãi 🤣🤣,24,6,vui vẻ
Disgust,cơm từ thiện không tốn tiền nên không biết quí trọng ý thức còn thấp quá,72,16,khó chịu
Enjoyment,"cảm ơn cha mẹ đã cho mình hình hài này , xin được khôn ngoan để đừng làm đau người khác",87,21,vui vẻ
Surprise,hóa ra là vậy à =)),19,6,ngạc nhiên
Anger,"tao cũng nghĩ là vậy , chứ ở đó mà mừng rồi nuôi đẻ . bố mày không thích ăn sừng , phắng 🤣",90,24,giận dữ
Other,có quá nhiều lựa chọn trong một tháng,37,8,khác
Sadness,nguyễn thị hồng phấn cũng may tao không thấy cặp nao hêtd,57,12,buồn
Other,nói thẳng mẹ nó là con kia gato cho xem :))),44,11,khác
Enjoyment,"đi qua hết rồi mới nhận ra cấp 3 là thời tươi đẹp nhất của mình . ở đó có bố mẹ luôn đồng hành , có tình yêu học trò , có nghịch ngợm trốn học ... là quãng thời gian hồn nhiên vui vẻ nhất .",189,48,vui vẻ
Enjoyment,bếp củi 😂😂😂,11,3,vui vẻ
Sadness,:(( tội bé,10,3,buồn
Disgust,ăn cho mập thây để chết phải đặt hòm riêng chứ bắt trộm hay cướp thì làm được gì .,82,20,khó chịu
Anger,"đéo biết ong rừng thật không nhưng đổ mà bắt em dọn thế à , xách mông xuống dọn đi .",84,21,giận dữ
Enjoyment,tuổi trẻ tài cao mà :)))))))),29,6,vui vẻ
Disgust,quay lip miệng chửi liên tục còn đăng mạng cho mọi người biết ... hài .,71,16,khó chịu
Other,sg chưa mưa đâu,15,4,khác
Enjoyment,per cho vợ đi cầu này để giảm cân nhá 🤣🤣,40,11,vui vẻ
Other,tôi đoán rằng ông này đã lấy vợ trước khi lên mặt trăng,55,13,khác
Disgust,chả hiểu sao có phẫn nộ :))),28,7,khó chịu
Sadness,"nhìn cảnh 2 bố con hôn từ biệt , em bé cũng rướn mặt theo hôn bố mà chảy nước mắt , em bé như thế chắc không biết diễn , đúng là cảnh đẹp quá",141,36,buồn
Other,per học hỏi nhé kkk,19,5,khác
Enjoyment,cái đoạn nướng cháy pizza để phốt công nhận là chuyên nghiệp thật :),68,14,vui vẻ
Fear,mỗi lần chạy xe ngang kv bình chánh là cảm thấy sợ,50,12,sợ hãi
Fear,"ở trên mái sảnh nhà tao cũng có một con nhện mẹ tao bảo tao giết nó ( hờ hờ ) , còn bố tao bảo "" mày cứ đi qua là nó rơi giữa đầu """,131,37,sợ hãi
Other,2 năm xa nhà rồi tao đéo được đi ????. năm sau nhất định đi,59,15,khác
Sadness,có những ngày làm tới đâu là sai tới đó :)) muốn tát vào mặt hết sức,68,17,buồn
Sadness,"per nhớ ngày tháng cta bên nhau ghê , giờ thì chả còn gì",56,14,buồn
Disgust,thành phần nào cũng có :)) ăn hiếp con gái :)) thua cả súc sinh,63,15,khó chịu
Enjoyment,lò vi sóng đó hjhj,18,5,vui vẻ
Fear,đàn bà ở nhà thế kia không sợ ngoại tình à ? tao đang lo vợ tao đây này,71,19,sợ hãi
Other,không nỡ bỏ đi mấy thứ linh tinh thời đi học,44,11,khác
Sadness,chưa cho ba mẹ được gì . vậy có quyền gì mà đòi phàn nàn về những thứ ba mẹ đã rành rụng bao nhiêu năm để lại cho mình,118,30,buồn
Other,per đợt này tao đi học full . nên để mấy hnua rảnh tao alo nha 😂😂,65,17,khác
Enjoyment,"từ nhỏ tới lớn đi học toàn ngồi chung bàn với nam , toàn phải đương đầu chiến đấu với vạch phấn chia đôi bàn ghế . 🤣🤣",117,28,vui vẻ
Disgust,mày là con bé gái bố mày là con lợn nhé . khi con nào còn mở mồm bảo chỉ theo bạn bỏ zai thì bị ăn vả thế đấy =))),114,31,khó chịu
Disgust,cái thứ súc vật,15,4,khó chịu
Sadness,"đúng rồi , vàng là phải vàng mới có giá trị , vàng trắng làm gì có giá trị 😥",76,20,buồn
Enjoyment,thế mới làm nên nghiệp lớn chứ,30,7,vui vẻ
Disgust,ảo tưởng là đây 😞,17,5,khó chịu
Other,đúng bài của người việt thường dùng rồi,39,8,khác
Enjoyment,họ đã cho ta có mặt ở trên cột đời này rồi còn gì bằng nữa chứ,62,17,vui vẻ
Sadness,cả tết được có 400k :(,22,6,buồn
Anger,bắt được rồi cho bọn này đi chết đi để chúng nó sốn rồi làm hại người khác,74,18,giận dữ
Sadness,rất tiếc cho 1 bài quyền,24,6,buồn
Surprise,wao đáng yêuc vậy chời ơiiii,28,6,ngạc nhiên
Disgust,có đéo gì mà kì thích thì đi . xin lỗi hơi thô 😊,48,14,khó chịu
Enjoyment,đề kháng của tao với mọi loại thính rồi cơ 😂,44,11,vui vẻ
Disgust,ý anh là đụ em xong có con rồi ct á hả :vậy,43,13,khó chịu
Surprise,vậy là xử xong rồi đó hả ? nhanh dữ,35,10,ngạc nhiên
Sadness,tao cũng muốn học vẽ lắm :( cơ mà không có điều kiện để đi học,62,16,buồn
Disgust,má nhay :)),11,3,khó chịu
Other,hiền thì hiền thật đấy cơ mà quá ngưỡng nhịn thì bùng phát thôi 🙂,65,15,khác
Disgust,bất hạnh qué gì . trung thu thì liên quan mẹ gì đến việc có gấu . tào lao,73,19,khó chịu
Surprise,sao lại ga lăng z được ta,25,7,ngạc nhiên
Other,per chịu khó đọc trong này cũng được phết,41,9,khác
Sadness,đây là một câu chuyện buồn 🙁,28,7,buồn
Enjoyment,"bọn tàu copy kịch bản phương tây , chắc bữa sau lại có mấy video make in việt nam như vậy và kịch bản tàu haha",110,26,vui vẻ
Sadness,"giờ nghĩ lại mới thấy vui thế , đến nay bạn bè lập gia đình cả rồi :(((",71,18,buồn
Other,"có thể trường học không trọng dụng bác ý nên bác ý không muốn về , ý kiến riêng em",82,20,khác
Enjoyment,chuyên mục chọc chó cực mạnh à nhầm mèo kk,42,10,vui vẻ
Disgust,giọng mình thì như tát vào mặt người nghe,41,9,khó chịu
Fear,per tạo hóa thật đáng sợ :))))),31,7,sợ hãi
Sadness,hôm nay bạn đi làm . tiền đâu mà mua 😌,38,11,buồn
Sadness,"không được uống đã đành , ngồi dọn sấp mặt luôn , như con cáo và chùm nho xanh per",82,20,buồn
Anger,sai còn không biết sửa còn thích giận lại . cút hộ,50,12,giận dữ
Sadness,"đau lòng vãi . cứ tưởng là đùa . ai ngờ , bồ nhau thiệt . ơ . tớ có sừng không",78,22,buồn
Enjoyment,vừa thấy thương vừa buồn cười vãi :))))))),42,8,vui vẻ
Enjoyment,sở khanh như boss chịu liền .. đẹp trai quá trời ui,51,12,vui vẻ
Fear,chính những người như thế họ rất cẩn trọng khi bật xi nhan đấy,62,14,sợ hãi
Disgust,video này là để động viên mấy đứa chán đời và cuộc sống này rất nhạt ahihi,74,17,khó chịu
Enjoyment,chiều mưa hứa tự sẽ tự đi mua đôi giầy mới 😂,44,12,vui vẻ
Other,"cái khó ló cái khôn , yên tâm",29,8,khác
Surprise,à thì ra là vậy,15,5,ngạc nhiên
Other,ng anh em thiện lành đã rời việt nam . sayy goodbye 🌸,53,13,khác
Sadness,cần lắm những sẻ chia . cần lắm những thấu hiểu,47,11,buồn
Other,người ta chỉ hỏi hàng tháng bạn kiếm được bao nhiêu tiền chứ không hỏi công việc của bạn có làm cho bạn mệt nhiều không,119,26,khác
Sadness,khi em nói 2 chữ muốn dừng là nước mắt không bao giờ ngưng . . . đau,68,18,buồn
Enjoyment,ngưỡng mộ anh chị,17,4,vui vẻ
Enjoyment,t còn được nghỉ 1 tuần :)))),28,7,vui vẻ
Enjoyment,t cười đấy . thế tao thả haha nhé . mà dume đấy là cháu tao . thế bây giờ không có icon vừa khóc vừa cười à :]],111,29,vui vẻ
Disgust,"lúc trước tao đi thực tập cũng có làm bên dọn phòng được 1 tháng . đm kinh khủng lắm tụi bay , rác xả thì đéo nói nha , bcs vứt ngay trên giường :) dume sao chơi xong đéo nhét vào mồm ăn mẹ đi cho rồi",200,49,khó chịu
Sadness,tao coi xong tao khóc .,23,6,buồn
Sadness,thà chia tay rồi ghét hận nhau còn hơn là đang lúc dang dở thì mất nhau 🙂,73,18,buồn
Sadness,xem mà rơi nói chuyện mắt khi ăn luôn 😭😭😢,41,10,buồn
Enjoyment,đồng nai mùa chim nướng yên xe kaka,35,8,vui vẻ
Other,con nhà người ta kbh làm bố mẹ mình thất vọng 😪,47,12,khác
Fear,ờ công nhận đáng sợ vãi 😭,25,7,sợ hãi
Fear,khiếp quá đi tụi con ơi,23,6,sợ hãi
Sadness,có ai thấy tội ông cụ như tao không 😭,37,10,buồn
Enjoyment,tao thề từ giờ đến cuối năm mà tao không lấy được vợ thì tao quyết định sag năm lấy 😊,85,21,vui vẻ
Enjoyment,"per chị mày đánh lộn từ đầu làng đến cuối xóm thì cần chi bọn con trai , nhưng nhìn bọn nó dễ thương hén",104,25,vui vẻ
Disgust,có thể cấp phép những phim bạo lực . kinh dị nước ngoài . nhưng động phim nhà có chút bạo lực và máu me là cấm vì không đúng thuần phong mỹ tục,143,34,khó chịu
Anger,hãm lol thật sự 😒,17,5,giận dữ
Enjoyment,giống y bố tao 🤣 ngoa khủng khiếp nhưng mà nhà tao vui vãi_chưởng 🤣🤣. điểm danh nhà bố học giỏi văn nào 🤦🏻‍♀️,109,24,vui vẻ
Other,anh nói vậy với em lần nửa đi 🙃,31,9,khác
Sadness,không hiểu sao xem đi xem lại bao nhiêu lần vẫn khóc được,57,13,buồn
Anger,ad hỏi thế này thì có khác gì giữa thịt lợn và thịt chó ăn món nào ? ad hỏi thế này là hơi coi thường chị em đó 🤨,113,30,giận dữ
Disgust,cục súc thiệt :)))),19,4,khó chịu
Other,đợi chắc sang kiếp sau luôn quá 😂,33,8,khác
Enjoyment,lấy ống hút mỗi đứa cắm xuống mà hút thôi :)),45,11,vui vẻ
Other,có ý định nhai hết hộp kẹo điểm danh đi 😌😌,42,11,khác
Other,nam thần tự do,14,4,khác
Enjoyment,chúng ta mất 3s để nói yêu nhau vài 30p để phịch nhau phải không nào,68,16,vui vẻ
Disgust,ông thầy cục súc vãi lol,24,6,khó chịu
Sadness,vâng em gặp anh rồi mà giờ đây em vẫn cô đơn đi lang thang tìm những thứ vô nghĩa lấp vào nỗi cô đơn ấy,103,26,buồn
Enjoyment,câu chuyện y ́ nghi ̃ anh qua ́,31,9,vui vẻ
Enjoyment,ngày xưa mìh cũng thế . dume thấy mấy ông đứng đầu đường nhòm nhòm cũng phải lượn qua cái :)),93,21,vui vẻ
Sadness,đúng là vàng trắng .. nhưng mà trắng tay :(((,45,10,buồn
Anger,"m ngon m giết tao luôn đi , má mày",34,10,giận dữ
Sadness,lâu quá rồi mới nghe lại bài này . từ lúc ctay mối tình đầu :((,63,16,buồn
Sadness,khổ tâm ghê =)),15,4,buồn
Enjoyment,những điều đơn giản nhưng thật hạnh phúc 😘,42,9,vui vẻ
Sadness,cũng muốn đi xem lắm 😭,22,6,buồn
Other,"kết hôn xong , anh thuê người giết cô để lấy tiền bảo hiểm 😌",60,15,khác
Enjoyment,gia đình ổn tình yêu không có thì cần gì động lực ... kaka,58,14,vui vẻ
Enjoyment,anh tây này đáng yêu chết được cứ tiếng tuy hoà phú yên ma học đi nhá ☺️☺️,74,18,vui vẻ
Disgust,con mèo cục xúc nhất năm :3,27,7,khó chịu
Enjoyment,xem phim cười gần chết . mà thích cái bạn ma nữ hơn là na bong,62,16,vui vẻ
Sadness,đằng này họ nghĩ tao muốn giết người rồi chửi tao bị thần kinh rồi cho trôi qua mọi chuyện,90,20,buồn
Anger,chờ mãi đéo thấy làm gì chán,28,7,giận dữ
Enjoyment,ngồi cười như dại =))),22,5,vui vẻ
Anger,"chó đẻ , khốn nạn vậy mà cũng đi rao giảng đạo đức , đi dạy người khác 😭😭😭😭",75,19,giận dữ
Fear,đm nhậu say gặp cái cầu lol này chắc tao nằm xuống mẹ cho rồi per,65,16,sợ hãi
Other,"nắng nóng bỏ moẹ , dội chút cho mát thôi mà",43,11,khác
Other,phải biết thiên thời địa lợi nhân hòa 😐😐,40,9,khác
Disgust,per mẹ copy đây làm bố tưởng nay mày hiểu đời văn chương hơn,60,14,khó chịu
Disgust,thân thiện thôi mà cứ ảo tưởng được thích à ? :>>,49,12,khó chịu
Disgust,bọn chưa tiến hoá hết này ... cặn bã,36,9,khó chịu
Sadness,per mày này . nhưng mà lúc già sắp chết 😕,41,11,buồn
Surprise,vl :)) còn đút tay túi áo ??,28,8,ngạc nhiên
Sadness,"thôi không níu giữ kí ức xa vời , và chẳng bao giờ thuộc về nơi em",66,17,buồn
Disgust,chúng mày bị điên à 😒,21,6,khó chịu
Sadness,"có người cả đời ăn không hết lại có người thiếu ăn , thiếu mặc nhìn chán đời vãi",80,19,buồn
Enjoyment,đố ai định nghĩa được tình yêu . có khó gì đâu một buổi chiều . kề dao vào cổ yêu không hả . gật đầu lia lịa thế là yêu 🤣🤣🤣🤣🤣🤣,126,32,vui vẻ
Enjoyment,page bị hack rồi . video hay nhất mình từg xem,46,11,vui vẻ
Other,"mưa rồi , chỗ tao đang mưa",26,7,khác
Other,per mày cũng có tình yêu từ nơi đây phải không ?,48,12,khác
Disgust,nhìn kinh 😌,11,3,khó chịu
Enjoyment,nhìn lại nhớ một thời oanh liệt nay còn đâu 😴 đề bao năm vẫn như vậy . vẫn thích nhất là câu 4 hình học 😊,105,27,vui vẻ
Enjoyment,"mà hiệu quả bất ngờ quá , quá đỉnh .",36,10,vui vẻ
Other,ủa rồi ra nắm xe tải kéo ra như kéo xe đồ chơi dị ba,52,15,khác
Sadness,từ bé đến giờ mình chưa bao giờ xếp được 1 cái rubic nào thế mà cu nhóc kia xếp xong trong vài giây ! xấu hổ quá,112,28,buồn
Surprise,quá kinh ngạc phá được mọi loại khóa luôn 😑😑😑,45,10,ngạc nhiên
Disgust,phòng gym nơi những thằng gay yêu nhau và thông đít nhau :v,59,13,khó chịu
Enjoyment,mười mấy năm nữa tao cũng sẽ đạt kỉ lục thôi 😂😂😂,48,12,vui vẻ
Enjoyment,anh thích em rồi đấy 😂,22,6,vui vẻ
Other,thay đổi cái đau đầu luôn,25,6,khác
Other,cũng chả biết tại sao luôn ...,30,7,khác
Enjoyment,có cả chiêu của per trong đấu trường thú nè :))),48,11,vui vẻ
Sadness,đi chơi mẹ tao cũng không tha cho tao :) chửi tao làm mất buổi vui luôn á,73,18,buồn
Sadness,nhớ lúc trước tao cũng có học quyền và múa tứ linh đao bay thẳng vào trán . :),78,19,buồn
Enjoyment,per đúng là hồi tđ vẫn một rổ cười mỗi ngày ha =)))),52,13,vui vẻ
Disgust,số tiền ấy làm phước cho bao nhiêu người . đúng la dư thừa,58,14,khó chịu
Enjoyment,có đồng nghiệp đáng yêuc thì sếp có khó tánh mình vẫn cảm thấy vui rất nhiều . nhớ những ngày tháng đéo thèm tăng ca đi ăn bất chấp,131,30,vui vẻ
Enjoyment,thế thì nó lại tốt quá,22,6,vui vẻ
Other,má tao coi mà chóng mặt ... cầu này rồi dành cho chân ngắn như tao chắc,71,17,khác
Enjoyment,mặt dày lại ôm cứng ngắt cho chị . 😆,36,10,vui vẻ
Enjoyment,per bếp lò xo huyền thoại của ngoại hay nấu nè,46,11,vui vẻ
Enjoyment,muốn được đi một lần 😆😆😆,24,6,vui vẻ
Anger,bo ̣ n na ̀ y cho đi tu ̀ hê ́ tao,34,13,giận dữ
Surprise,thì ra nó là như này à,22,7,ngạc nhiên
Other,đang họp nhớ gì không nhớ nhớ cái bếp,37,9,khác
Enjoyment,hay cực,7,2,vui vẻ
Anger,dume tao vừa mất 2 phút nhãm nhất cuộc đời tao 😒😒😒,50,12,giận dữ
Disgust,per hãy gặp nhau nói bằng mồm từ tỏ tình đến chia tay để không bị cap gửi cho hội chị em =)))))))),98,23,khó chịu
Enjoyment,có sáng tạo :)),15,4,vui vẻ
Other,khi bạn sai mà không muốn đền thì cách tốt nhất nên dọa đối thủ thật mạnh vào @@,80,19,khác
Other,"tao thì đéo phân biệt đâu là gà đâu là vịt , đâu là nhãn đâu là vải . ????????",78,20,khác
Enjoyment,mắt 2 mí dễ thương quá,22,6,vui vẻ
Surprise,s mà nằm viện mà chị đẹp quá vậy,32,9,ngạc nhiên
Sadness,huhu đéo muốn đi học đâu,24,6,buồn
Fear,thực ra chủ nó cũng bẩn vãi :) vầy quá kinh dị rồi :),53,14,sợ hãi
Other,hiểu lầm chút chút,18,4,khác
Other,lại thanh niên quay phim khúc cuối ra hỏi chị ơi chị có sao không,65,15,khác
Enjoyment,hay à ngheng,12,3,vui vẻ
Sadness,ngày ấy chỉ vì quá ngu ngơ mà để lạc mất .,42,12,buồn
Enjoyment,"giỏi mà 😁, đúng là thằng tây duy nhất ở vn học tiếng việt mà giọng tuy hoà ( giỏi )🤩",84,21,vui vẻ
Sadness,t thua cả đứa con nít nữa ám ảnh vãi,36,10,buồn
Anger,eo hiểu người ta đỗ lòng đường vỉa hè thì rộng . chỉ lên nhắc người ta đỗ lùi xuống không ngã 3 thôi chứ đường của các bà đâu . có thế cũng đưa lên . ko ai bênh cái này đâu . ích kỉ nó vừa thôi,193,49,giận dữ
Other,per bảo này mày không được đi chơi đêm nhé,42,10,khác
Enjoyment,chủ như này lại chăm làm vãi =)),32,8,vui vẻ
Anger,"ngày đéo nào cũng đòi người yêu , sinh nhật bác hồ hay quốc khánh cũng đéo thấy tha 😕",85,20,giận dữ
Enjoyment,móe . con nhện . cười đau cả ruột .,35,10,vui vẻ
Enjoyment,coi mà hồi hộp vãi 😂😂😂... nghỉ tới khúc nó nhảy trượt rớt xún chắc bó chửi banh nóc ... v,89,21,vui vẻ
Enjoyment,trai đẹp nó yêu nhâu hết rồi các chế ơi ... tranh thủ quơ được thằng nào quơ đi không thì hết đó kkkk,101,24,vui vẻ
Enjoyment,dễ thương hết sức ??,20,5,vui vẻ
Surprise,ô ông này vẫn còn làm video à :v,32,9,ngạc nhiên
Enjoyment,bố mẹ cho ta đx tồn tại trên cuộc đời này biết nhận thức thì tự đi lên từ đôi tay của mình nhé 😘,96,25,vui vẻ
Disgust,anh chơi ác quá,15,4,khó chịu
Sadness,phần còn lại là nỗi nhớ và những lần thở dài :((,48,12,buồn
Anger,chắc tao đấm chết mẹ nó quá 😠😠,30,8,giận dữ
Enjoyment,per mình đi xem phim này nha em ơi,34,9,vui vẻ
Other,từ ngày ra trường là chưa về,28,7,khác
Anger,"mọe , chúng mày có thôi đi không ? :)",37,10,giận dữ
Disgust,bố khỉ chó chứ kphai người -.-,30,7,khó chịu
Disgust,1 lũ hèn bỏ mẹ mấy đứa nó cũng thế,34,10,khó chịu
Other,per thay vì đọc chuyện ma thì mày có thể coi hết video này :)),62,15,khác
Anger,cay vãi lồn,11,3,giận dữ
Surprise,per wow 😂 cảnh bắt nhện kịch tính vãi,37,9,ngạc nhiên
Fear,per đáng sợ quá,15,4,sợ hãi
Other,"per lắp đi , chứ tốn tiền điện thoại lắm",40,10,khác
Surprise,viện nào nhìn đẹp thế,21,5,ngạc nhiên
Disgust,định share cho mấy bạn trong list fr thêm động lực mà đọc bình luận xong đến tao còn thấy tụt mood 😌,100,23,khó chịu
Disgust,làm nghề không có tâm 🙂,23,6,khó chịu
Disgust,"xong vài tháng sau thằng bạn chung lớp chửi mình chảnh , bố đời .",65,15,khó chịu
Disgust,việt nam học tây chỗ này đây trách gì giờ toàn cô trò rủ nhau vào nhà nghỉ,74,18,khó chịu
Surprise,giọng nghe hay quá,18,4,ngạc nhiên
Surprise,có tiền mua cả cây nhỉ,22,6,ngạc nhiên
Anger,những người nhập cho các chau ăn thịt bẩn đó họ có còn là con người nũa không ? vì tiền mà họ để lương tao bị cho cắm mất rồi . lũ khốn nạn,139,35,giận dữ
Disgust,trước gầy giả gái xinh . giờ béo lên ông mặc cái váy như tra tấn cái váy .,74,19,khó chịu
Sadness,nghe lại mà nhớ những ngày tháng say đắm trong nỗi cô đơn,57,13,buồn
Enjoyment,đáng yêu thế bà đẹp gê,22,6,vui vẻ
Enjoyment,nhìn đẹp quá đi mất,19,5,vui vẻ
Sadness,nhói lòng lớp tôi,17,4,buồn
Sadness,khổ thân em nó . ??,19,6,buồn
Fear,"sau khi kết hôn , anh sẽ thuê người giết cô để hưởng trọn tiền bảo hiểm 😌",73,18,sợ hãi
Other,giá mà thằng lái xe ngồi trong xe oto trông xe thì tốt biết mấy !,65,16,khác
Other,dẻo phết ... nhưng mà cái gì dẻo quá cũng không tốt ...😄,56,13,khác
Enjoyment,"năm nào bố tao cũng đi , năm nào cũng về kể là đông quá cả tiếng mới nhích được 10m mà năm sau vẫn cứ đúng ngày bố tao lại đi vậy đó =))",136,35,vui vẻ
Enjoyment,per câu chuyện này thú vị nhỉ ?,31,8,vui vẻ
Disgust,"nó dựng lên nó quay đấy , nghe giọng thằng quay như giọng 2 con bede hôm bữa đánh nhau ở quán nước",98,23,khó chịu
Enjoyment,cưng hết phần thiên hạ,22,5,vui vẻ
Enjoyment,cười vui vãi,12,3,vui vẻ
Other,có mà ngược lại ... thời thế thay đổi rồi,41,10,khác
Other,tài sản thời bao cấp ...,24,6,khác
Other,tưởng tượng như vừa lắp não thì lại rớt ... đại loại như vậy đó 🤣🤣🤣,67,16,khác
Enjoyment,hay lắm chàng trai trẻ,22,5,vui vẻ
Other,nhưng những người làm trong các ngành này không mấy ai có nhiều nhà to và nhiều đất đai,87,19,khác
Surprise,ăn gì khôn thế,14,4,ngạc nhiên
Anger,tiên sư bố mày vỡ màn hình tao rồu,34,9,giận dữ
Enjoyment,áo xinh thế .. cho tớ mượn đi tiệc nhé !,40,11,vui vẻ
Enjoyment,per hả dạ ghê mày !,19,6,vui vẻ
Sadness,mày làm tao buồn đó per ??,26,7,buồn
Other,ai cho xin bài nhạc helo đi :)),31,8,khác
Enjoyment,giá như nơi nào cũng có 1 đội như vậy thì những người đi khuya xe hư đỡ khổ biết bao . thật là hành động đáng chia sẻ,117,29,vui vẻ
Sadness,chuẩn bị kiểm tra hình huhu :((,31,7,buồn
Enjoyment,em vẫn nhớ cái bếp này kkk,26,7,vui vẻ
Anger,bọn này phải cho nó thưởng thức dống như nó đã làm với cây bao nhiêu cây thì bấy nhiêu mũi,90,21,giận dữ
Surprise,7 năm rồi . nhanh quá,21,6,ngạc nhiên
Sadness,rụng tim 😭,10,3,buồn
Disgust,admin đăng mà không nghi nguồn ở đâu ra đúng là ăn cắp bản quyền,64,15,khó chịu
Disgust,"nhìn là biết cái quả này fa lâu lắm rồi này , cũng may chưa đóng 🕸🕸🕸😂",69,17,khó chịu
Disgust,chưa chi đã để thua từ hình ảnh này . thua,42,11,khó chịu
Sadness,một cái vẫy tay đầy luyến tiếc từ cuộc họp tới đất nước việt nam,64,15,buồn
Other,cũng đừng nghĩ là những người ân cần nhẹ nhàng với mày là tốt . xã hội bây giờ không tin bố con thằng nào được,110,26,khác
Enjoyment,mỉa mai cực mạnh =)),20,5,vui vẻ
Sadness,chưa bao giờ bắn trúng 😬,24,6,buồn
Other,trừ chết ra thì mọi chuyện đều có thể giải quyết 💪,50,12,khác
Enjoyment,🙂 thanh xuân của em đã từng có khoảng time tươi đẹp,51,12,vui vẻ
Anger,"đánh bố mày như này xem , bố túm được 1 con bố xiên chết cụ mày",63,17,giận dữ
Enjoyment,mai tao cũng đi ship mới được . có bài này áp dụng luôn .,57,15,vui vẻ
Surprise,vũ khí sinh học này mạnh thật !,31,8,ngạc nhiên
Enjoyment,"chồng biết không , hihi",23,5,vui vẻ
Other,per vợ thích bếp ga mini hay loại bếp ga đôi nào 😂😂😂😂,53,13,khác
Other,giả sử mà bị thằng nào bỏ túi cả lọ nó có chửi không nhỉ,56,15,khác
Other,"mỗi lần mẹ tao sai tao nhóm lửa , chắc tao nhóm hết 40 tờ giấy , và 1 tiếng sau mớii có lửa 😌",93,25,khác
Enjoyment,giờ mới biết =)),16,4,vui vẻ
Other,per hôm nay tới lượt đứa nào nấu cơm,36,9,khác
Anger,dm kiện cho đi tù chết mẹ đi,28,8,giận dữ
Disgust,mặt con ngáo còn hiền hơn con đứng trên cây cột,47,11,khó chịu
Sadness,chả bù cho con ml này . đợi mãi không thấy nó về . hy vọng em không bị bọn xấu bắt lên dĩa là tốt rồi :(,104,28,buồn
Sadness,ng ta cuối cùng thì cũng được còn tôi thì never 😞,49,12,buồn
Enjoyment,dễ thương vãi =))),18,4,vui vẻ
Disgust,cô chủ nhiệm óc chó quá,23,6,khó chịu
Disgust,mấy thằng vô học,16,4,khó chịu
Enjoyment,chuột nhìn thấy mèo sợ là đúng rồi =)),38,9,vui vẻ
Enjoyment,hè về chỉ thích ăn cái này .,28,8,vui vẻ
Enjoyment,per trời đựu cầu hôn nó phải thế . đã đẹp trai còn có não,57,15,vui vẻ
Enjoyment,qua câu chuyện vừa bịa ra tôi hi vọng các bạn sẽ có cái nhìn thoáng hơn về csgt việt nam 😂😂,91,22,vui vẻ
Other,chúng mày ngồi canh đó cho tao . có con muỗi nào hó hé là ăn liền ??,68,18,khác
Fear,"thứ yêu nghiệt , nhỏ g vẫn sợ nó nhất sau mấy con lắm chân t . t",64,18,sợ hãi
Sadness,quá ý nghĩa . mình trẻ mà chắc gì làm được vậy,46,12,buồn
Disgust,"thôi , bớt bớt đi không có ngày lại thiệt thân , nguyên 1 cái vỉa hè rộng thênh thang còn lắm chuyện , lúc nó đánh cho lại bảo bạo lực với nữ",141,34,khó chịu
Enjoyment,trời ơi . dễ thương quá luôn ❤️❤️,33,8,vui vẻ
Other,cho hỏi cây cầu này ở đâu vậy ... ai biết chỉ dùm tôi cảm ơn ! 😂,64,18,khác
Enjoyment,đcm ngôn tình vãiiii,20,4,vui vẻ
Sadness,rồi đất nước mình sẽ đi về đâu .:'(,35,9,buồn
Other,thời buổi này là thằng con trai trước hết phải có khả năng kinh tế phải nuôi được bố mẹ rồi hãy tính đến chuyện kết hôn,119,27,khác
Sadness,"chịu hay không không quan trọng , quan trọng là không có ai lấy",63,14,buồn
Other,"có hay không là ở nơi ta , đời không thú vị nhưng ta lại thấy thú vị khi được sống ở đời",88,23,khác
Sadness,ngoài những bài chia tay vì lí do vớ vẩn ra thì neu cũng có những bài đăng đọc rồi còn nhớ mãi .,96,24,buồn
Disgust,dm . nó xấu cả tính lẫn nết bố đẻ . nó còn không chịu . được thằng nào bốc nó đi cái,84,23,khó chịu
Other,không thuộc kịch bản chuẩn mẹ rồi,33,7,khác
Other,khi đời quá mệt mỏi . đi tìm 1 chút drama,41,11,khác
Other,chỉ là nóng quá tắm cho mát thôi mà,35,9,khác
Enjoyment,cho em xin tên facebook của c trong video để khi buồn em có thứ mua vui ạ . cám ơn mọi người,92,23,vui vẻ
Enjoyment,per bị chữi thì ráng nghe mà vui đi nghe . cứ như nghe hát miễn phí 🤣🤣 còn bị chữi là còn hạnh phúc . nguoi ngoài ngọt ngào nhưng chắc gì đã thật lòng đâu,154,37,vui vẻ
Disgust,trời ơi ai nuôi chó mà để nó tội thế kia . đéo có trách nhiệm,61,16,khó chịu
Disgust,"yêu nhau lắm cắn nhau đau , tao thấy dòng chảy tiền kiếp của 2 đứa mày là vậy",77,19,khó chịu
Disgust,"mày đấy , đừng làm tao đau đầu thêm",35,9,khó chịu
Surprise,thật không thể tin được,23,5,ngạc nhiên
Fear,có đứa nào vừa xem vừa sờ tai mình không ? sợ vãi :<<<,54,14,sợ hãi
Enjoyment,truyện thật đây này . đang đi bình thường qua đoạn cầu giấy anh csgt thổi lại “ gạt chân chống lên em . anh nhắc nhỉ thôi . đi đi “ 😂 hú hồn,140,35,vui vẻ
Other,nhìn như nó muốn dẫn nhỏ đó đi đâu ấy,37,10,khác
Enjoyment,ổng đang chán ai tán yêuc luôn 😂😂,33,8,vui vẻ
Disgust,camry nhập thường cán bộ . mà cán bộ anh em hiểu rồi,52,13,khó chịu
Enjoyment,"các chuỵ của iemm hoang sury lưu cẩm ly vui quá cơ , ghét nhau lắm có yêu thương gì đâu 😆😁😁😁",92,22,vui vẻ
Enjoyment,"cưng vậy trời , anh cho em xin ảnh nha ạ",40,11,vui vẻ
Other,"bà này đéo gặp mình nhỉ , đọ luôn",33,9,khác
Sadness,"tao nghĩ chắc do kiếp trước mình tu chưa thành tâm nên kiếp này cuộc đời tao như 1 trò đùa , tạo hóa ghẻ lạnh . chán đời :)))))",127,30,buồn
Disgust,biết đâu nó không thích bạn mà chỉ tiếp cận bạn vì đã lỡ yêu thằng bạn thân của bạn,83,20,khó chịu
Enjoyment,thông minh :v,13,3,vui vẻ
Anger,bọn này không phải là người . cho đi tù hết . chỉ sợ nó có tiền nó bịt miệng thôi,81,21,giận dữ
Sadness,"ôi đời vẫn là chịu không nỗi đời mà , chán",42,11,buồn
Enjoyment,là crush ông nào thì chạy ra bế vào nhà dễ dàng có người yêu :),63,16,vui vẻ
Anger,per thế lol nào lần nào đến fucklong uống cũng gặp ex - đồng nghiệp đứng cửa chào tụt mút đéo muốn uống nữa :),110,25,giận dữ
Other,"nên nhớ chẳng có cơn giận nào chẳng bùng nỗ , chỉ là nó đang bị nén lại .",73,19,khác
Disgust,"bạn này không biết cách dọn phòng rồi , phải áp dụng hóa học vào đây nhé , mút sẽ bị tan chảy khi tẩm xăng vào , cho nên bạn cần phải đổ xăng vào mút , việc tiếp theo là ta cần 1 ngọn lửa",187,47,khó chịu
Sadness,người yêu tao bỏ tao rồi :(,27,7,buồn
Enjoyment,giờ còn lo học sánh vai với cường quốc 5 châu ai lại đi cưới chồng bây giờ :)))),80,19,vui vẻ
Enjoyment,đâu phải ai muốn thích tao cũng được đâu,40,9,vui vẻ
Enjoyment,hạnh phúc thật :)),18,4,vui vẻ
Other,bọn này lại muốn nổi rồi !,26,7,khác
Other,ờ thì 1 con ngựa ăn cả tàu bỏ cỏ vì con ngựa nó ăn hết cỏ rồi 😂😂😂,65,19,khác
Other,nó hiền thôi chứ nó hung lại đấm cho không trượt phát lào . 🤣,61,15,khác
Surprise,ủa chuyển biến bất ngờ vậy,26,6,ngạc nhiên
Anger,"quỳ rồi chết ông chết bà chúng mày à ? tao hồi xưa đi học còn ăn cây như cơm bữa , véo tai mỗi ngày ? dume học thì ngu phá thì giỏi bắt quỳ là nhẹ rồi ở đó mà gáy con cặc",170,45,giận dữ
Other,dume đáng yêu vãi để tao vào chăm mày,37,9,khác
Disgust,nghe tiếng ăn tợp tợp ám ảnh quá,32,8,khó chịu
Other,thử im lặng xem như nào,23,6,khác
Sadness,thôi mình nói đùa đấy :(,24,6,buồn
Disgust,ít bị trầm cảm với vui vẻ đâu không thấu chứ ế sấp mặt vì không giống gái là có à,81,21,khó chịu
Enjoyment,bạn này yêu bố nhiều lắm mới vui vì bị bố mắng . chứ ai đời bị la mắng mà kể lại cho người khác nghe mà vui đến thế,115,30,vui vẻ
Sadness,"hôm bữa 2 bình siro dâu thấy tiếc , nay bình mật ong còn tiếc hơn",65,16,buồn
Surprise,không làm gì cũng thành fan cứng là sao ?,41,10,ngạc nhiên
Enjoyment,đoạn nộp bài kiểm tra mới tức cười ông thầy :)),47,11,vui vẻ
Other,"má , 1 ngày tao ho 3 4 lần . tao có nên dừng ho lại không mày",61,18,khác
Enjoyment,có ai xem xong không sợ với không giật mình như tao không @@,60,14,vui vẻ
Surprise,per wow,7,2,ngạc nhiên
Disgust,anh ơi đấm nó một cái cho em nhé sống mất dậy đéo tả được,57,15,khó chịu
Other,gần có tiền để mua,18,5,khác
Enjoyment,dễ thở hơn so với đề văn sáng nay 😂😂😂,37,10,vui vẻ
Other,tao đã làm theo video này và kết quả là .... thôi cán bộ kêu tao quét dọn rồi quét xong tao kể tiếp,99,24,khác
Enjoyment,""" tụi mình tuy không yêu nhau hai lần , nhưng nếu có cơ hội ... anh chắc chắn vẫn tặng em đoá hồng đẹp nhất """,109,27,vui vẻ
Surprise,ko phải để xé giấy ak ?,23,7,ngạc nhiên
Enjoyment,chúc mừng,9,2,vui vẻ
Sadness,1 thời gắn bó với nó . nhớ lại ngày xưa cực khổ,47,13,buồn
Other,xem ra giá cả và chất lượng mà không oke thì không ổn ...,57,14,khác
Sadness,ước gì ba còn sống để làm điều đó với má . nhớ ba ❤️,52,15,buồn
Fear,có chuyện gì thê bố . bố đừng làm con sợ :((,44,12,sợ hãi
Disgust,lêu lêu mày :)) đồ con chó không có mẹ ẳm :)),45,12,khó chịu
Other,đang tìm ra 1 điểm sai nào đó nhưng có lẽ không có :),53,14,khác
Enjoyment,bộ phim đáng xem đó mấy man,27,7,vui vẻ
Other,per quan trọng là phải có hội nói sấu sếp :v,44,11,khác
Enjoyment,bà nuốt quả chuối tao cười tao ẻ,32,8,vui vẻ
Sadness,😭😭😭 sinh lão bệnh tử hẹn gặp kiếp sau,37,9,buồn
Sadness,tao đa khóc khi xem phim này 😭😭😭😭😭,34,8,buồn
Enjoyment,"con mong bác dù nghèo nhưng sống luôn luôn vv , chúc bác 1 đời bình an",70,17,vui vẻ
Enjoyment,thương nhau còn chả hết dỗi nhau làm chi 😂,42,10,vui vẻ
Disgust,đéo bao giờ luôn :),19,5,khó chịu
Enjoyment,"câu này lên "" nhanh như chớp "" được nờ 🤣",40,11,vui vẻ
Disgust,ý thức của thằng lái xe đấy kém quá cho lên nó phải chả giá bằng tiền mặt thôi . không có gì phải chách ai cả .,111,28,khó chịu
Sadness,yêu quá đi mất . tuổi thơ của mình toàn nện mấy thằng con trai . trong lớp mình toàn làm xếp nên chẳng được giúp đỡ,115,27,buồn
Anger,ngứa mắt lắm à nhen,19,5,giận dữ
Enjoyment,phìm này rất rất hay đôi với ai sống hướng nội !,48,12,vui vẻ
Fear,e vừa bị điện cao thế giật hôm 17 chạp . bh nhìn cái ông này mà sợ .,68,19,sợ hãi
Other,đây là kiểu tự tay bóp dái nè,29,8,khác
Sadness,tận cùng của tan vỡ ah có biết là gì không ?,44,12,buồn
Disgust,gặp tao thì tao khinh,21,5,khó chịu
Other,"năm ngoái lấy ghế ra ngồi rồi , năm nay lấy xe chạy ra đường để nhìn cho rõ",75,19,khác
Other,quan trọng vẫn là cái phải đẹp trai . rồi mới sau đó nữa ... lạ gì các bà,73,19,khác
Sadness,"per hay đó bro , trừ điểm bro chưa bao ăn :)) - 10",50,14,buồn
Anger,mất trật tự thôi có cần phải z không bắt đứng là được rồi cùng lắm là mời phụ huynh vô nói trao đổi có cần phải bắt quỳ trước lớp z không như z khác nào chà đạp lòng tự trọng của nó .,183,45,giận dữ
Sadness,moá hồi hợp chờ main thắng ai dè thua bởi cái mông huhu,55,13,buồn
Other,mình hiền mà lúc cáu là chỉ im lặng không nói gì thì là sao ta 🤔,64,17,khác
Disgust,toàn để báo nó giật tít không thèm đọc cả bài rồi giãy nảy lên như đỉa phải vôi,79,19,khó chịu
Sadness,buồn vì mình không giúp được gì cho ai . nhìn những người khác khổ hơn mình mà thấy thương họ,93,21,buồn
Other,per muốn nói gì phải ngó trước ngó sau không chi mất đầu như chơi 😂😂,68,16,khác
Disgust,"câu chốt .... "" chuyện cổ tích per "".... thôi tao quỳ ...",57,13,khó chịu
Disgust,"chán đời các thanh niên , dơ nhục chứ hay ho đéo gì",51,13,khó chịu
Surprise,"nhìn 1 hồi thấy quen quen , ai ngờ đúng thật :)))))))",53,12,ngạc nhiên
Enjoyment,"những chuyện trọng đại trong đời ... ta cứ nghe lời vợ khuyên , và làm ngược lại ắt thành công ????",99,22,vui vẻ
Other,lại cho lên chơi với các cụ 😌😌😌,31,8,khác
Fear,không muốn yêu ai cả,20,5,sợ hãi
Sadness,bộ cuối nhìn đau lòng thật :(,29,7,buồn
Enjoyment,động lực của phan con gái,25,6,vui vẻ
Other,đẹp không,9,2,khác
Enjoyment,ý nghĩa và đáng suy ngẫm thật,29,7,vui vẻ
Disgust,chó đã biết chê cứt,19,5,khó chịu
Fear,sợ vãi linh hồn 😞,17,5,sợ hãi
Enjoyment,đi đâu cũng ngó ngang ngó dọc để được nhìn thấy crush 😂 ngóng nó đến mức cổ dài ra hẳn mấy cái 😂,96,24,vui vẻ
Enjoyment,đúng vậy dù có mệt mà đồng nghiệp nhiệt tình vui vẻ là cùng muốn đi hoài,72,17,vui vẻ
Enjoyment,cái ông aamir khan đóng phim nao cũng hay và ý nghia het,56,13,vui vẻ
Sadness,rồi chưng ngắn như tao sao nhảy qua 😿,37,9,buồn
Disgust,"rốt cục sao chúng nó mò về tận nhà bạn nhỉ , kinh vãi",53,14,khó chịu
Other,vỉa hè rộng thênh thang mà nhỉ,30,7,khác
Enjoyment,bếp dầu ngày xưa thật ý nghĩa,29,7,vui vẻ
Sadness,lâu rất lâu mới gặp được lần rồi liết mắt nhìn cái :)))) chưa thấy nó cười,74,17,buồn
Enjoyment,giận lại là cách giải quyết nhanh nhất . để khẳng định là mình luôn đúng 😃,74,17,vui vẻ
Disgust,nhìn ghét nhỉ :)),17,4,khó chịu
Sadness,tao chả nhớ ngày tháng năm sinh của mẹ tao và ngược lại :((,59,14,buồn
Enjoyment,em ấy còn cười được chứng tỏ em rất mạnh mẽ,43,11,vui vẻ
Other,lấy rơm nấu cơm và cái kết,26,7,khác
Disgust,có án rồi đừng làm trò . anh hùng rồi lại quay lại trại đấy :))),64,16,khó chịu
Disgust,hư hỏg cả thế hệ,16,5,khó chịu
Enjoyment,cảm ơn . anh .,14,5,vui vẻ
Enjoyment,mất tiền khôn cũng đáng mà .,28,7,vui vẻ
Enjoyment,"thương vãi , yêu vãi 😍😍😍 tao cũng thèm có em",44,11,vui vẻ
Other,per nơi tình yêu bắt đầu kìa bao nhiêu,38,9,khác
Enjoyment,đúng cát bà rồiii ~,19,5,vui vẻ
Fear,"có ai nhìn thấy giun đang bò trong ảnh không , sợ vãi",53,13,sợ hãi
Sadness,tao đau lòng quá,16,4,buồn
Surprise,ồ ra thế . tớ sẽ lưu ý :)) mong sẽ có cơ hội sờ nó . nhìn như cục bông í uwu,76,23,ngạc nhiên
Enjoyment,xem giải trí thật,17,4,vui vẻ
Enjoyment,giờ mới hiểu tại sao lúc đầu nhà hàng không cho đặt chỗ ..... má nó li hôn 3 lần rồi lần nào cũng phải giảm giá 30 % nó ly hôn thêm vài lần nữa chắc sập bà nó tiệm,163,41,vui vẻ
Disgust,đã ngu lại con tỏ ra nguy hiểm .,32,9,khó chịu
Sadness,giống tao . nhưng cô ấy có hiểu đâu,35,9,buồn
Enjoyment,uất quá anh ấy cũng phản ứng cãi lại . hì hì đáng yêu quá,57,15,vui vẻ
Sadness,nhà tao có nhưng nó rỉ sét hết rồi :((,38,10,buồn
Anger,người mất dậy thật thì không bao giờ cảm thấy mình mất dậy . và người mất dạy thì cứ địt mẹ người khác và nói người khác là người mất dạy . tôi nhầm hành tinh chuẩn mẹ rồi .,173,41,giận dữ
Enjoyment,hồi bé bị ghiền mùi này :)))),29,7,vui vẻ
Enjoyment,lạy ông nào nghĩ ra kịch này !!!,32,8,vui vẻ
Sadness,thấy tội nó ghê ????,20,5,buồn
Enjoyment,"thiệt là cao minh , hahaaa",26,6,vui vẻ
Other,tao chơi với con trai nhiều nên tao mất lòng tin vào con trai rồi,65,15,khác
Other,tốt nhất là phải sử phạt thật nặng thì các trường hợp như vậy mới không tiếp tục xảy ra,87,20,khác
Other,dĩa bay . trả lại để tôi về,27,8,khác
Enjoyment,"per cố gắng lên nha anh , mọi điều tốt đep đang chờ anh 💓💓",58,15,vui vẻ
Sadness,per 2 ly trà sữa bạn làm rơi mà chưa thấy bồi thường lại mình 😞,63,16,buồn
Enjoyment,ỏ đáng yêu =))),15,4,vui vẻ
Disgust,hết hồn . sợ quá nhỉ . nhạt !,29,9,khó chịu
Sadness,chắc phát khóc mất 😭,20,5,buồn
Enjoyment,những người thương tôi không phải buồn vì tôi mà là tự hào vì tôi,65,15,vui vẻ
Disgust,"10 triệu có lẻ quá ít so với số tiền mà bọn nầy được thê để phá hoại cả một nền chăn nuôi gia súc nói riêng , cả một nền kinh tế nói chung ,,,,",143,36,khó chịu
Enjoyment,cười ỉa thánh nào làm video này,31,7,vui vẻ
Other,bài này quen quen,17,4,khác
Fear,rất nguy hiểm,13,3,sợ hãi
Sadness,nhìn quả mặt của nó thì tao công nhận thất tình thật đáng thương ?,66,15,buồn
Sadness,tội quá . thương em,19,5,buồn
Disgust,mập mà xinh nó sẽ khác mập và xấu - _ -,39,12,khó chịu
Other,đồng nghiệp là ai kệ mẹ nó quan trọng lương bao nhiêu,53,12,khác
Sadness,mỗi mùa trung thu đến nhìn người ta mua bánh tặng nhau mình lại thấy chạnh lòng ! 😞,83,19,buồn
Other,khác xưa thật mà,16,4,khác
Enjoyment,khá quá nhể :))),16,4,vui vẻ
Sadness,"t thề mỗi lần dọn phòng sn này thì banh kem , pháo kim tuyến . đủ các thứ . khóc mà bụt nó đéo lên",98,26,buồn
Fear,toàn tặng đồ gây sát thương thế kia khả năng bị phản damage là rất cao,70,16,sợ hãi
Enjoyment,"bỏ qua mấy dòg chữ , nhìn khuôn mặt con bé không thể nhịn cười per :))",70,17,vui vẻ
Anger,"bọn này đóng điện cho nó đi luôn , giữ làm gì cho chật đất",58,15,giận dữ
Surprise,tui còn chưa biết sì phố là gì . ổng biết luôn á trời,53,14,ngạc nhiên
Other,hàng cổ rồi anh ơi,18,5,khác
Surprise,a cũng ở trong đây à,20,6,ngạc nhiên
Disgust,đổi cả cuộc đời giống người tàn tật để được cái video này .,59,14,khó chịu
Enjoyment,yêu quá hóa điên 🤣,18,5,vui vẻ
Disgust,"per tao đã khuyên mày rồi mà không nghe , làm màu chi mà tặng hộp quà cho bự để người ta dọn cực khổ đến nỗi đăng lên mxh kìa 😩",127,32,khó chịu
Disgust,"chọn thằng nào không quan trọng , vì đằng nào cũng không có thằng nào nó thích em đâu mà ảo tưởng =))",101,23,khó chịu
Enjoyment,buổi tối vui vẻ và ấm áp nhé đại kỷ nguyên ! tương tác cho hằng khỏi trôi bài nhé !,83,21,vui vẻ
Enjoyment,tụi nhỏ dễ thương quá,21,5,vui vẻ
Enjoyment,vậy mình xin chúc đk n năm tới không còn cô đơn nữa nha kkkkklk,63,15,vui vẻ
Disgust,toàn mấy con bán hàng online đăng để cau view thôi phạt nặng vào,64,14,khó chịu
Sadness,ngày hôm ấy tuyệt đẹp nhưng lại đượm một nỗi buồn ngày mai thôi chg được gặp thầy cô bb lũ chúng tôi khép cánh cửa ấy lại nhìn lại toàn bộ khung cảnh ôi thân thương biết mấy cảnh vật quen thuộc sẽ không được trông thấy nữa,222,49,buồn
Disgust,nhỏ mà mất nết,14,4,khó chịu
Disgust,200 triệu này lấy từ nguồn ngân sách nào để bồi thường ? hay cứ lấy từ từng đồng tiền thuế của người dân để sửa sai lầm cho 1 cá nhân hay một đơn vị tư pháp ?,158,39,khó chịu
Disgust,thằng này bị điên chuẩn mẹ rồi,30,7,khó chịu
Sadness,đúng là nói thì dễ hành động không bao giờ làm được ))),55,13,buồn
Other,nhà nước pháp luật việt nam lên tiếng hộ em nó cái,50,12,khác
Other,theo tao thì mày nên chọn thằg nhiều tiền . đến năm cuối thì mày quay lại chọn với thằg nhiều tiền học bổg . m hỏi vậy là mày được lựa chọn mà . đấy là cách tốt nhất cho người hám tiền như mày,192,46,khác
Enjoyment,nghe nói 2020 hơn 4tr đàn ông sẽ ế vợ . mình chỉ việc chờ thêm 1 năm nữa thôi là đăng tin tuyển chồng 😂😂,104,26,vui vẻ
Enjoyment,đại học vui lắm cậu :)) weeee,29,7,vui vẻ
Disgust,"chú em còn non quá , kêu thu ngân đánh thêm phần phụ thu dọn vệ sinh 200k , không đưa thì kêu bảo vệ không cho lấy xe , đó quy định hầu hết các quán karaok , trường hợp phụ thu là mang đồ ăn ngoài vào , ói trong phòng , và đỗ bia nước ngọt , xả rát kiểu như trong video",269,66,khó chịu
Enjoyment,k cần biết nội dung ... nhìn mặt con bé thoy muốn cưới về cho con trai mình ngay rồi 😂😂,87,21,vui vẻ
Enjoyment,ngày bé nấu hoài không chín . tức rủ mấy đứa ra đốt cả đống rơm nhà hàng xóm,76,19,vui vẻ
Sadness,"crush đi nhậu rồi say , rồi bị thịt ... hic hic",47,12,buồn
Disgust,"trong tất cả các con , con mèo là mất dạy nhất …",48,13,khó chịu
Disgust,"cây hoa sữa thì nói cây hoa sữa đi , tình yêu tình báo gì ra ngửi mùi chắc mất mẹ tình yêu luôn",95,24,khó chịu
Enjoyment,thương thương con =)) yêu ghê cơ ý cái mẹt hờn dỗi,50,12,vui vẻ
Disgust,"cái thế giới loạn hết rồi , loạn thật rồi , trả tao cái đĩa bay",63,16,khó chịu
Enjoyment,quê ở huyện kế bên mà chưa 1 lần đi =)))),41,11,vui vẻ
Enjoyment,hãy cười thật tươi để cho cuộc sống của bạn trở nên thật tuyệt vời 😁,68,16,vui vẻ
Enjoyment,tuyển ngay về làm nghiên cứu viên cao cấp cho các hãng khóa :d,62,14,vui vẻ
Other,"tao cứ nhìn xong nghĩ , tay nào cầm bút là tay phải ,",53,14,khác
Other,"nó sẽ ra cái ốp , lo gì thiếu đồ chơi",37,11,khác
Disgust,"ờ đúng rồi , có thể chỉ là đang lợi dụng mày viết content free xong thích là sửa thôi hihi",90,21,khó chịu
Enjoyment,con bé cưng gì đâu . vk ơi anh muốn có cục bảo bối như vậy per,62,17,vui vẻ
Enjoyment,cưng quá trời luôn,18,4,vui vẻ
Disgust,a triệu mua quả báo thì quá rẻ mạt 😞 tiếc là luật có vậy 😏,58,16,khó chịu
Enjoyment,cực kì bản lĩnh lẫn liều lĩnh,29,7,vui vẻ
Enjoyment,aeon tâm lý thế :)) mày . n vào mua que kem tránh nóng,54,14,vui vẻ
Disgust,người ta đỗ dưới lòng đường chứ đỗ vào nhà chị đâu mà van hóa gì . chủ thớt mới là người ấu trĩ lạc hậu nhé,107,27,khó chịu
Enjoyment,chị lỡ mất 1 nhịp tim vì cưng đấy ❤️❤️❤️,40,10,vui vẻ
Enjoyment,:)) đéo hiểu sao mấy phim truyền hình của ấn xl vãi mà phim như thế nào thì lại qá hay,86,21,vui vẻ
Sadness,per chán quá,12,3,buồn
Sadness,nghe thấm câu vàng trắng nhưng thực tế là trắng tay thôi nghe mà buồn,69,15,buồn
Other,thoa kem chống nắng như người ...,33,7,khác
Surprise,per đấy móng tay dài nhất thế giới đấy,38,9,ngạc nhiên
Other,đằng nào mà chẳng thịt chẳng qua sớm hay muộn thôi,50,11,khác
Other,trên thì một kiểu dưới thì kiểu khác,36,8,khác
Sadness,"nhạc buồn quá . bài này là bài "" chia tay trong chiều hoàng hôn nắng úa màu "" - justin bieber cho bạn nào chưa biết nhé . :'(",125,30,buồn
Enjoyment,per đây . cô gái bán hàng thú vị đây . phải xem cho hết,55,15,vui vẻ
Sadness,dẫu hiên ngang giữa đất trời gặp con vợ đểu thì đời cũng xong,61,14,buồn
Enjoyment,"cmt buồn cười vll , nhớ mình cừng có kinh nghiệm chạy ngỗng :)))",64,14,vui vẻ
Other,"lớn lên rồi ta sẽ tự hiểu .. "" tại sao ngày đó cha mẹ thế này thế kia với ta "" ...",82,23,khác
Other,hình như câu này quen quen ý le tuyet nguyen nhỉ,48,11,khác
Anger,nó ăn cà rốt chứ nó ăn cái gì mà liếc quễ mều mặp 😡😡😡,53,15,giận dữ
Enjoyment,quả này cũng chất lắm,21,5,vui vẻ
Fear,hồi bé bị ngỗng dí hoài =)) sợ vãi,34,9,sợ hãi
Sadness,tao ngồi tao khóc 1 buổi ☹️,27,7,buồn
Enjoyment,crush của tao đi làm rồi . hihee . sáng mai mới về cơ 🤣🤣,56,15,vui vẻ
Sadness,khoảnh khắc mày nhận ra mày còn đéo bằng 1 thằg nhóc còn trong bụng mẹ :((,74,17,buồn
Other,chúng mày cứ ra phim boom tấn cho nhiều vào,43,10,khác
Sadness,cao quá cũng khổ chứ sung sướng đéo gì 😓,40,10,buồn
Disgust,ý thức quá kém .,16,5,khó chịu
Disgust,bẩn bựa vlon 😤,14,4,khó chịu
Disgust,một con cá chép đang bơi trong hồ mà đã tính chuyện đánh bại những con rồng vẫy vùng 5 châu !,93,22,khó chịu
Enjoyment,ai cũng nói tao đẹp troai . hiền lành nhưng chưa biết lúc tao lên cơn 😂😂😁,73,17,vui vẻ
Disgust,điên,4,1,khó chịu
Sadness,chủ tịch đi nặn mụn ở tai và cái kết khóc thét,46,12,buồn
Other,hành vi của người bố có phần nào ảnh hưởng đến đứa con . cô bé cười . không phải vì cô bé mạnh mẽ . mà là cô bé đã bất cần,122,33,khác
Sadness,xem phát khóc mẹ luôn 😭😭😭,25,6,buồn
Enjoyment,per nhìn nó gớm những vẫn khoái coi . thú vui biến thái dễ sợ,61,15,vui vẻ
Sadness,mèo nhà tao gửi 10 ngày về ăn tết lên nó thành mèo hàng xóm này ( nhà hàng xóm bán cá ) :((,91,24,buồn
Other,"còn những người bình thường rất dữ , thật ra họ hiền lắm , nội tâm lắm",70,17,khác
Other,giống như thổi khí vào bong bóng đến một lúc nào đó thì nó phát nổ,66,16,khác
Enjoyment,ha ha ....,10,3,vui vẻ
Fear,nhìn giống mấy đặc vụ của cia . sợ thế :)),42,11,sợ hãi
Other,tao đang thă ́ c mă ́ c ta ̣ i sao thă ̀ người da đen no ́ quen được con nho ̉ da tră ́ người ngon va ̃ i thê ́ nhy ̃. 😑😑😑,122,37,khác
Fear,thế giới giờ đáng sợ quá rồi 😌😌 tâm phải tịnh không là tiêu nha mấy ông 😢,73,18,sợ hãi
Disgust,"vietcombank phục vụ tệ , phí cao , mang mác nhà nước nên vậy .",62,15,khó chịu
Surprise,bất ngờ vãi =)),15,4,ngạc nhiên
Sadness,bữa cơm trưa nay tăm tối như cái ava của tao vầy :((((((,56,13,buồn
Disgust,hội những con pug láo lếuuuuuu,30,6,khó chịu
Anger,dè nghị khởi tố luôn những người biết mà che dấu,48,11,giận dữ
Other,per mày đang nghĩ đến ai,24,6,khác
Sadness,bà già đau khổ,14,4,buồn
Sadness,"không phù hợp thổ nhưỡng , khí hậu . vậy mà vẫn tung hô , dải ngân để làm khổ dân . quả bóng trách nhiệm chẳng thuộc về ai cả . 😢😢",130,33,buồn
Disgust,đúng là cái thứ vô học,22,6,khó chịu
Sadness,nhiều lúc em di từ từ chưa kịp đỗ đã có n ra bảo không được đỗ ở đây chán qúa,77,21,buồn
Enjoyment,chỉ cần thích cái là muốn rụng tim,34,8,vui vẻ
Sadness,vui tính tí cũng khó cơ,23,6,buồn
Sadness,chỉ còn lại tro tàn,19,5,buồn
Disgust,lỗi tại thằng quay phim . cắt không đúng lúc,44,10,khó chịu
Enjoyment,kkk ... bếp dầu một thời ta hay nấu đây nè,42,11,vui vẻ
Fear,đag đi học mà gặp cảnh này :)) chắc chạy về cúp học luôn,56,14,sợ hãi
Anger,anh con mẹ mày :))),19,5,giận dữ
Surprise,ngạc nhiên đấy,14,3,ngạc nhiên
Other,xã hội giờ càng ít nói như tao thì càng ngoan hiền,50,12,khác
Other,nhìn mặt con bé kiểu . ơ cái gì vậy,35,10,khác
Disgust,hư cấu 😌,8,3,khó chịu
Enjoyment,bộ phim ấn độ duy nhất xem được lol,35,9,vui vẻ
Other,vậy mới biến thành người nhện được,34,7,khác
Enjoyment,per đã hiểu sao hè năm ngoái có quả lịch học vãi chưa =)),57,14,vui vẻ
Enjoyment,rõ ràng vẫn là một người mà cắt tóc xong nhìn đáng yêu vãi :v,61,15,vui vẻ
Disgust,đm lúc tao học đến chương đó nguyên tiết bà cô toàn chia sẻ kinh nghiệm chuyện tới tháng 🙂 đéo thú vị được như vầy :vv,118,27,khó chịu
Other,vật chất quyết định ý thức,26,6,khác
Enjoyment,per đã hiểu tại sao thằng bạn mình đam mê gym .. thì ra đây là nơi nó được sống thật với giới tính của mình ..🤣🤣🤣,113,27,vui vẻ
Enjoyment,họ vui là được rồi :))),23,6,vui vẻ
Enjoyment,đáng yêu phết nhể,17,4,vui vẻ
Sadness,có móng tay dài cũng khổ,24,6,buồn
Sadness,"cậu ấy tán tôi , tôi từ chối . thế là từ đó chúng tôi đéo làm bạn được nữa !!!",78,21,buồn
Enjoyment,per nhìn đẹp thiệt mày,22,5,vui vẻ
Sadness,mùa mưa đến sớm rồi huhu,24,6,buồn
Disgust,có mà đầy người như vậy ý ... ăn vô máu họ rồi,46,13,khó chịu
Other,tình hình này tháng sau cũng đi tập gym mất,43,10,khác
Other,nhiều khi chỉ ước gì mấy đứa bá dơ này có thể chết thay cho chị nữ sinh giao gà thì hay biết mấy ...,100,25,khác
Disgust,bởi vậy không nên bình luận trên facebook làm gì . nhìu đứa nó nhây cãi lộn mệt người .,87,20,khó chịu
Sadness,giờ anh gù lấy đâu ra chỗ ở :'(,31,9,buồn
Other,"chúc mày mau khỏi nhá , team thích ăn thịt gà như tao ??",56,14,khác
Sadness,tiếc là 23 cái xuân rồi chưa gặp được em . có ai giống tôi không,64,16,buồn
Sadness,gặp được em nhưng sẽ chỉ quan tâm và bảo vệ em từ xa,52,14,buồn
Enjoyment,bộ phim việt lần đầu xem thấy hay cảnh quay đẹp !!,50,12,vui vẻ
Sadness,"ngày chia tay , chúng tôi đã ôm nhau khóc",41,10,buồn
Enjoyment,thật đúng đắn khi đã follow page này !,38,9,vui vẻ
Disgust,đm mẹ bạn thân,14,4,khó chịu
Disgust,chưa nhớ vụ công viên nước hồ tây à :)) mấy con chó đực nứng dái,64,16,khó chịu
Anger,"đọc bình luận không thấy ai khen cute dễ thương đáng yêu này nọ nữa nhỉ :))))) một ngày đẹp trời bạn ra ngõ đứng hít không khí , con mèo sẽ kệ mẹ bạn , con chó vẫn sẽ đi đái bậy , nhưng con một lằn này thì đéo , nó phi con mẹ nó ra dí chạy như một con điên",256,64,giận dữ
Sadness,21 năm chưa crush ai thì có gọi là ế thâm niêm không hả các bác,63,16,buồn
Other,ơ thế chưa ai dẫn ngài trump đi ăn bún đậu mắm tôm hả ?,55,15,khác
Fear,trích mà như vầy rồi . sao dám coi phim đây 😢,45,12,sợ hãi
Sadness,cô ấy hết thương tao rồi,24,6,buồn
Sadness,"dăm ba cái thể hiện tình cảm này ngày xưa tao đầy , nhưng từ ngày cưới xong đi qua đường chắc chồng tao rơi mất não nên chưa thấy lặp lại bao giờ . 😌",149,36,buồn
Surprise,wow không thê tin được bô mong tay day thât kinh,48,11,ngạc nhiên
Other,"nhìn này thần sắc thế kia thì đeo sao đâu , yên tâm đi không được hốc hôm nay thì hôm sau hốc lo cái đéo gì chứ",111,28,khác
Disgust,có cái lol chuột nó sợ,22,6,khó chịu
Disgust,có đến hàng trăm năm sau đi nữa thì trẻ trâu vẫn luôn tồn tại theo thời gian 😀,78,19,khó chịu
Enjoyment,đụ mẹ cười ỉa ????????,22,5,vui vẻ
Sadness,xem xong thấy buồn quá,22,5,buồn
Disgust,diễn vãi,8,2,khó chịu
Fear,"bị ngỗng mổ sợ vãi_chưởng , hồi bé tao đã không sang nhà b tao cả tuần trời vì nhà nó mới nuôi ngỗng mà bình thường tao toàn ăn chùa cơm nhà nó thiếu điều làm con nuôi nhà nó nữa thôi :))) nhắc lại mới thấy sợ vãi",213,50,sợ hãi
Anger,cho chết,8,2,giận dữ
Surprise,per sao chủ đề gái mê tiền dạo này hot nhỉ :))),47,12,ngạc nhiên
Enjoyment,"ra đi là lựa chọn đúng , ở lại incheon để gánh team làm gì cho mệt ra lại bị tiếng xấu .",88,23,vui vẻ
Fear,người trái đất thật đáng sợ mà - _ -,36,10,sợ hãi
Enjoyment,"per tải thử cái này cho cún đi chị , hay phết này",49,13,vui vẻ
Anger,phải cho chúng nó vào tù hết 1 lượt cho chúng nó ăn chính thực phẩm chúng nó bán đi cho nó nhớ,94,23,giận dữ
Fear,trông rợn vãi :)),17,4,sợ hãi
Other,"rồi , chợt mình tỉnh giấc :) mơ đủ rồi đó",41,11,khác
Disgust,thấy chưa ... ổng lấy váy cưới của vợ kìa . t nói đâu có sai . :v,65,18,khó chịu
Fear,vãi linh hồn .,14,4,sợ hãi
Fear,per hồi nhỏ chuyên gia đi ngang nhà hàng xóm là bị nguyên bầy ngỗng nó dí nó rượt chạy khóc la um xùm .. giờ còn ám ảnh 😭,121,30,sợ hãi
Sadness,chủ thớt sấp mặt rồi,20,5,buồn
Fear,thế giới này thật đáng sợ ai chả đĩa bay cho tao về hành tinh tao đi,68,17,sợ hãi
Other,per nhịn ăn để đi,17,5,khác
Enjoyment,mình còn để ảnh bạn ấy trong thẻ học sinh xong bị thấy cơ,57,14,vui vẻ
Disgust,thằng lồn nào chế ra cái này tao nghĩ nó hơi bị thiêu muối đấy nhạt vãi lol ra,78,19,khó chịu
Disgust,bộ cứ thân là ở với nhau đuợc à ?? sai lầm vãi,46,13,khó chịu
Anger,nói tóm lại mau axít đậm đặc bỏ vào thùng nhựa để kế bên cho nó thấy chắc là ổn nhớ đừng làm chuyện dại nhá,107,26,giận dữ
Sadness,thôi xong . chia buồn cùng quý quốc,35,8,buồn
Other,nhà tạp hoá đấy hả ... :)))),28,7,khác
Enjoyment,"đúng vô cùng , không cần biết làm mệt việc nhiều lương thấp ra sao , làm ở 1 nơi đồng nghiệp như những ngừoi chị trong gia đình , đi làm mà cảm giác thoải mái vui vẻ như ở nhà . nơi có thể ở 9 tiếng 1 ngày",205,51,vui vẻ
Fear,nó bể 1 phát lúng tới cổ dume tởn tới già,41,11,sợ hãi
Fear,per coi phim này chắc chết luôn trong rạp 😂,43,10,sợ hãi
Other,sống chậm lại và yêu thương nhiều hơn các bạn ạ,47,11,khác
Enjoyment,đi chơi lụm được tờ 2k rách mua băng keo 5k dán lại tờ 2k 🤔,59,16,vui vẻ
Fear,tao coi tao sợ nó lọt quá bây,29,8,sợ hãi
Anger,uổng phí công sức bao người !,29,7,giận dữ
Fear,tao sợ ma nên không dám coi lun,31,8,sợ hãi
Disgust,"ủi ui , mời người ta đến nhà ăn tiệc , lại đãi mỗi càrôt là thế nào , lần sau bà mời tiệc thì mày tự biết rồi đấy",113,30,khó chịu
Surprise,per ý nghĩa giống phim không ???,32,7,ngạc nhiên
Other,cuộc đời bạn đáng giá bao nhiêu tiền,36,8,khác
Disgust,nhìn bên dưới cầu bẩn đéo chịu được . lỡ té xuống nước thì tha hồ mà tắm và hưởng thụ sự trong sạch đến mắc ói của nước và rác thải .,133,33,khó chịu
Enjoyment,"thường thì người thuận tay trái sẽ bị bệnh này :v , riêng tao thuận vả 2 tay nên chả sao",88,21,vui vẻ
Disgust,cố tỏ ra nguy hiểm vãi 😂,24,7,khó chịu
Fear,"ôi dume giật nảy mình , tí thì rơi điện thoại",45,11,sợ hãi
Enjoyment,tụt quần nó ra cho nó chén :))),31,8,vui vẻ
Enjoyment,một cách bán hàng nta gọi là đẳng cấp,37,9,vui vẻ
Enjoyment,yêu quá đi mất nhìn cưng khủng khiếp ??,39,9,vui vẻ
Surprise,sao chúng nó dã man thế nhỉ,27,7,ngạc nhiên
Sadness,cầu cho chú luôn mạnh khoẻ ạ 😢,30,8,buồn
Anger,ăn bớt của trẻ vậy mà bị khiển trách thì lần sau còn làm tiếp và mạnh hơn nữa đúng lả luật của việt nam không có chức quyền ăn trộm ổ bánh mì phải đi tù còn có chức ăn 150trieu thì bị khiển trách thôi,200,47,giận dữ
Other,thích cái đầm nào mua cho bận ngủ cho mát nè :))) per,53,13,khác
Disgust,ôi đàn bà là những niềm đau 🤣,29,8,khó chịu
Fear,tao thề . nhìn bạn ấy xong tao muốn rụng mấy quả trứng luôn 😓,61,15,sợ hãi
Enjoyment,"ôi những con người dễ bị ám ảnh với quá khứ , ôm nhau cái nào",61,16,vui vẻ
Fear,sợ con này lắm :((,18,5,sợ hãi
Other,"tháng 10 đến rồi , nghe bài này quá chuẩn",41,10,khác
Sadness,mở máy lên .. rồii lại đặt xuống ... cả ngày nay tôi đều như vậy để chờ anh nhắn chúc tôi .. giờ này chắc anh quên ngày này thật rồi .. cô đơn quá mức rồi đấy 😭😭,161,40,buồn
Surprise,chủ tịch giả vờ cầm cây củi mục múa vỏ và cái kết !,51,14,ngạc nhiên
Enjoyment,cười ỉa phút 1 : 11,19,6,vui vẻ
Enjoyment,bài nhạc hay khi nó đúng tâm trạng ... nhạc hay !!!!!,53,12,vui vẻ
Disgust,tao nói thiệc cả đời tao chưa gặp con đỉ gia cầm nào sân si bằng con ngỗng . đỉ chó . :),88,23,khó chịu
Enjoyment,per mày phải thấy may mắn khi cuộc đời mày được gặp tao :))),60,14,vui vẻ
Other,nguyên nhân là gì vậy ??,24,6,khác
Enjoyment,còn tao vẫn nhớ ngày nhỏ cứ nghỉ học chủ nhật đi quét lá tre về nấu cơm,71,18,vui vẻ
Enjoyment,còn mềnh thì ra quán mua bim bim đều chỉ để nhì em mà cười,58,15,vui vẻ
Other,""" tim anh em lấy em chơi , quả báo đến sớm em ơi ...""",53,15,khác
Anger,per facebook cứ để tao phải xem được những cái lãng mạn là sao cay vãi :)),74,17,giận dữ
Anger,đúng là không thể chấp nhận được,32,7,giận dữ
Sadness,thêm đường hay cho thêm bánh gato về tẩm bổ :),46,11,buồn
Other,nhớ cái váy với bộ tóc chấm bi đen trắng của anh huy ghê,56,14,khác
Surprise,list này không có liệt kê công việc của dân chứng khoán sao ?,61,14,ngạc nhiên
Other,đó là của bạn thôi bạn hài lòng với nó thì đâu có gì để nghĩ ngợi đâu,69,18,khác
Disgust,đcm anh da đen fake,19,5,khó chịu
Enjoyment,dễ thương ghê ! làm mình nhớ các cậu bạn cùng lớp hồi học cấp 2 quá !,69,18,vui vẻ
Enjoyment,đáng yêu như em tao ý . cứ mỗi lần nó quyết định ngủ ở đâu là nó lại đấu tranh tư tưởng 🤣🤣,90,24,vui vẻ
Enjoyment,cái này chỉ sướng mấy anh đèo mấy em ngực bự đi đường này nẩy tâng tâng,71,17,vui vẻ
Other,per rất là thực tế nhé chú .,28,8,khác
Sadness,tội cho chàng trai ấy,21,5,buồn
Disgust,gì cũng được chứ yêu 1 người vô tâm thì đéo 🙂,45,12,khó chịu
Other,cầu này chỉ dành cho những ai chân dài thì đúng hơn 🙂,53,13,khác
Enjoyment,nhây qua ́ nhaaaa 😂😆,20,5,vui vẻ
Enjoyment,nghe có trà sữa là thích rồi,28,7,vui vẻ
Enjoyment,xinh quá !,10,3,vui vẻ
Sadness,nhiều lúc tủi thân vãi_chưởng huhu,34,6,buồn
Sadness,và đương nhiên sẽ có ngày cô ấy sốc vì giới tính thật của cô ấy !!!,67,17,buồn
Disgust,coi mệt vãi - _ -,17,6,khó chịu
Other,per nhện mượn hố xí tỏ tình đó thì sao nàooooo,46,11,khác
Enjoyment,hahahaha . thâm nữa . mà thiệt chỉ có trong cổ tích nhé,55,13,vui vẻ
Disgust,quá sàm,7,2,khó chịu
Enjoyment,dùng cây sắt rùi làm lại đi . mình mún xem típ :3,49,13,vui vẻ
Disgust,vcb làm việc kiểu hách dịch thì có :v,37,9,khó chịu
Enjoyment,:v trời giờ mới biết thế giới có dạng hợp thể vầy đấy :v,56,14,vui vẻ
Other,chấm cho tôi lên top đi mà :v,29,8,khác
Enjoyment,"toàn anh đẹp trai . đau tim , tan nát cõi lòng của tao ... a ................................ a",95,18,vui vẻ
Fear,per đồng nghiệp không tốt ta có thể bị chửi và ăn đòn từ sáng đến tối 🙄,71,18,sợ hãi
Sadness,câu chuyện của mày làm tao buồn quá,35,8,buồn
Sadness,tận cùng của nỗi đau :(,23,6,buồn
Other,khi tao cảm nắng một ai đó xin thượng đế cũng tát tao một cái như cách sóng xô vào cát cho tao tỉnh con mẹ nó ngộ 😂,115,29,khác
Sadness,gu của tôi trời ơi . tiếc mới có chồng với đứa con thôi . huhu,62,16,buồn
Anger,"xe đỗ ngay giữa cửa hàng và cửa nhà bạn luôn , khách lên và xuống không được thoải mái và hơn nữa là vào hát karaoke thì theo bạn sẽ là mấy tiếng mới ra ?",154,37,giận dữ
Disgust,kéo quần lên rồi nói chuyện tiếp ... kém sang,45,10,khó chịu
Anger,"nếu không xin lỗi em tao , tao hứa cắt tiết từng đứa ... nhưng tao kô giết 🙄. học hành cái lồn gì bọn này .",107,27,giận dữ
Disgust,nhân văn ? thế nhân văn ở đâu cho những em học thật thi thật ?,62,16,khó chịu
Enjoyment,thật đáng khâm phục các bạn ... chúc các bạn gặp nhiều may mắn trong cuộc sống ...,82,18,vui vẻ
Enjoyment,đm main mới hay quá đi,22,6,vui vẻ
Disgust,per địt mẹ mày rep ib cho tao,29,8,khó chịu
Fear,hú hồn,6,2,sợ hãi
Enjoyment,m nói chuyện cũng cute ngoan ngoãn cơ chứ tao toàn okay anh =))),64,14,vui vẻ
Sadness,kẻ ô điểm lời phê :((,21,6,buồn
Disgust,bọn dân trí thấp tưởng thế là hay .,35,9,khó chịu
Other,mắt còn xanh như bé không anh ??,32,8,khác
Other,coi mần cái mặt kìa trời 🤣,26,7,khác
Disgust,hỏi họ xem đã cho ai được tý gì chưa mà thiếu ý thức vậy ?,58,16,khó chịu
Enjoyment,hhaahhaah ! t đã may mắn như thế 😂,34,9,vui vẻ
Disgust,"lạy mấy ba mấy má , con người ta đã làm video giải trí cho mấy ba mấy má coi rồi , dume mở miệng ra là bảo người ta sân si , vô duyên vửa thôi",142,37,khó chịu
Anger,em tao thì cứ xác định bố thịt từng đứa 🙂🙂🙂🙂🙂 bố mẹ bênh thì thịt cả bố mẹ luôn sợ máu lồn 🙂🙂🙂🙂🙂🙂,97,24,giận dữ
Surprise,ko biết ai phối ra cái giống ngáo vô địch này nữa,49,12,ngạc nhiên
Enjoyment,mẹ thằng này nói tiếng việt tốt thật lại còn nói được cả giọng phú yên nữa chứ,78,18,vui vẻ
Fear,sợ thì vkl,10,3,sợ hãi
Fear,clm đêm rồi tha cho tao 🙂 tao đéo muốn chạy xuống dưới nhà hoặc là nhịn đến sáng mai đâu 🙂 con gì thì con kệ mẹ 🙂 đừng nhắc đến nhện 🙂,134,34,sợ hãi
Anger,"đỗ ở đường cấm đỗ và đỗ gần ngã ba là sai hoàn toàn rồi vẫn có người vào bênh . em là chủ thớt thì em cứ để họ đỗ thoải mái rồi gọi phường tới làm việc thôi , cần gì phải nói nhiều",180,46,giận dữ
Enjoyment,may quá lớp tao không phải thế :)),34,8,vui vẻ
Enjoyment,"võ nghệ cao siêu đến mấy cũng phụ thuộc vào hung khí , em biết được điều này lên không bao giờ em học võ mà tự xắm cho mình khẩu hoa cải !",138,34,vui vẻ
Other,phải chi lúc mà thằng per bị bảo câm mồm thì đập bàn đứng lên quát “ bên tao cả một đội quân ” 🤔,96,25,khác
Enjoyment,chúng tôi gọi đây nà chất :v,28,7,vui vẻ
Other,"per nuôi móng đi anh , mai mốt cắt đem vô triển lãm",51,13,khác
Other,"kể mà mình cũng được tỏ tình lãng mạn kiểu này . ôi , ngủ thôi . muộn rồi :3",76,20,khác
Other,nếu người dân mà làm thế này thì phải truy cứu trách nhiệm hình sự,66,15,khác
Disgust,nhìn thấy ghê à,15,4,khó chịu
Enjoyment,ông bà xinh quá 🧐🧐,18,5,vui vẻ
Sadness,"tao cũng là người cuối cùng ra khỏi căn phòng ấy , ngắm nghía lần cuối rồi rời đi , khép lại 3 năm đẹp nhất của đời người . tao không khóc nhưng trong lòng rối bời , muốn ôm hết all vào mình .",192,46,buồn
Disgust,nhìn khó chịu vãi,17,4,khó chịu
Enjoyment,hmm hãy tưởng tượng nó là một chú gián xink xắm xoè cánh thiên thần bay đến ... 😞,81,19,vui vẻ
Anger,xin phép phẫn nộ,16,4,giận dữ
Fear,per thể loại tao thích nè nhưng mày đi coi với tao nha không tao khóc thét rạp,78,18,sợ hãi
Other,thế cuối cùng có chống được chuột không,39,8,khác
Enjoyment,đám tụi tao đi chơi xưa nay đều dọn sạch đồ mình kêu hoặc xếp lại gọn một chút cho người ta đỡ dọn .. cái này là sự ý thức thôi …,129,33,vui vẻ
Disgust,"per vong đòi ít thế nhờ , phải 2 tỷ rồi cho trả góp chứ",55,15,khó chịu
Fear,cái video đầu làm hết hồn per per,33,8,sợ hãi
Enjoyment,phim hay vãi ấy xem lâu lắm rồi,31,8,vui vẻ
Anger,chồng tao mà nói thế tao lại vả vỡ con mẹ nó mồm :)),52,14,giận dữ
Fear,thật đáng sợ,12,3,sợ hãi
Enjoyment,per đem rác về nhà vứt luôn haha,32,8,vui vẻ
Enjoyment,thế mà cũng 5 năm rồi . ❤️,26,8,vui vẻ
Other,bếp dầu này hiện đại rồi,24,6,khác
Enjoyment,chẳng hiểu sao tao cười sặc sụa,31,7,vui vẻ
Other,ngày nào cũng vậy . có bỏ lỡ ngày nào đâu mà 🤣🤣,47,13,khác
Other,chỉ cần chọn đúng người đúng thời điểm thôi,43,9,khác
Sadness,kết thúc 3 năm cấp 3 là khoảng tg đẹp nhất nhưng nó cho ta nhiều kỷ niệm đầy tiếc nuối 🤔,88,22,buồn
Disgust,bán vé số tháng kiếm 100tr nha . nghe ông lol nao trong quốc hội nói vậy .,74,18,khó chịu
Sadness,trông tội vãi,13,3,buồn
Surprise,"tưởng chỉ có trong phim thôi chứ , nay chơi vậy luôn à",54,13,ngạc nhiên
Sadness,tao mới mọc răng khôn huhu,26,6,buồn
Other,cái này là ở đâu vậy ?,22,7,khác
Other,học xong lớp 12 tao chỉ mong 1 đều đừng bao giờ có họp lớp :))),63,16,khác
Disgust,"cứ đem lửa than , nước chay , sau đó cắt ngay ra ăn chấm muối là ngon , vẽ chuyện kiến với chả ong .",100,26,khó chịu
Sadness,nhìn dáng đi mà nhớ ông nội 😞,29,8,buồn
Anger,để 1 ngày là khó chịu rồi,25,7,giận dữ
Enjoyment,được đấy tao thích,18,4,vui vẻ
Disgust,"lừa đảo có quy mô đủ để truy tố hình sự rồi nhé , 5 triệu liệu có đủ sức cho chúng sợ không ?! hay là chúng mày lại bị cái chùa ba vàng mua hết nhân tính rồi ?",159,41,khó chịu
Enjoyment,chúc đại kỷ nguyên có một buổi tối ấm áp nha ❤️,47,12,vui vẻ
Enjoyment,trồi ôi bài hát đỉnh caooooo,28,6,vui vẻ
Disgust,"từ không tật nguyền , trở thành tật nguyền để nuôi mấy cái không đáng :))))",75,16,khó chịu
Enjoyment,lần đầu gặp anh cũng là phòng gym =)))),39,9,vui vẻ
Enjoyment,tìm đối tác 😔,13,4,vui vẻ
Other,công ty nào làm như vậy mọi người nghĩ làm hết cho nó khỏi phải vậy ...,71,17,khác
Sadness,tình chỉ đẹp khi còn dang dở lấy nhau rồi nham nhỉ lắm ai ơi ...,64,16,buồn
Enjoyment,hết buồn cũng phải có tiền mới hết được :)),43,10,vui vẻ
Disgust,mẹ chồng cay nghiệt =))))),26,5,khó chịu
Enjoyment,ê có khi nào đọc bài này xong buồn cười quá cười toác hàm có khi nào đi bệnh viện không các cụ :v,97,24,vui vẻ
Disgust,"tao thì trông nó truyền điện chết mẹ đi , loại này sống nguy hiểm cho xã hội",76,18,khó chịu
Fear,đm hú hồn,9,3,sợ hãi
Disgust,song rồi em để lại anh một cái sừng 10 phân là ít,49,13,khó chịu
Sadness,thanh xuân rồi cũng sẽ qua có những người trong ta mãi chẳng thể xoá nhoà !,75,17,buồn
Sadness,câu được chục con heo vàng chả được cái gì,42,10,buồn
Other,muối mặn vãi,12,3,khác
Sadness,có biết bao người có mảnh đời như vậy !,39,10,buồn
Enjoyment,đú quan trọng bởi người tao yêu củng không đi chơi valungtung thế là tao vui rồi :)),84,18,vui vẻ
Sadness,tanh bành cuộc đời rồi,22,5,buồn
Disgust,óc chó đi dậy đời,17,5,khó chịu
Other,per chị đã kịp đi chỗ này chưa ?,32,9,khác
Fear,"per thấy chế thủ sẵn hộp mặt nạ rồi thì phải . tim em mong manh lắm , đừng để em hoạng sợ nhá chị ??",100,26,sợ hãi
Disgust,bảo dân trí thấp lại tự ái,26,7,khó chịu
Enjoyment,không biết thật không nhỉ =)),29,6,vui vẻ
Fear,per tao mãi mãi bị con này ám ảnh từ bé đến giờ . thứ gì mà đéo thể yêu thương nỗi . nghe tiếng nó kêu là tao bỏ chạy trăm mét 😒,128,34,sợ hãi
Disgust,khách nào nhỏ nhen vậy ...,26,6,khó chịu
Other,66 năm trời luôn đấy,20,5,khác
Other,tự bỏ tiền ra trồng tự cạo mủ cho chắc củ,41,11,khác
Surprise,ông nội này chất đấy,20,5,ngạc nhiên
Enjoyment,"hí hí . tiến sĩ cừu , thạc sĩ cừu ... chẹp chẹp 😃",49,14,vui vẻ
Sadness,lấy vợ xong béo quá rồi . hình như ai cũng v à 🙃,48,14,buồn
Enjoyment,per ơi nhột nhẹ kkkkk,21,5,vui vẻ
Enjoyment,muốn tạo ra niềm tin đôi khi bạn cần sự dối trá 😉,49,13,vui vẻ
Enjoyment,cổ tích thôi nhé . tao mới bị hỏi vì rẽ không xi nhan . và anh chỉ nhẹ nhàng phán 1 câu : ‘’ 2 triệu đưa đây không thôi mai cầm 3 triệu lên đồn nhận xe nhé ’’ anh thật là dễ thương 🙂,182,47,vui vẻ
Fear,sợ xanh mắt mèo,15,4,sợ hãi
Sadness,"khi bạn làm con b sẽ khóc , nhưng khi bạn đã làm cha mẹ bạn sẽ thấy đau lòng .",78,21,buồn
Enjoyment,bộ phim hay ý nghĩa nhất từng xem,33,8,vui vẻ
Fear,cả 2 kẻ này đều đáng sợ !,25,8,sợ hãi
Enjoyment,mai đấu giá thử cai lap cua mình chứa toàn tài liệu tiếng nhật 😂😂,65,15,vui vẻ
Other,trời đánh tránh miếng ăn,24,5,khác
Enjoyment,hoan hô . công nhân đâu phải trẻ mầm non,40,10,vui vẻ
Surprise,tao . dân đaklak nhưng lần đầu tiên nghe chuyện này ....,56,12,ngạc nhiên
Fear,cảm giác tóc sau gáy bắt đầu dựng lên :))),42,10,sợ hãi
Fear,mấy má đang có kinh rồi mặc áo đầm nhảy qua thì nhuộm đỏ 1 dòng sông cmnl 😳,75,19,sợ hãi
Sadness,chưa được đi pháp mà huhu,25,6,buồn
Sadness,là nhìn người ta đi cạnh 1 cô gái mà bất lực không thể làm gì ngoài việc ngồi nhìn và mỉm cười,94,23,buồn
Disgust,giờ còn thể loại dâm ô nam sinh mới ghê :))),44,11,khó chịu
Fear,tao bắt đầu sợ nó ròi đấy :)) ám ảnh vãi,40,11,sợ hãi
Surprise,thế đéo nào ma không bị phóng điện nhỉ,38,9,ngạc nhiên
Anger,hk động chạm nó cũng dí sấp mặt luôn rồi . dm . 😌,49,14,giận dữ
Anger,5 triệu nhằm nhò gì so với 1 khoá lễ của bả ? sao không cho hành nghề vĩnh viễn luôn đi . chỉ cấm ở ba vàng thì lại lộng hành ở chỗ khác thôi .,143,37,giận dữ
Fear,bá đạo vậy chơi sao lại 🤣,25,7,sợ hãi
Sadness,khổ thân con mèo :((,20,5,buồn
Other,nó chụp màn hình là còn tốt chán . có đứa nó còn đéo thèm đọc tn ấy .,69,19,khác
Enjoyment,tôi cắn bất chấp =)))))))) chắc là tôi yêu tụi nó cuồng si rồi,62,14,vui vẻ
Anger,bà này khác gì lũ đa cấp đi lừa đảo đâu sao không cho vô tù,59,16,giận dữ
Sadness,rồi tôi sẽ hết được uống nước ở đây nữa :((,43,11,buồn
Surprise,per nhìn na ná chữ mày =))),27,7,ngạc nhiên
Sadness,buồn thay cho lớp tao,21,5,buồn
Enjoyment,chúc 2 you hạnh phúc ❤,22,6,vui vẻ
Surprise,có vẻ như cái gì nước ngoài cũng to hơn nước ta 🙂,49,13,ngạc nhiên
Sadness,why ???? ai đã cướp boss 6 múi của tao vậy 😭😭😭😭,47,12,buồn
Enjoyment,đồng nghiệp nhắng nhít nhất hệ mặt trời =))),44,9,vui vẻ
Other,"tao tự hỏi sao đứa quay phim nó lại quay đúng lúc thế , chắc chắn nó dự là sẽ nát con xe đó nhưng không nói :))",111,28,khác
Sadness,tại trà sữa làm tao mập chứ tao có muốn đâu :(,46,12,buồn
Disgust,có nhìu người bỏ vài đồng ra nhưg chỉ thích hành hạ người khác .,64,15,khó chịu
Sadness,nếu để ý kĩ thì lái tàu có thể bước xuống và kéo đường ray qua một bên rồi cho tàu bẻ tay lái một chút là cứu được cái xe . tiếc cái xe quá,139,36,buồn
Other,thay đổi chóng mặt,18,4,khác
Other,an toàn cho mình chứ cho ai đâu mà cứ thích kiểu trốn tránh ấy nhỉ ..,69,17,khác
Enjoyment,bên aeon hay thật đấy =))))),28,6,vui vẻ
Sadness,và rồi cô ấy sẽ mãi mãi không có người yêu =((,46,12,buồn
Enjoyment,cảm giác thanh thản vãi,23,5,vui vẻ
Enjoyment,"mấy anh làm video đầu tư ghê , nội dung diễn xuất hay",53,13,vui vẻ
Other,chắc chưa biết đến trụ đèn đỏ nằm ngay chân cầu :),50,12,khác
Other,khi nào người con gái ấy xuất hiện đúng lúc trong cuộc đời của tôi đây,70,16,khác
Enjoyment,đây là bạn tao . =)),20,6,vui vẻ
Other,ko bằng con 🐕,13,4,khác
Sadness,đọc xong nước mắt ứa ra,23,6,buồn
Anger,"căm thù , uất đến tận họng mà không biết phải làm gì ??? càng xem càng thấy đau lòng mặc dù không phải con mình . 1 xh thối nát , đồng tiền làm lu mờ nhân tính con người .",171,42,giận dữ
Enjoyment,"ỏoo , nó cười xong kiểu cả không gian ngập nắng , thế giới thu bé lại chỉ có hai đứa , rồi tim cứ đập thình thịch , nghĩ thoii mà cũng thích , hì :>",148,37,vui vẻ
Enjoyment,chúc mày mau khoẻ nhá chủ thớt ạ =)),36,9,vui vẻ
Disgust,hàng xóm và họ hàng là 2 đối tượng hãm chưa từng có,51,13,khó chịu
Sadness,trời ơi cái đoạn này em khóc tu tu luôn 😪.. trong khoảnh khắc rời xa một ai đó mãi mãi cơn đau thấu ngực trái huhu,114,27,buồn
Disgust,ngang trái quá ạ !,18,5,khó chịu
Disgust,per mai mốt không xem hết video đừng vô phán,44,10,khó chịu
Anger,có cái ảnh tỉ năm trước cứ đăng đăng con cặc . đéo thấy nhàm à . nghĩ thôi thấy bất hạnh vãi .,94,24,giận dữ
Enjoyment,"sao vẫn còn người tốt trong xã hội này , đáng khâm phục",55,13,vui vẻ
Other,nhận khách tàu nhanh ai muốn không nè,37,8,khác
Anger,tao sẽ lấy hết tất cả các nick clone tao có phẫn nộ cái vid này 🙂,65,17,giận dữ
Enjoyment,cười thấy đáng yêu ^^,21,5,vui vẻ
Enjoyment,giun xào đĩa luộc là ngon ngay 😂😂😂,34,8,vui vẻ
Sadness,e quê bg mà mùa vải còn không có vải mà ăn @@@,46,13,buồn
Disgust,muốn ói,7,2,khó chịu
Enjoyment,per tôi đợi ngày nhận thiệp cưới của ông,40,9,vui vẻ
Other,đen thôi đỏ vẫn thế,19,5,khác
Enjoyment,ha ha chịu không nổi luôn !,27,7,vui vẻ
Enjoyment,per hãy cảm ơn tao đi hâhah,27,7,vui vẻ
Sadness,phim này là người cha zombie yêu thương con nè . xúc động quá 😢😢,64,15,buồn
Fear,"đi chơi gặp 3 con mất dậy này vừa bị dí vừa bị cạp đít đau không chịu được sau phải nhảy lên cây để trốn , giờ gặp là sợ 😭😭",123,32,sợ hãi
Enjoyment,thật ra cách quét hạt xốp rất dễ mà có thể các bạn chưa biết . đó là . tẩm xăng những chỗ có xốp và đốt 😂,105,28,vui vẻ
Disgust,đúng là xa thơm gần thối . người tuyệt vời ngay trước mắt mà không thấy,71,16,khó chịu
Surprise,per võ công thâm hậu quá,24,6,ngạc nhiên
Fear,lúc bé mình rất sợ,18,5,sợ hãi
Enjoyment,thề cưng thiệc sự =)),21,5,vui vẻ
Sadness,tao tưởng nó té cái đùng chứ . làm ngồi chờ mãi mỏi cả mắt,58,15,buồn
Other,loại cửa đó :))) cái khung sắt cứng không tả nổi . đen lắm bung cả cửa ra thôi .,80,20,khác
Other,chắc phải đi một chuyến thôi :3,31,7,khác
Surprise,sao có thể ngây thơ đến vậy được nhỉ,36,9,ngạc nhiên
Enjoyment,per chuyện cổ tích nè ! haha !,30,8,vui vẻ
Anger,địt mẹ . và ở việt nam chúng tôi gọi đó là lũ óc chó bán phá giá đó,67,19,giận dữ
Fear,mối nguy hại đó,15,4,sợ hãi
Other,t chỉ ngồi nhà và ngắm cảnh tắc đường thôi,42,10,khác
Other,mình có xài rồi nè hồi lúc đi làm xí nghiêp gọi là lò xô đổ dầu xài,67,18,khác
Sadness,không biết phải mình lúa không . chứ mỗi lần đi du lịch trước khi trả phòng là mình phải dọn sạch sẽ . cứ nghĩ nhận phòng sao thì trả phòng vậy . bị anh chồng la hoài là vậy,173,41,buồn
Sadness,em đang ở đâu mà mấy năm rồi chưa thấy xuất hiện :),51,13,buồn
Sadness,vì tao xấu và chúng nó chỉ thích gái đẹp,40,10,buồn
Anger,"chó chứ không phải người , rất mong pháp luật anh minh",54,12,giận dữ
Disgust,t xem phim này cứ thích bà ma nhập vào thôi chứ bình thường yếu đúi nhạt tao không thích,88,20,khó chịu
Sadness,cay đắng cuộc đời 😞 một chút vị mặn của mồ hôi nước mắt,55,14,buồn
Fear,"theo mình thì không nên vì định kiến xã hội quá khắc nghiệt , họ sẽ bị tổn thương và nghĩ quẩn",94,22,sợ hãi
Enjoyment,đáng yêuc vãi anh ơi,20,5,vui vẻ
Surprise,tao tưởng tới đoạn per tuyên bố hôn nụ hôn chia tay chứ … ai ngờ kết quả lại khác bây,85,21,ngạc nhiên
Enjoyment,per :)) chắc giống cảm nhận của ông lái oto hôm qua,51,12,vui vẻ
Sadness,"ước gì mèo nhà mình cũng có thể về nhà như vậy , mất ẻm được 2 năm rồi :(((",75,20,buồn
Enjoyment,bà ngày xưa đẹp quá ❤️,22,6,vui vẻ
Disgust,chỉ có mấy thằng ấn ngáo ngơ vừa bẩn trông chẳng giá gì . đúng là lớp 1 trượt môn đạo đức vì tội không ju jin vệ sinh thân thể,126,31,khó chịu
Anger,cái quần gì vậy đmmmmm đang tủi thân xem cái lol này nữa,56,13,giận dữ
Sadness,khổ người lao động thôi,23,5,buồn
Sadness,thiếu hình ăn gà rán rồi,24,6,buồn
Sadness,boss hổng có 6 múi hả :( buồn dị,32,9,buồn
Sadness,phải tự cho mình đau lòng nhất thì mới bỏ được,46,11,buồn
Anger,"quay quay cái lồn , thấy bị bắt nạt thì ra nói một câu bảo vệ người ta , có khi tối về lại có người nằm ôm . cứ cầm điện thoại pin với chả không pin",148,38,giận dữ
Sadness,yêu sắp 2 năm rồi mà không biết người yêu kể chuyện cho nghe là gì 😢 đòi mấy lần toàn kêu không bình thường xịu xịu,115,27,buồn
Enjoyment,hi vọng câu chuyện admin vừa bịa ra giúp các bạn có thêm niềm tin trong cuộc sống 😂.,84,19,vui vẻ
Sadness,nhiều lúc buồn đến nỗi coi những vid thế này . đéo thể cười nỗi .,65,16,buồn
Fear,"đồng nghiệp tốt , chị em tốt đi làm như đi chơi :)) chứ làm cùng với mấy con mlz đáng sợ lắm :))",96,24,sợ hãi
Surprise,đây là cách các chàng trai thu hút sự chú ý của các cô gái hả ?,63,17,ngạc nhiên
Disgust,chủ vô tâm có chó mà nuôi vất năn vất lóc không tắm rửa để bẩn thì trả có giận có ve,84,22,khó chịu
Disgust,tránh xa tao ra,15,4,khó chịu
Other,"đừng bao giờ sợ trở thành chính mình , bạn hãy nhớ bản gốc luôn có giá trị hơn bản sao",86,21,khác
Other,"và cô gái ăn cái bánh vài năm vẫn chưa xong ,",45,12,khác
Disgust,họp lớp cấp 2 đi được 2 lần . cấp 3 năm trước năm nay thôi nhưng đéo 🙂,70,19,khó chịu
Enjoyment,yêu thế nhè 😍😍😍 có em gái chắc cũng vui lắm,43,11,vui vẻ
Enjoyment,viết tên anh trên cát cho sóng đập nát cái matlon anh :)),57,13,vui vẻ
Disgust,cái lò tao ghét nhất,20,5,khó chịu
Other,per mày mà bị như thế này chắc mày phải nhảy ra ngoài vũ trụ luôn nhỉ,69,17,khác
Enjoyment,các b học sinh đáng yêu quá,27,7,vui vẻ
Anger,con người chứ có phải con cặc đâu mà để nói hoài,48,12,giận dữ
Other,"tuổi thơ mình toàn đi đánh nhau với bọn con trai , có thằng ắt ơ nào chịu nhường nhịn con gái đâu",97,23,khác
Surprise,"ủa tao tưởng trái bòn bon chứ ,",31,8,ngạc nhiên
Sadness,vì tiền mà làm đau làm khổ người khác như thế này sao 😔,55,14,buồn
Enjoyment,sao giống phim good doctor của hàn vậy ?? cũng bệnh tự kỉ và có khả năng nhìn được 3d !,87,21,vui vẻ
Disgust,kệ cha nó,9,3,khó chịu
Other,ngày xưa tao cũng viết nhưng bị chị gái đọc trộm từ đó dẹp mẹ nhật ký luôn,74,18,khác
Enjoyment,mai xem lại phim nay . phim rất hay .,37,10,vui vẻ
Anger,lm ngày có trăm ngàn thôi mà dọn lòi lol vãi vả cức haizx thật,62,15,giận dữ
Enjoyment,ông này đẹp vãi,15,4,vui vẻ
Enjoyment,tuổi trẻ tài cao :)),20,5,vui vẻ
Other,"chỉ cần đó là việc mình thích , không làm phiền ai là được",58,14,khác
Disgust,"mình thấy cũng bình thường 🤔 ny mình ủ hũ mắm tôm , mắm tép nếu tiếp tục không rửa chắc hơn 30 năm nữa là đạt kỉ lục thế giới “ ủ mắm tôm ” 60 năm mất 🤦🏻‍♂️",156,40,khó chịu
Sadness,"em ơi , hết rồi 😔 hết rồi , chẳng còn chi nữa đâu em ...",56,16,buồn
Disgust,có ai thấy tởm nhưng vẫn coi hết video như tao không 😌😌,55,13,khó chịu
Disgust,đúng chất trẻ trâu,18,4,khó chịu
Disgust,nó lợi dụng ở 1 khía cạnh nào đó mà thôi,40,11,khó chịu
Enjoyment,cuối cùng là hai mình ăn được ngủ được :))) đứa nào cũng lên vài kí,67,16,vui vẻ
Sadness,cả người nhà người yêu cũng không đồng ý :((,44,10,buồn
Fear,tao xem mà cứ sợ nó ngã vãi 🙂,29,9,sợ hãi
Sadness,"crush một ai đó là điều không bao giờ có rồi , vì mình vừa béo , vừa xấu gái , vừa vv and vv . auto nhục 😞😞😞",108,29,buồn
Other,per bố ơi bảo con rể làm thế đii :>,35,10,khác
Sadness,hôm nay thật tệ :((,19,5,buồn
Disgust,chết mẹ mày đi ;))) không làm được thì nghỉ nhé . kiếm đồng tiền của bố dễ à kkkk,81,20,khó chịu
Surprise,ông này tài quá,15,4,ngạc nhiên
Surprise,per . ủa sao giống răng anh vậy,31,8,ngạc nhiên
Disgust,7 thằng này không phải con người chúng mày ạ,44,10,khó chịu
Disgust,kinh tởm,8,2,khó chịu
Enjoyment,tag vô cho xem mấy đứa xấu tánh thôi chứ ghệ anh tánh cực kỳ dt,63,16,vui vẻ
Fear,per nguy hiểm vãi,17,4,sợ hãi
Enjoyment,tao thích bài này lắm luôn ý,28,7,vui vẻ
Sadness,"chấp nhận đau khổ , để đổi lấy hạnh phúc , mà tìm mãi hạnh phúc không đến thế mới đau em .",90,23,buồn
Disgust,tuổi thơ của tao toàn chơi với lũ cướp đồ ăn của tao với trêu tao cả ngày thôi chứ làm gì gặp được mấy soái như vậy đâu .,121,30,khó chịu
Other,mai anh gọi tôi dậy đi :)),26,7,khác
Enjoyment,per vậy cug nghĩ ra được haha,29,7,vui vẻ
Enjoyment,đố ai định nghĩa được tình yêu . có khó gì đâu một buổi chiều . nó chiếm hồn ta bằng nắng hạ . bằng mây nhè nhẹ gío hiu hiu 👏,125,32,vui vẻ
Disgust,nhiệt tình + ngu dốt = phá hoại . toàn óc đi xem bđ,51,14,khó chịu
Enjoyment,"ông sống trên vũ trụ , vợ ông sống ở trái đất , ông cao thêm 5cm là chuyện bthg 😂",81,21,vui vẻ
Other,"đồng chí thịt vợ tương lai của em thì nhẹ nhẹ đấy , không là phải cứ giã như gạo là không được đâu 😡😡",101,25,khác
Disgust,nhạc hay chứ lời xàm .. vậy cũng rần rần,40,10,khó chịu
Other,khóc lóc rồi năm sau họp lớp đéo ai đi :)),42,11,khác
Anger,"per mất dậy vãi , lớn lên nó sẽ biết nó làm như này trên tv là không hay",72,19,giận dữ
Other,ta và nàng cùng quên .,22,6,khác
Sadness,em không muốn chúng ta già đi chút nào . điều đó đồng nghĩa với việc cta sắp xa nhau 😔# n,89,22,buồn
Disgust,"cấp tao tao toàn gặp mấy thằng trời đánh , per với per , hai đứa mày có đọc được thì nhớ là tao vẫn ghim hai đứa mày vì hay trêu tao , còn một thằng tên per nữa , dume bị nó bắt nạt cho khóc suốt 😡",197,50,khó chịu
Enjoyment,vỉa hè to thế vẫn còn muốn ăn cả ồ hố nữa hả =)),48,14,vui vẻ
Other,đến đoạn chúng nó ctay con mẹ nó luôn :)),41,10,khác
Enjoyment,nhớ thời sinh viên 😃,20,5,vui vẻ
Other,"vui thôi đừng vui quá , làm ai cũng ngại",40,10,khác
Anger,đéo biết ! vợ tôi đéo cho nữa !,31,9,giận dữ
Other,lạng sơn đang nắng mà,21,5,khác
Fear,"thiện tai , thế giới này khi nào mới được yên bình",50,12,sợ hãi
Enjoyment,mới tết xong . tặng cặp bánh chưng là ưng nhất :)),50,12,vui vẻ
Sadness,giờ thì chả dám nhìn nữa hic :((,32,8,buồn
Disgust,tào lao ròi đóa,15,4,khó chịu
Enjoyment,đến câu nào có đáp số quen thì khoanh :)),41,10,vui vẻ
Other,lở có sự cố vì đó so với kỷ luật vây có bằng không,50,14,khác
Disgust,"nta nói đừng có nhìn mặt mà bắt hình dong nhg mà thực sự nhìn bả , tôi thấy cứ đanh đá , mưu mô , xảo quyệt kiểu gì ý , cảm thấy đây là con người không có hậu",158,41,khó chịu
Anger,đỉ lol đè chết mẹ đi . hát cái lol,34,10,giận dữ
Anger,công tình yêu làm ăn kiểu lồn gì vậy .,38,10,giận dữ
Other,tưởng thế nào 🤣,15,4,khác
Enjoyment,vcb thu phí dịch vụ cao có khác . lương nv cũng hơn chỗ khác :)),64,16,vui vẻ
Surprise,đoạn 3 móc cái dt nhanh vliz,28,7,ngạc nhiên
Disgust,thì đã sao ? miếng cơm nghề nghiệp người ta . nếu như không thích quay thì lên đòi ban tổ chức ấy hoặc đừng có mà chơi bóng chứ đâu ra cái kiểu bố đời ấy,153,37,khó chịu
Fear,nguy hiểm thật ... suýt nữa tao ảo tưởng con mẹ nó luôn rồi ..,62,15,sợ hãi
Anger,"bố đã làm gì mày đâu , con chó này =))",38,11,giận dữ
Sadness,"cùng cười cùng khóc cùng vượt qua khó khăn , đau khổ nhưng cuối cùng lại là con số 0 :)",87,21,buồn
Other,điều quan trọng ở đây là mày cần sạc điện thoại kìa,51,12,khác
Enjoyment,t không phải con sến súa . ko cần quá cầu kì lãng mạn . cầu hôn tao thế này là tao đổ rồi per,93,25,vui vẻ
Other,giết người quá rồi giờ phải đi tù chứ :))),42,10,khác
Enjoyment,con mèo đág yêuc quá 🤣,22,6,vui vẻ
Disgust,bị đánh bại bằng đòn mông . nổi ô nhục đến chết cũng không hết nổi,66,16,khó chịu
Disgust,quả dạ vâng kia ngọt vãi ngọt . đéo bù khách của tao toàn được,62,15,khó chịu
Other,tôi nói với các ông nhé . dắt bộ qua chốt cũng chưa chắc ngon ăn per,68,17,khác
Enjoyment,đúng các anh 2 nghĩ ra nhiều kiểu quá,37,9,vui vẻ
Disgust,đã hói lại còn mắt thâm,23,6,khó chịu
Sadness,thế nên tao với mày không thể làm người yêu nhau được,53,12,buồn
Sadness,mèo người ta đi lạc về nó còn nhớ chủ chủ còn được đụng nó còn mèo nhà tao đi tán trai có mấy tháng về nhà thấy chủ như thấy ma 😌😌,130,33,buồn
Sadness,ngày xưa cũng như này trong lúc mối quan hệ bắt đầu nhạt :) haiz,64,15,buồn
Enjoyment,"per đây là thằng con trai vừa đẹp còn có não , mong per học hỏi ! xin cảm ơn",76,20,vui vẻ
Enjoyment,"ngày xưa , ngoài thú vui chọc chó dí , còn chọc cho ngỗg rượt . cách giảm cân hịu quả nhất cho mấy đứa lười 😂. nhớ lại vui thật , đúg là thời sửu nhi .",151,38,vui vẻ
Sadness,mình toàn làm ba mẹ buồn,24,6,buồn
Enjoyment,thèm được bố chửi 1 lần 🤤🤤,26,7,vui vẻ
Anger,thằng quay đáng bị đạp cho lăn con cụ ra mới biết sợ =)) cứ tưởng thế là vui 🙂 súc vật,86,22,giận dữ
Disgust,nuôi gì mà không có tâm gì v nè,31,9,khó chịu
Other,tốt nhất không đi đâu cả nhé ..,31,8,khác
Other,bé giỏi toán quá nên cô giáo mất dạy luôn,41,10,khác
Enjoyment,couple cuối . yêu chết đi được,30,7,vui vẻ
Other,cai nay do co roi . ai con ban nua không,40,11,khác
Sadness,đây là 1 câu chuyện buồn,24,6,buồn
Enjoyment,đã từng được ăn ké vài bữa 😝,28,8,vui vẻ
Enjoyment,cưng nhỉ,8,2,vui vẻ
Fear,"per này , thích thì xem cho đã con mắt đi 🙁 đáng sợ quá mà",58,16,sợ hãi
Enjoyment,cũng thơm mà . kì thị quá à .,29,9,vui vẻ
Enjoyment,nếu ai cũng có ý thức tốt đẹp thì đất nước này còn gì để nói . đâu có ai hoàn toàn hoàn hảo đâu bạn . dù là moi tần lớp,119,32,vui vẻ
Sadness,"thương quá . giờ con đi học ở lại cả ngày thì hên xui thôi chứ biết làm sao , không ăn thịt heo thì ăn gì . mong sao có lệnh tạm dừng ăn thịt heo trong thời gian này cho các trường mầm non thì hay biết mấy .",207,51,buồn
Enjoyment,nhìn qua ảnh thôi cũng thích =)),32,7,vui vẻ
Disgust,nhà thì như cái chuồng lợn còn bày đặt đắp mặt !,48,12,khó chịu
Sadness,"tôi xin nhắc lại , đây là một câu chuyện buồn",45,11,buồn
Other,nên công bố để răn đe,21,6,khác
Sadness,"dù thế nào thì anh tôi luôn bất hạnh , ai khóc cho anh khấc tôi đây 😢",69,18,buồn
Disgust,"đang làm nhiệm vụ mà cứ léo nhéo thế nhỉ , để cho cán bộ gọi về cho chỉ huy đi",78,21,khó chịu
Sadness,nấu cơm như vậy xong đi lên nhà xem hoạt hình .. đến lúc hết phim xuống để xới cơm thì .... khét lẹt,100,24,buồn
Enjoyment,có ai không sợ nhưng giật mình như tao không :) dumehuhonchimen,63,12,vui vẻ
Enjoyment,"đêm hôm coi lại , cười mún rụg rún",34,9,vui vẻ
Sadness,năm nào mà tao chã cô đơn,25,7,buồn
Other,giận ngược trở lại chúng nó sớm chia tay thôi :))),50,11,khác
Surprise,sao trận này ông này khóc nhỉ :)),33,8,ngạc nhiên
Disgust,bọn yêu nhau tưởng thế là hay,29,7,khó chịu
Disgust,"khi bạn cố gắng kéo lại với người ta và họ chụp màn hình gửi cho mọi người , còn đem đi kể nữa chứ",98,25,khó chịu
Other,"bằng lòng với những gì mình đang có đi , trên thế giới có rất nhiều người không được như mình đâu",97,22,khác
Surprise,per bá đạo quá 😁,16,5,ngạc nhiên
Sadness,lâu rồi không được nhìn nụ cười ấy,34,8,buồn
Other,bao năm ăn học ở trg mà các vị làm vài vụ như thế nào 1 năm thì lại vui quá . vks ạ,83,24,khác
Enjoyment,dịch vụ tận tâm . đáng yêu quá ! : x,36,11,vui vẻ
Enjoyment,câu chuyện dễ thương thật ^^,28,6,vui vẻ
Enjoyment,là đi phát tờ rơi ngay mấy ngã tư và cổng trường đại học ! được 200k về mua skin yasuo siêu phẩm 2016,101,24,vui vẻ
Other,mình chỉ nói đến cơ hội việc làm thôi chứ không bàn luận gì về việc ông ấy là người như thế nào bạn nhé ??,106,26,khác
Other,còn nhiều người khổ hơn mình :)),32,7,khác
Sadness,"tội mày quá , lần sau mày bình tĩnh hơn nhé",43,11,buồn
Enjoyment,per cười đau bụng luôn 🤣🤣,25,6,vui vẻ
Anger,per dẹp hết . không có bán mua quần què gì nữa hết,50,13,giận dữ
Enjoyment,"nhìn 1 cái , cười 1 cái rồi về thôi",35,10,vui vẻ
Enjoyment,tuổi thơ dữ dội là đây .,24,7,vui vẻ
Enjoyment,tính ra con bé đó chuyên nghiệp ấy chứ,38,9,vui vẻ
Anger,cái địt con mẹ mày ... biết bố mày xem xong tí rơi điện thoại không 😭😭😭😭😭😭😭😭😭,77,17,giận dữ
Sadness,per sao tội vạy em,18,5,buồn
Other,đéo hiểu,8,2,khác
Other,nhớ cái bếp của mẹ .,20,6,khác
Disgust,tao ghét nhất đăng mấy thể loại v . đúg là nhãm lol,51,13,khó chịu
Disgust,ghét mấy cái thể loại này . toàn lũ hãm,39,10,khó chịu
Other,hẳn là phạt 5 triệu luôn,24,6,khác
Other,cuộc sống mà,12,3,khác
Other,sao không mua thịt về ướp dưới nền rồi nướng luôn,49,11,khác
Disgust,((= nói cái này quá là bình thường luôn không đến mức phải xù lông nói là cười nhạo đâu ạ,89,21,khó chịu
Sadness,coi xong đoan này . tao thấy nhớ nhà vô cùng 😭,46,12,buồn
Enjoyment,công nhận 😌😌😌 đồng nghiệp hạp hạp tí có khi ngồi buôn cả ngày bám hơn cả bám người yêu . đi làm hôm nào cảm thấy hôm đó ý nghĩa vãi,131,32,vui vẻ
Other,ông bà có đam mê .,18,6,khác
Other,nếu như bạn nào không biết là bạn đồ chanh chẹ,46,11,khác
Other,cái vị mà tao nghĩ đến cuối đời con người vẫn chưa nếm hết,58,14,khác
Enjoyment,hoá nhện tỏ tình đấy :)))),26,6,vui vẻ
Sadness,tôi từng trách bố mẹ sao sinh tôi ra trong hoàn cảnh này,56,13,buồn
Surprise,khu này đẹp vãi chưởng,22,5,ngạc nhiên
Other,nhớ lại mỗi lần thay tim .. 😂,29,8,khác
Surprise,em này sao giống chị tao quá vậy,32,8,ngạc nhiên
Other,"ngay bây giờ , chỉ cần anh thật lòng với tôi là được :)",55,14,khác
Other,per 2 đại cao thủ đấu đầu :)),29,8,khác
Enjoyment,dễ thương vầy :>,16,4,vui vẻ
Other,tao đang nghiêm túc đấy,23,5,khác
Enjoyment,nói không phải khoe chứ em đi xe bò đi học,42,11,vui vẻ
Anger,đm phải tao tao chửi mả bố nhà chúng nó lên chứ trêu trêu cái lol 😒😒 vả cho mỗi thằng ml vài cái chứ ở đấy cho chúng nó quây rồi nhăn nhỉ với nhau ..,149,37,giận dữ
Other,"hết cấp 3 , hết đại học và chỉ mới bắt đầu 1 cuộc chơi khác .",61,17,khác
Sadness,"cả đống người trên đường , mà nó chỉ dí mình tao 😭. t đã làm nên tội gì 😭😭",74,20,buồn
Other,đã bảo cho tôi đi trước rồi mà không chịu . :v,46,12,khác
Other,per còn nhớ hay đã quên,23,6,khác
Sadness,nếu chịu khó đặt vào hoàn cảnh của nhau mà sống thì cuộc sống đơn giản hơn rồi đó,81,19,buồn
Enjoyment,cưng v trờiiiiii .,18,4,vui vẻ
Sadness,per 😢😢 miss you .. chính xác luôn ak hậu,40,10,buồn
Other,rồi liệu nằm với vợ ông làm thế nào nhỉ,39,10,khác
Sadness,sau mỗi cuộc chia ly người ở lại vẫn là người đau lòng nhất :((,63,15,buồn
Enjoyment,"phim hay dã man diễn viên chính đẹp trai , xem đi xem lại không chán",68,16,vui vẻ
Sadness,tình yêu là sự mù quáng mà hix,30,8,buồn
Enjoyment,dễ thương quá,13,3,vui vẻ
Enjoyment,"má , mặt đúng ngáo luôn 😂",25,7,vui vẻ
Sadness,có một sự tổn thương không hề nhẹ ở đây,39,10,buồn
Disgust,tết trung thu chứ có phải tết “ giao phối ” đâu mà cần gấu với chả gà 😌😌,72,19,khó chịu
Enjoyment,"per làm ở đâu không quan trọng , quan trọng là vẫn buôn chuyện đều 😂😂😂",70,16,vui vẻ
Disgust,"kệ mẹ nó , giận được bao nhiêu thì giận . cắm sừng thì tao tiễn vong luôn",73,18,khó chịu
Anger,ra cái chỗ sóng không táp thì đéo ra cáu vãi :)),48,12,giận dữ
Enjoyment,hãy cảm ơn vì chúa đã ban em cho chị 😂😂,39,11,vui vẻ
Sadness,họ đáp vì phép lịch sự còn mình vì yêu mà chủ động vì quan tâm mà hỏi đủ điều ..🙁,81,21,buồn
Enjoyment,:)) bật nhạc lên và quẩy thôi,29,7,vui vẻ
Enjoyment,nhà tôi còn nè,14,4,vui vẻ
Enjoyment,per theo vợ nghĩ nếu là chồng thì chắc con đó dù là giả cũng sẽ lên nồi,71,18,vui vẻ
Enjoyment,món này ngon vãi,16,4,vui vẻ
Sadness,per viêm màn túi cấp nghiêm trọng,33,7,buồn
Disgust,kinh vãi,8,2,khó chịu
Other,đến bao giờ mới nhận được tiền nhỉ,34,8,khác
Enjoyment,dăm ba con nhện nghĩ tao sợ (((=,32,8,vui vẻ
Sadness,ngày buồn hôm ấy tôi cũng là người rời khỏi lớp cuối cùng .!!!,62,14,buồn
Disgust,"mình muốn tag mấy ông hàng xóm vào đây để các bác ấy biết rằng , bác ấy không chỉ buồn mà còn hát rất dở",104,26,khó chịu
Enjoyment,là mỗi buổi sáng thức dậy ta có thêm 1 ngày mới để yêu thương ❤️.,65,16,vui vẻ
Enjoyment,dume dễ thương vãi ??,21,5,vui vẻ
Anger,ủa làm gì đánh tao muốn chết vậy đuỹ ?,38,10,giận dữ
Other,sau này nhất định phải nói chuyện lịch sự :)))) không phải một người đọc mà là mọi người cùng đọc =)))),103,22,khác
Enjoyment,"3s để tôi nói tôi yêu em và cả quãng đời còn lại để tôi chứng minh lời tôi nói :"" tôi yêu em """,94,25,vui vẻ
Enjoyment,ấm hơn cả người yêu :)),23,6,vui vẻ
Enjoyment,e lên mang câu chuyện này đi thi thách thức danh hài . rất duyên,64,15,vui vẻ
Enjoyment,thấy topic đúng tâm trạng quá .,31,7,vui vẻ
Other,chụp không biết bao nhiêu lần rồi,33,7,khác
Enjoyment,bài này hay tuyệt vời đấy ❤️,28,7,vui vẻ
Other,thật ra là nó muốn kiếm em gái anh trai mưa đấy,47,12,khác
Sadness,"ai mang đồ ăn cho anh ấy đi , kẻo đói tội nghiệp",48,13,buồn
Sadness,"coi khúc đầu không hiểu , đến lúc ổng bước ra khỏi làn khói , thật không thể cầm được nước mắt",94,22,buồn
Other,rất biết cách ngồi đấy nhỉ ????,31,7,khác
Other,per phim đó thì nam chính hay nữ chính đều chạy cả,50,12,khác
Fear,mấy con yêu nghiệt ngày xưa nội có nuôi 2 con cứ ra đằng sau là nó dí chạy muốn tuột mẹ quần 🙄🙄,95,24,sợ hãi
Other,"hồi xưa , giờ yêu kiểu người lớn cơ mà",38,10,khác
Enjoyment,có vợ nên lắm . váy mới ngày trước toàn áo chấm bi của mẹ 🤣🤣,60,16,vui vẻ
Enjoyment,nó cưng quá mày,15,4,vui vẻ
Surprise,trời có bạn nhận ra mình luôn à @@,34,9,ngạc nhiên
Sadness,😭😭😭😭😭😭,6,1,buồn
Fear,tao nhìn sợ vãi,15,4,sợ hãi
Enjoyment,cảm ơn bạn đã yêu đất nước việt nam tôi,39,10,vui vẻ
Other,quan trọng là ông bà nội ngoại bạn phải giàu cái đã,51,12,khác
Enjoyment,"chắc ông chồng hạnh phúc lắm khi sống chung với người vợ như vậy , những đứa con chắc cũng yêu mẹ họ lắm ! mà thặc ra là giống với mẹ tớ lắm kkk",144,35,vui vẻ
Sadness,ewww mình chẳng giữ được gì huhu,32,7,buồn
Surprise,vậy cũng được luôn hả ? 😄,25,7,ngạc nhiên
Enjoyment,"bộ phim này xem rất sướng . và rút ra được khám phá là thứ tuyệt vời nhất chứ không phải bằng cấp . giá như mấy ông "" bộ "" và mấy ông "" ngành "" dành thời gian xem phim này một lần .",181,46,vui vẻ
Sadness,xem không dưới 3 lần chia sẻ không dưới 2 lần nhưng mỗi lần nhìn thấy lại xem lại buồn,86,20,buồn
Disgust,bây giờ gái nó chỉ cần bông hoa đồng tiền ném vào mặt nó để nó ăn tiêu chứ nó cần gì cái cây lu miên này .,106,28,khó chịu
Disgust,"mút này mình xịt nước cho nó mềm ra , lấy chổi đùa đùa lại quét tới lúc nghỉ việc luôn quét cũng chưa xong nha , thứ nl",119,29,khó chịu
Sadness,và hơn hết là tụi nó không còn coi mình là con gái nữa,54,14,buồn
Anger,moẹ thấy u ám hơn thì có . dume 💩,33,10,giận dữ
Fear,hú hồn lon vẫn còn,18,5,sợ hãi
Sadness,"một lúc nào đó chúng ta sẽ không nói chuyện nữa , lúc đó có lẽ em thật sự đã buông bỏ được rồi ...",98,25,buồn
Disgust,hẳn là thần tài . mê tín vãi,28,8,khó chịu
Disgust,bớt chọc điên tao và bớt leo lên đầu tao ngồi 🙂 hãy để yên cho tao hiền 🙃,73,19,khó chịu
Enjoyment,per kỷ niệm khó quên nhỉ kkk,28,7,vui vẻ
Disgust,địt mẹ hoang đường !,20,5,khó chịu
Disgust,"cô giáo chủ nhiệm hơi bị khốn nhỉ ? cô như vậy thì học sinh sao này học theo cái tính tráo trở , hai mặt",104,26,khó chịu
Other,xin chúa thương xót chúng con,29,6,khác
Sadness,lâu quá mới nghe lại bài này buồn thế,37,9,buồn
Enjoyment,rất thuyết phục,15,3,vui vẻ
Other,mình hỏi mua rồi mà người ta kiểu nữa muốn bán nữa không bạn,60,14,khác
Sadness,buồn nhất là crush cũng chả có để mà thả 😞,42,11,buồn
Surprise,"ồ ! thật là bất ngờ , thật là thú zị , thật là liên quan ?",58,17,ngạc nhiên
Enjoyment,per anh tải cái này về cho per học nè . thú vị ghê,50,14,vui vẻ
Enjoyment,per làm gì quên được kkkkk,26,6,vui vẻ
Other,nhìn thế thôi nhưng làm được video như này cũng khó lắm hay phết 🙂,66,15,khác
Disgust,hợp lớp cái đéo gì được chục thằng = ),38,10,khó chịu
Disgust,ủa vậy phạm tội thì có ẩn danh không ? :)) ngộ àh,49,13,khó chịu
Enjoyment,lấy vợ xong anh có vẻ mũm mĩm nhỉ :333,38,10,vui vẻ
Enjoyment,dỗ lại dễ thôi mà . nhỉ nhỉ 🤣🤣🤣,31,9,vui vẻ
Anger,cho tao hỏi mấy con súc vật tụi bây cười cái gì dzậy ? chắc tụi mày phải bị gậy vụt vào mõm thì mới hết dám ngẩng mặt nhìn đời phải không ?,139,34,giận dữ
Other,bạn nào cần bạn thân là con trai không :)),42,10,khác
Sadness,tao bị quỳ cột cờ mới ác . cả trường biết mặt luôn . nhục vãi,61,16,buồn
Enjoyment,tao đã đóng dấu cấm đứa nào rớ vào =)))),40,10,vui vẻ
Anger,"dm tuổi thơ tao lại toàn ba thằng hãm lol , độc chép bài .... đùa đùa đéo cho chép chúng nó chửi sấp mặt luôn ☹️",112,27,giận dữ
Anger,và thế đéo nào chúng nó toàn gọi mình là thằng 😏😏😏,50,12,giận dữ
Disgust,khôn lõi đời à ? chừa này,25,7,khó chịu
Other,cũng chỉ là tạm thời . chỉ khi nào nguồn nước bẩn thôi đổ vào sông thì mới đảm bảo được .,89,22,khác
Enjoyment,per ru con để vợ đắp mặt nạ kìa ?? đúng là chồng người ta chưa bao giờ làm mình thất vọng ??,92,23,vui vẻ
Other,"thật thà vãi , mà tao chỉ thích ăn xoài chua .",46,12,khác
Other,per vẩy cật lực luôn =)),24,6,khác
Disgust,sao toàn gái ngành với bọn chủ tịch bình luận không vậy 🙂,57,13,khó chịu
Other,đây còn hơn cả vua . giàu mà nghĩ lớn làm lớn .,47,13,khác
Surprise,bất ngờ thiệt :)))),19,4,ngạc nhiên
Enjoyment,"đang ỉa xem cười như điên , kkk",31,8,vui vẻ
Sadness,nghiệt ngã hơn là phi hành gia đéo tuyển mấy đứa lùn :((,56,13,buồn
Anger,con mụ mất dạy . già mà lăng loàn . thấy người ta yếu thế hơn mà khôg giúp dựng cái xe dậy rồi nói với nhau vài câu tử tế . lại còn tỏ nguy hiểm định ăn cức người ta ak,168,43,giận dữ
Enjoyment,thiếu cái que chấm dầu là ổn 😂,30,8,vui vẻ
Sadness,bình thương tao hay cười lắm . nhưng khi tức tên ... tao lại khóc . quá yếu đuối,80,19,buồn
Fear,ăn ngon nhưng nóng không chịu được,34,7,sợ hãi
Fear,vừa đây về đông kinh hồn càng về đêm càng đông,46,11,sợ hãi
Other,per tổ đội đánh rắm vào mà xem,30,8,khác
Other,bếp thiiêu chân mày,19,4,khác
Disgust,con người ta giỏi nhất là ảo tưởng vị trí của mình trong lòng người khác 🙃,74,17,khó chịu
Disgust,"đúng là tuổi tác nó không chứng minh được gì cả , già rồi ăn nói không văn hoá cử chỉ hành động tục tĩu hết nói nỗi",115,28,khó chịu
Fear,ra vậy . nguy hiểm thật :(((,28,7,sợ hãi
Sadness,per hết tiền thật sự :(,23,6,buồn
Enjoyment,nóng quá nên đổ lên cho mát thôi mà :)),39,10,vui vẻ
Enjoyment,cưng quá :))),13,3,vui vẻ
Other,lỗi của lái tàu nhé,19,5,khác
Disgust,ai cũng bận cả và không ai rảnh rỗi ngày ngày quan tâm bạn đâu ?,64,16,khó chịu
Disgust,nuôi con chó mà để ve thế không thấy tởm nhỉ ?,46,12,khó chịu
Enjoyment,tuổi trẻ tài cao vãi,20,5,vui vẻ
Other,vô duyên và hài hước nó có 1 làn ranh giới mỏng manh vãi,56,14,khác
Disgust,đứng xa ra thì dễ dàng rồi =)) cái ngu ở đây là không viết được nhưng vãn cố chấp thôi =)),90,22,khó chịu
Sadness,xui thôi chứ quyền đang hay mà 😢,32,8,buồn
Enjoyment,công an béo như lợn không đuổi nổi tội phạm 😂😂,46,11,vui vẻ
Sadness,nhưng tôi đéo có bạn trai thì phải làm sao ?,44,11,buồn
Sadness,nhìn cái ngành gd việt nam bây giờ ai cũng mệt mỏi,50,12,buồn
Disgust,"đó tao đi học tới 12 , mà dô lớp lì vẫn bị thầy cho nằm úp trên bàn trước lớp , kéo tà áo dài lên rồi đập cho mấy cây . giờ quánh thì không cho ( trừ mấy thầy cô yêuc quái cho mấy trăm cái bạt tai thì không tính ), phạt quỳ thì cũng lên báo . thua luôn .",254,65,khó chịu
Enjoyment,cái gì mà rớt hột le tè vậy em gái 😁😁😁,38,11,vui vẻ
Other,per trước cái thời ở trọ nè anh,31,8,khác
Fear,sợ vãi =))),11,3,sợ hãi
Enjoyment,lãng mạn vãi_chưởng =)))))) 0,29,5,vui vẻ
Anger,per tao tán sấp mặt,19,5,giận dữ
Disgust,việc làm và ý thức của những cổ động viên kém quá . mất hình ảnh bóng đá per còn mất 1 tỷ tiền phạt .,101,26,khó chịu
Other,sao nhìn nó đấm đéo có lực gì hết nhỉ,37,10,khác
Sadness,mình bị say xe bạn à :(((,25,7,buồn
Enjoyment,per haha cái t2 hợp với em nè ;)),33,9,vui vẻ
Sadness,vậy là thế giới mất đi không biết bao nhiêu món nướng rồi :(,60,14,buồn
Enjoyment,nói thật :)) tao chỉ buồn cười khi chúng nó chia tay thôi :)),61,14,vui vẻ
Surprise,kết thúc phim bất ngờ quá,25,6,ngạc nhiên
Sadness,"mới xem 1 đoạn xíu này mà cũng khóc hết hơi , nhìn em bé mất bố mà quay ra nhìn lại con mình đỏ hỏn nằm bên cạnh , thấy thương quá 😭",132,34,buồn
Disgust,xứng đáng cho cái ngu của thằng oto .. nghiền nát luôn oto càng tốt .. để cho cái lũ não ngắn nó hiểu được quy định của hành lang đường sắt là như nào .,152,36,khó chịu
Enjoyment,ơ cưng < 3 < 3,14,6,vui vẻ
Other,nếu câu chuyện này được liệt kê vào danh sắc câu chuyện cảm động nhất trường thì câu chuyện của thư sẽ được liệt vào đâu đây 😂😂😂 per,132,29,khác
Sadness,"tại giống nhau quá , nhưng đừng như người ta nha , nghĩ đến tự tử các thứ chẳng có gì là hay cả",95,24,buồn
Disgust,còn trẻ trâu lắm cả hai đứa,27,7,khó chịu
Other,"mong là nước pháp sẽ tập trung xây dựng ổn định trong nước , và đừng đụng chạm tới nước khác nữa",96,22,khác
Other,ngắn gọn thôi : thế bây giờ mày muốn tao dỗ hay là tao giỗ :v,61,16,khác
Enjoyment,tao thích con bé nuốt chuối,27,6,vui vẻ
Enjoyment,ng ta nuôi vì niềm đam mê,25,7,vui vẻ
Other,trường mình chị lao công đóng cửa :((,37,8,khác
Disgust,thính đấy đừng dính . vì 1 ngày nào đấy mày sẽ nhận ra không chỉ mình mày mới được vậy,86,21,khó chịu
Enjoyment,nước ngoài có đầy mà :)),24,6,vui vẻ
Enjoyment,bô ̣ phim khiến bọn sinh viên có lí do để lười học theo li ́ thuyết là đây 😆,76,20,vui vẻ
Fear,hơn cả bộ phim kinh dị !,24,7,sợ hãi
Disgust,nằm ngó miệng kiểu đó ai dám ăn ??????,38,9,khó chịu
Enjoyment,cả một bầu trời đáng yêu :))))),31,7,vui vẻ
Sadness,hic hic mình còn chả bao giờ được giận lại ấy chứ :((,53,13,buồn
Enjoyment,còn người yêu tao : một hơi có một anh đẹp trai bay lơ lửng rồi ôm lấy em khi em tắm :(((,89,23,vui vẻ
Enjoyment,nó sẽ thì thầm tai mày “ dượng đây “ 🤣🤣,39,11,vui vẻ
Enjoyment,tập có lỗi với thằng quay phim mà tao xem ba lần tao vẫn cười đứt ruột,70,17,vui vẻ
Sadness,xem xong video tự thấy mình còn không bằng con chó ...,54,12,buồn
Disgust,tóm lại là giá trị của anh đéo bằng 1 cái bánh :<,49,13,khó chịu
Sadness,cay mắt,7,2,buồn
Disgust,đánh cho lắm đéo thấm miếng nào khi main chỉ hất mông 1 phát bay mất tiêu :)),77,18,khó chịu
Disgust,thằng kia cute đáng yêu mà cái con ý nó xấu z trời haha,55,14,khó chịu
Fear,dume đêm ròii =))) tao cười vãi tí hàng xóm qua đánh bỏ mẹ,58,14,sợ hãi
Surprise,sao cái gì em cũng biết vậy :))),32,8,ngạc nhiên
Other,per đúng là như thế,19,5,khác
Enjoyment,công nhận ngầu thật,19,4,vui vẻ
Other,tình yêu đâu phân biệt là gay hay không gay vì đó là sự lựa của con tim mà họ đã nhắm tới !.,92,24,khác
Disgust,dhs nhìn thằng đầu tiên trông ớn vãi :| chị em bg thích style lạ ghê ta :| bá khí ????,86,21,khó chịu
Other,môi trường làm việc là yếu tố quyết định,40,9,khác
Sadness,nhớ lắm .. cay mắt lắm ....,27,7,buồn
Enjoyment,ph :)) phê hơn cả cần nhé . nên mua cái này về dùng tốt cho chó và người :))),77,20,vui vẻ
Sadness,mất rồi có lấy lại được đâu :)) cái gì nó cũng chỉ là quá khứ,61,16,buồn
Disgust,đéo mang não ... tay lại nhanh hơn não rồi ..,45,11,khó chịu
Sadness,ước gì được giận lại 😐,22,6,buồn
Sadness,nó bỏ mình đi rồi mỗi lần nghĩ tới nó ôi sao mà xót tim gan hơn mất người yêu,77,20,buồn
Sadness,ngày cuối cùng thực sự buồn,27,6,buồn
Sadness,nếu là tao thì tao sẽ không ăn được miếng nào,45,11,buồn
Disgust,bọn rải đinh nó đéo biết xe đi nhanh mà bị xì lốp thì như thế nào ??? 😣😣😣 não lol,81,21,khó chịu
Sadness,ngoài ra còn một số cái buồn nữa . không giải quyết kịp thời thì ??,67,16,buồn
Enjoyment,nghe nói dạo này bạn dưỡng da để kiếm người yêu per,51,12,vui vẻ
Other,"em đi xe đạp , có gửi bao giờ đâu mà biết bác ơiii",50,14,khác
Enjoyment,"chuẩn đó , mà quên chưa có người yêu",36,9,vui vẻ
Sadness,"tập thể năm nay lại làm mình tiếc nuối từ thành viên đến gvcn :,((",66,15,buồn
Other,đọc có chỗ vô lí vãi,20,6,khác
Enjoyment,có khi nào mình thích anh hàng xóm vì mình thích con mèo nhà anh không nhỉ :<,77,18,vui vẻ
Enjoyment,ờ tao tao thông minh thiệt đã dừng lại đúng lúc,47,11,vui vẻ
Other,nghe ảo ghê nhưng cũng có lý,28,7,khác
Disgust,"đéo kiếm ra tiền , nấu có 3 bữa cơm với đưa đón con đi học mà còn không xong , chắc để mẹ già làm hộ hay để chồng nó đi kiếm tiền về rồi nó hầu cho",147,39,khó chịu
Other,đục khoét tuổi thơ vãi ;))),27,6,khác
Disgust,nhiều bạn cứ phán nọ kia nặng lời quá . chỉ là bạn ý có cách bóc phốt duyên dáng và hài hước thôi . chứ đâu có nặng nề như các bác nghĩ ..,138,35,khó chịu
Other,bảo ba mẹ dẫn đi bác sĩ ngay đi,31,9,khác
Enjoyment,ui cưng quá,11,3,vui vẻ
Enjoyment,không biết s chứ ngày lúc 17t tao đi phục vụ phòng karaoke ... mình tao 2 phòng chạy qua chạy lại mệt quá vì xỉn ... kkk . thế là tao nghỉ trong ngày đầu vào phục vụ karaoke .🤣🤣🤣,178,41,vui vẻ
Surprise,tôi là ai đây là đâu :v tôi đã làm gì sai :3,44,13,ngạc nhiên
Fear,nghiệp hơi nặng nha !. làm hết hồn,34,8,sợ hãi
Anger,"mấy thằng ngáo để cho chết mẹ nó đi cho xã hội yên bình , quan tâm làm gì",73,19,giận dữ
Sadness,mình còn chưa kịp đến :((,25,6,buồn
Other,"per tìm tao con nhện này , con này lãng mạn coá",47,12,khác
Disgust,vừa mới xem hqua . kết thúc phim nhạt quá 😒😒,44,11,khó chịu
Sadness,làm công nhân đã khổ rồi mà tụi nó còn nỡ lòng nào hại người ta nhắn tin,72,18,buồn
Sadness,mất bà cái tuổi thơ -.-,23,6,buồn
Other,ko những công khai . mà phải cho thi lại . để biết đúng thực lực,64,16,khác
Anger,đã bảo bố mà mật vụ rồi ! hỏi lằm hỏi lốn,41,12,giận dữ
Fear,hú hồn hà,9,3,sợ hãi
Other,per bếp ga nha,14,4,khác
Enjoyment,rảnh rảnh ngồi cưa bàn với cưa cổ thèn ngồi gần mỗi khi nó ghẹo cũng vui ??,75,18,vui vẻ
Enjoyment,per tao thấy tao trong đó ahahahaha,35,7,vui vẻ
Other,ai biết bài nhạc đoạn này không ?,33,8,khác
Enjoyment,tao muốn con mèo thôi =)),25,6,vui vẻ
Sadness,vỡ tan là như thế ấy,20,6,buồn
Other,đúng chất người đẹp mặc rẻ rách cũng đẹp,40,9,khác
Sadness,"per huhu đúng quá nè :< sư phụ đi rồi , còn per thôi , đừng đi đâu nữa nhaaa 😢",78,21,buồn
Sadness,thương quá . géc nhất những người nuôi chó mà không chăm ... tội cho kiếp em nó gặp phải 1 người chủ như vầy . thân thương !,124,29,buồn
Fear,nhìn mà nổi hết da gà,21,6,sợ hãi
Other,hẳn lớp đó nhiều nữ lắm ha,26,7,khác
Sadness,ngày tao chia tay tao khóc quá trời luôn,40,9,buồn
Disgust,đứa lồn nào vẽ cái ổ điện thế 😂,31,9,khó chịu
Surprise,công tình yêu này nhân viên đông vậy luôn hả ?,46,11,ngạc nhiên
Sadness,ai giúp bé với hix,18,5,buồn
Sadness,"200 năm xây dựng , tồn tại 800 năm , thật là tiếc cho nước pháp .",65,17,buồn
Other,per là ai thế nhỉ cụ :)),24,7,khác
Enjoyment,đôi khi đi tù chỉ để thoả mãi thú vui,37,10,vui vẻ
Enjoyment,thô nhưg thật :)),17,4,vui vẻ
Other,nhìn lại giờ đéo biết vì sao ngày xưa mình đỗ đại học,53,13,khác
Other,đã tìm ra cụ tổ của những chiếc sừng,36,9,khác
Sadness,cảm thấy mình thất bại :((,26,6,buồn
Disgust,hãm 1 rổ lồn . chúc mừng bạn đã chọn nhầm người để tâm thự,58,15,khó chịu
Disgust,"chân ngắn như tao thêm combo mập nữa thì tao đéo nhaỷ đâu , tao thả mình trôi sông luôn cho lẹ 🙄",96,23,khó chịu
Enjoyment,có người yêu coi bộ cũng vui 🙂,30,8,vui vẻ
Sadness,trong mv mà có tao đứng dưới mưa nữa thì buồn phải biết,55,13,buồn
Surprise,đi viện thôi mà có cần phải đẹp vậy không,41,10,ngạc nhiên
Other,"thôi xong nhá , mấy đứa mà xác định làm răng cả đời thì ... tập xác định",72,18,khác
Disgust,"thằng chém gió lúc bà ấy đẩy ông ấy vào nhà thương điên ( tâm thần ) sao mày không mở mồm ra nói ....! giờ thì “ gió chiều nào theo chiều ấy ” cho thằng như này nằm ở công ty thì không khác chuột bọ , rắn rết",208,51,khó chịu
Disgust,dume thằng ghép nhạc nhé ????????,33,6,khó chịu
Other,per thay đổi đại từ nhân xưng .,31,8,khác
Other,"trưa nay nhà em ăn cơm , admin nói với mấy chú truyền hình đừng chiếu tin này lên nha",85,20,khác
Anger,"cụ mua cái đoạn đường này chưa cụ , đg nếu không cấm đỗ xe thì người ta có quyền đỗ thôi , ghét nhất cái kiểu coi lòng đg như nhà mình rồi vừa đỗ cái xe vào là ra chửi . dcm",173,44,giận dữ
Anger,tao mà biết tụi bây là mấy con đĩ nào tao nhổ lông lồn tao lắc hai cái mép lồn chết mẹ tụi bây 🙂,96,25,giận dữ
Other,ăn nhiều mau khoẻ .. tôm cá ấy mày giàu canxi,45,11,khác
Enjoyment,có ai xem đi xem lại như tao mà vẫn cười đéo nhặt được mồm không ạ :)),70,18,vui vẻ
Sadness,nhẹ nhàng bay lên và hạ cánh thất bại do lổi kỹ thuật,53,13,buồn
Disgust,per cái đó là ngu chứ thik đéo gì,33,9,khó chịu
Sadness,lại thêm một con ngáo bất hạnh,30,7,buồn
Disgust,"tuổi thơ của tôi toàn gặp những thằng nhỏn mỏ lên chửi nhau , xách giày dí nhau chạy .",86,20,khó chịu
Other,sao mày không nghĩ lại thêm 1 thừng bị noá xẻ thịt 🤪🤪🤪,54,13,khác
Sadness,chỉ biết xem và ngậm ngùi lướt qua,34,8,buồn
Sadness,thật tình là rất xin lỗi anh ở trog video . hi vọng sẽ gặp đuợc anh để xin lỗi và tạ tội với anh . thật ra hộp quà trong video là của con lol per với người yêu nó tặng nhau dịp sinh nhật . híccc,194,48,buồn
Enjoyment,hihi lâu lắm rùi mới thấy nó,28,7,vui vẻ
Other,chắc gái xấu :p,15,4,khác
Disgust,"nếu chấp hành nghiêm chỉnh luật giao thông ai phạt mình được nhỉ . cũng giống như đi học không thuộc bài giáo viên cho 0 ₫ là phải rồi . tất cả là do ý thức con người , đừng đỗ lỗi cho ai . 😑😑",192,47,khó chịu
Enjoyment,mình trả phòng là chăn ga gấp gọn gàng . đồ đạc hẳn hoi trả người ta . dù sao mình cũng như người ta bẩn dọn mãi không sạch ai chẳng điên,137,33,vui vẻ
Other,quan trọng phải là thần thái,28,6,khác
Enjoyment,giọng lại còn ấm nữa chứ ♥️,27,7,vui vẻ
Disgust,ích kỷ . cứ đường trước cửa là của nhà mình ah mà ra đuổi người ta,66,17,khó chịu
Disgust,thằng kia lắm lông quá nha :)),30,7,khó chịu
Anger,per anh ơi mua đập 1 phát vào mặt tụi chê mình đi anh,53,14,giận dữ
Sadness,gần nhà tao lại chẳng còn sót lại anh nào huhu,46,11,buồn
Fear,khi tắt đi mới thấy ngạt thở .,30,8,sợ hãi
Enjoyment,ra sông mò đồng xu cùng ông anh hàng xóm được khoản kếch xù :))),64,15,vui vẻ
Disgust,tưởng khoe người yêu,20,4,khó chịu
Other,quán tao vỡ sụp xuống hơn mưa,29,7,khác
Sadness,bộ phim đầu tiên làm tao khóc thành tiếng,41,9,buồn
Fear,"hồi xưa vào trông nhà cho ông bà , thuê đĩa võ thuật này xem cho mạnh mé đỡ sợ mà thuê ngay đĩa này . ám ảnh quả nhạc tao tao téo vãi",133,34,sợ hãi
Sadness,ừ thì là chuyện cổ tích . cháu đang đi đường thẳng gặp mấy chú thì phải rẽ ngang . 😢😢,85,21,buồn
Anger,heo vàng cái lol . toàn bịp nhau . má nó gắp heo vàng 20 lần trúng mà nó toàn được tặng 6sms miễn phí rồi thì thêm 1 lượt gắp,125,31,giận dữ
Disgust,quả cr7 mà kill đéo gì nhỉ,26,7,khó chịu
Disgust,cay cái ông chụp ảnh chụp góc nào cho ông ý bớt khổ đi được không,65,16,khó chịu
Anger,nhà nào nuôi nó mà ác thế,25,7,giận dữ
Sadness,mỗi lần quyết tâm bỏ mà lại thấy cười . đm đời,46,12,buồn
Disgust,con này tuổi gì với con nhái với con thằn lằn :))) per,54,13,khó chịu
Surprise,wtf nắng rồi mà @@,18,5,ngạc nhiên
Disgust,cái tội sờ mông người ta ??,27,7,khó chịu
Sadness,nhưng nó sẽ to và rộng ra :(,28,8,buồn
Disgust,tao đéo thấy nó hay trỗ lào mà bọn nó cuồng vãi,47,12,khó chịu
Enjoyment,ny tao đbh dỗi . chọc kiểu gì cũng không dỗi . đáng yêu vãi 😂,61,16,vui vẻ
Enjoyment,không phải thích của cải mà là thích ý chí của họ . đàn ông có chí tiến thủ bao giờ cũng quyến rũ,97,24,vui vẻ
Other,ước mơ là không cần học cũng giỏi,33,8,khác
Sadness,""" học từ bỏ những thứ trời không cho "" nói thì dễ nhưng nhiều lúc quyết tâm lắm vẫn không làm được .. 😢😢😢",105,25,buồn
Other,"quê tao mà , tao nhìn 1 cái là biết ngay",40,11,khác
Fear,từ lúc đấy tao không ăn được các loại thịt ngan - ngỗng - vịt lun 😞 ám ảnh vãi,78,20,sợ hãi
Other,per ai củng đi mà đem về như tao thì không cần phải có công nhân vệ sinh rồi,76,19,khác
Disgust,gớm quá . nhớ lại lúc còn đạp xe đi học cán qua mấy lũ nay kêu bốp bốp rợn hêt cả da gà da vịt 🤢🤢🤢🤢,99,27,khó chịu
Sadness,cũng muốn vứt giày cũ nhưng lại không có tiền mua giày mới . đành chấp nhận đau chân vậy,88,20,buồn
Fear,"mong là bố mẹ mình không đọc được tin này , sợ vãi",50,13,sợ hãi
Fear,sợ vãi,6,2,sợ hãi
Enjoyment,đi cho vui chứ chả mua sắm gì :)))) người every where,53,12,vui vẻ
Sadness,"thà biết rồi đau 1 lần cho tởn rồi thôi , chứ đừng để nỗi đau cứ day dẳn giằng xé mãi cả đời ☻",94,25,buồn
Anger,còn không ngồi xuống dọn phụ em nó mà ngồi bấm điện thoại,57,13,giận dữ
Enjoyment,"t nghe nói : đi tập gym sẽ có người yêu ...! awwww . điều đó không sai , điều đó là có thật 😂😂😂",95,25,vui vẻ
Enjoyment,"per 2 con hay cap màn hình nhất thế giới , nói chuyện với nhau toàn cười ỉ 🙄🙄🙄",78,19,vui vẻ
Other,thực tế thì con gái sẽ gục ngã trước một người đàn ô hài hước hơn là điển trai,78,19,khác
Sadness,gáy sớm để làm gì cơ chứ haizz,30,8,buồn
Surprise,vậy bỏ tiền mua cái máy tính đó để chi ta ???,45,12,ngạc nhiên
Enjoyment,đẻ sao mà cu con đẹp quá vậy trời 😍,35,10,vui vẻ
Other,có bao giờ con sóng không xô vào bờ đâu em ....,47,12,khác
Enjoyment,húp trọn sàn nhà 😁😁😁,20,5,vui vẻ
Fear,nguy hiểm lắm,13,3,sợ hãi
Sadness,nhanh ghê mới đó đã 9 năm rồi 😢,31,9,buồn
Disgust,thế mà cô yến bị phạt có 5 triệu :v,35,10,khó chịu
Other,đó là động lực chứ không phải để đem ra so sánh ..,50,13,khác
Fear,"hòi nhỏ nhà ngoại bị rượt muốn chết , sợ tới giờ 😭😭",51,13,sợ hãi
Enjoyment,à thì ra là như v =)))),23,7,vui vẻ
Enjoyment,"muốn hun , muốn ngắt , muốn nhéo , muốn tán vào cái mặt nó ghê , yêu vãi ??????",79,20,vui vẻ
Disgust,con mèo đúng là cái đồ đáng ghét,32,8,khó chịu
Enjoyment,giờ tao mới nhớ tao đã từng :)),31,8,vui vẻ
Sadness,per chị rep khách hàng thế ấy hả 😞 bị bóc phốt rồi,50,13,buồn
Other,tao mà nhậu xong đi cái đường này xác định,42,10,khác
Sadness,cũng tên quỳnh nhưng 2 số phận thật khác nhau 😢( chỉ mong được 1 góc nhỏ xiu xíu của b ),88,22,buồn
Other,quan trọng là họ quảng cáo nói có đúng không . hay là được ít năm hỏng thì mệt,78,19,khác
Enjoyment,cũng may tao là một con đàn ông :)),35,9,vui vẻ
Enjoyment,các anh chị hãy nói với em đó chỉ là diễn xuất mà thôi . và tình yêu như vậy chỉ có trong tiểu thuyết mà thôi .,111,28,vui vẻ
Disgust,đó là đối với mấy đứa hay ảo tưởng mới nghĩ vậy thôi,52,13,khó chịu
Other,"khi theo đuổi sự ưu tú , sự thành công sẽ theo đuổi bạn",55,14,khác
Surprise,vài chục năm trôi qua mà vẫn chưa đủ tiền mua cái xe máy à,58,15,ngạc nhiên
Other,cái gì cũng có 2 mặt của nó . làm việc phải nghe bằng 2 tai,59,16,khác
Other,vại mà có nhiều người quan niệm quá sai lầm về việc có bạn là con trai .,72,18,khác
Other,làm sao bằng chạy xe ôm với bán chổi được ..... nên đừng nói chuyện đến lương .,79,18,khác
Sadness,"như đi hiến máu chẳng hạn :3 , suýt thì được gặp :(",51,13,buồn
Disgust,per lại nhặng lên à . cảm thấy trong sạch thì cần gì nhặng lên thế,66,16,khó chịu
Disgust,vui chơi không an toàn gì cả,28,7,khó chịu
Enjoyment,rất ghét phim ấn nhưng phải nói phim này hay 👍,46,11,vui vẻ
Sadness,haiz nuôi được nuôi không thì thôi chứ nuôi mà để v coi được haizz,66,15,buồn
Disgust,nó quan tâm mày vì nó muốn mua chuộc mày để tán con bạn thân của mày,68,17,khó chịu
Sadness,per eo ôi làm nhớ hồi nhỏ đi học mẫu giáo quá :))),50,13,buồn
Other,per :v tại nhiều nơi đổ về nên đông lại càng đông . biết lối tắt thì còn đỡ chứ không thì mệt lắm,97,24,khác
Fear,per sợ ghê bây .,16,5,sợ hãi
Sadness,đây chính là lý do tao giảm cân toàn thất bại,45,11,buồn
Other,tao đi quài vẫn chưa gặp nhỉ 🙃,30,8,khác
Disgust,rốt cuộc thằng bé này ở đâu xuất hiện mà có ảnh chế nhiều vậy,61,15,khó chịu
Enjoyment,đáng yêu quá mức,16,4,vui vẻ
Disgust,cô ngu như lợn 😒😒😒,18,5,khó chịu
Disgust,rốt cục mạnh quá nên nghĩ võ cũng chỉ tăng thêm độ ngầu thôi :))) chủ yếu đối với sai chỉ là một pha sử lý cồng kền :)),119,29,khó chịu
Enjoyment,chỉ 1 vãi nhỏ th mà niềm vui quá lớn < 3 ^^,43,13,vui vẻ
Enjoyment,cũng may là hết thời đi học rồi .. không lại từ “ con nhà người ta ” nó lại được nhắc liên tục trog bữa ăn hàng ngày 😅,118,30,vui vẻ
Disgust,"chứ sao nữa , làm gì có chuyện người ta đỗ đúng mà lại gây tắc đường . chỉ có những người mắt hay bị ngứa cho rằng sẽ gây tắc đường thôi ạ",138,34,khó chịu
Sadness,còn các bạn đặt bánh của mình toàn gửi cho người yêu . chắc câu chuyện này còn buồn hơn :((,91,21,buồn
Enjoyment,tin vui cho bà con nông dân chuân bi vào ngày gặt lúa sắp tới,61,15,vui vẻ
Enjoyment,em hết ngáo rồi nha =))),24,6,vui vẻ
Sadness,"mình sợ nhất đến bữa ăn mà bố mình vác cái thớt vào mâm cơm , bố mình biết mình sợ vậy nên mọi chiện giải quyết sau khi ăn cơm xong ,",133,33,buồn
Sadness,khuôn mặt đáng thương,21,4,buồn
Disgust,"cái loại lười lao động , vì những người hay lao động tay chân thì họ không bao giờ nuôi được móng tay cả ...",108,25,khó chịu
Other,per mày có bao giờ đi à :> tao cũng đéo,39,11,khác
Other,chụp rồi có mua giúp ông không ?,32,8,khác
Other,cái gì nó cũng phải thực tế,27,7,khác
Sadness,đang trong lớp mà ứa nước mắt,29,7,buồn
Disgust,"lái tàu quá kém không dừng khẩn cấp . để va chạm thế mà vẫn cố tình chạy , khổ thân chiếc xe ôtô",96,24,khó chịu
Enjoyment,kha ́ thông minh :)))),22,5,vui vẻ
Disgust,nó mà có con khác rồi giận lại nó cho cút luôn lại bảo sao ngu :)),66,17,khó chịu
Enjoyment,a cứ đưa hết lương đây cho em :))) em sẽ cho anh tiền rửa bát,61,16,vui vẻ
Fear,"ám ảnh vãi :)) hồi bé tao với chị tao trên đường đi học về thấy có mấy con ngỗng , thấy hay ra nhìn thử dume xong nó dí tao với chị tao về gần nhà :)))",151,38,sợ hãi
Other,cắt tóc đi còn đen hơn,22,6,khác
Anger,chụy hiền quá mòa ... sao chọc chị điên vậy ... đụ má tụi bây ..,64,16,giận dữ
Disgust,"mẹ chưa hnao đi làm về sợ vãi như hôm nay 😑 chớp cứ nhằng nhằng 2 bên đường với trước mặt , kinh vãi",100,25,khó chịu
Disgust,"thân hình của con người , nhưng đầu óc là con cặc , nên đéo biết nói gì thành phần này",86,21,khó chịu
Other,"nghe được đó , ảnh hưởng tới môi trường là phải cấm",51,12,khác
Sadness,không lau sạch về bà chủ mắng thì sao . nhiều người họ kinh lắm . trước mẹ minh đi làm cho nhà 5 tầng . họ chỉ ở 3 tầng còn 2 tầng bỏ không . mà ngày nào cũng phải lau hết,171,44,buồn
Disgust,cô ấy bảo : đời như lol 🙂,25,8,khó chịu
Enjoyment,cảm ơn mày đã khai phá cho tao thêm một nét văn hoá đẹp :)),59,15,vui vẻ
Enjoyment,best gái ngành hôm nay đắt hàng,31,7,vui vẻ
Sadness,đã gặp được em đúng lúc . nhưng lại không phải thời điểm em muốn ....,69,16,buồn
Anger,thằng khốn nạn,14,3,giận dữ
Enjoyment,cám ơn mấy chế nhiều nhiều nhé 😗,32,8,vui vẻ
Disgust,ăn ở như nào mà tới bị con ngáo nó lùa ? =))))),47,13,khó chịu
Disgust,"chúng nó xạo lol vậy thôi chứ lên đại học chúng nó dập nhau như gà , đấy là tao nghe bọn nó nói thế chứ có học đại học đéo đâu mà biết 😕",136,35,khó chịu
Other,per nhớ quá trời nhớ luôn nè,28,7,khác
Enjoyment,per hãy cứ vững tâm tập điều độ rồi sẽ có thôi,46,12,vui vẻ
Disgust,nửa đêm rồi đứng hò hét vậy mà không bị chửi là sao ta,54,14,khó chịu
Disgust,hỏng cả một thế hệ 😔,20,6,khó chịu
Other,1 nỗ lực lớn thay đổi valentine ... sang năm tao mắc võng .,59,14,khác
Enjoyment,thôi chết haha ...,18,4,vui vẻ
Enjoyment,per tìm ông bán xoài này ngay cho em 😂😂😂,40,10,vui vẻ
Enjoyment,cưng quá,8,2,vui vẻ
Other,em nó phượt theo gái cả đêm,27,7,khác
Anger,đéo liên quan nhưng đéo mày bữa nay tao đéo đi ỉa vì con củ lol này :),70,18,giận dữ
Enjoyment,nhìn ghiền 😘,12,3,vui vẻ
Disgust,đi đường ghét nhất bọn loi choi kiểu này . gặp ngay bác vô lăng cứng tỳ cho phát thế là nhớ đời thằng loi choi .,112,27,khó chịu
Sadness,"tuổi thơ tao gặp toàn trai bánh bều , mít ướt . toàn là tao galang , dỗ dành . ôi cái cuộc đời này per",102,26,buồn
Other,mấy thanh niên đi xong về có yêu nhau không nhỉ ?,49,12,khác
Enjoyment,nhớ lần nấu cơm thần thánh này không ? per chỉ là mải nghịch nước thôi mà …,75,18,vui vẻ
Sadness,mình sống không đủ tốt hay sao mà vẫn chưa gặp được anh người yêu tốt như này,77,18,buồn
Sadness,đúng là càng ngày càng chán . cứ theo luật mà làm thì chán cực kỳ luôn,70,17,buồn
Other,"5 năm thì có vẻ hơi sớm 🤣, tao chỉ ước sau này có người thích được phiêu du như gia đình người ta thôi 😌",104,26,khác
Other,liệu có bền lâu,15,4,khác
Sadness,tại vì anh trót nói lời thương em mà em không đáp lại,53,13,buồn
Sadness,thì đúng là sẽ không buồn vì thất tình nữa :((,46,11,buồn
Other,per ở quê ve sầu kêu chưa chúng mày,35,9,khác
Sadness,một sinh vật xinh đẹp và hiền lành . tiếc cho nó quá,52,13,buồn
Sadness,đi học về thấy bán hoa đây đường mà cảm thấy tội cho bọn có gấu ... lại tốn tiền,80,20,buồn
Anger,súc vật dume,12,3,giận dữ
Other,per thử cảm giác mạnh,21,5,khác
Anger,chửi thì chửi . mà cái giọng của anh dọn phòng nghe trổi tai thật .,67,16,giận dữ
Enjoyment,cụ bà đẹp lão quá cậu,21,6,vui vẻ
Other,per có quẹo vào không em,24,6,khác
Surprise,sao nó tìm được nhỉ 🤔,21,6,ngạc nhiên
Enjoyment,"đúng mất vài giay để nói lời yêu thương , nhưng phải mất cả đời mới chứng minh được , cháu rất ngưỡng mộ ông bà !",113,27,vui vẻ
Enjoyment,nó mà nhập viện thì xong đời tao . n 😂😂,39,11,vui vẻ
Disgust,xem qua là biết diễn sâu rồi . bên ngoài chắc lao mẹ vào đánh nhau rồi chứ còn lâu mới rảnh háng chửi nthe,106,25,khó chịu
Disgust,cái cây gia công sản xuất kém chất lượng quá :)),48,11,khó chịu
Other,per chỉ một lần thôi 😂,22,6,khác
Enjoyment,nhanh lẹ hiệu quả cao 😂😂,24,6,vui vẻ
Other,đây là cảnh dọn dẹp trong bar hay trong hotel vậy ?,51,12,khác
Sadness,per huhu nhất là mấy bài không cho chất thử á :(,48,12,buồn
Other,"trai xinh gái đẹp thời đó , nhìn cái xe là biết giáo dục có điều kiện rồi",73,18,khác
Sadness,"mình nghĩ sẽ không bao giờ là một thương hiệu quốc gia , là khát vọng về cà phê vn nữa ...",90,22,buồn
Anger,"1 cái mồm phải nhét vào não 40 đứa gần như thiểu năng cũng đủ chết rồi . nếu tôi là cô ấy , tôi tát cho không trượt phát nào",124,31,giận dữ
Enjoyment,đến gần đoạn cuối tao tắt âm xong vào xem bình luận rồi mới tua xem lại để minvolum . iq + vô cực chuẩn mẹ rồi,110,27,vui vẻ
Disgust,thanh niên này cục súc vãi,26,6,khó chịu
Disgust,thấy gớm,8,2,khó chịu
Disgust,dume cứ chê đi đến lúc bố dậy thì lại mất công trầm trồ !!!,59,15,khó chịu
Anger,ăn cút mẹ mày ra chỗ khác ăn nhé .,34,10,giận dữ
Enjoyment,sau khi đọc bài của mày tao cười nhiều quá và gãy mẹ hàm cái à,62,16,vui vẻ
Enjoyment,nhìn hình chế là tao vui lắm :)),32,8,vui vẻ
Disgust,cái mặt thấy ghét,17,4,khó chịu
Other,per bao giờ mày mới được nv nhỉ,31,8,khác
Sadness,em xin lỗi anh,14,4,buồn
Fear,"con này còn hại hơn cả ốc bươu vàng . cấm nhanh còn kịp , để nó ra ngoài thì chỉ có người nông dân thiệt thôi",109,27,sợ hãi
Enjoyment,thú vui đặc biệt vãi :v .,25,7,vui vẻ
Fear,tao biết là có ý tốt gởi thông điệp ý nghĩa nhưng nhìn cứ sợ sợ lại còn sấm chớp :<,83,21,sợ hãi
Disgust,t ghét cả họ nhà nó 🙂,21,7,khó chịu
Other,huhu nó bị điên à ?,19,6,khác
Other,phải công nhận nước ngoài cái gì cũng to :),43,10,khác
Sadness,sư phụ giả vờ ngã để thử lòng các đồ đệ và cái kết ngã sấp mặt luôn 😢,69,19,buồn
Disgust,một lũ óc không bằng chó .,26,7,khó chịu
Enjoyment,5 năm nữa tao phải đẻ được 3 đứa 😂😂😂,36,10,vui vẻ
Surprise,per lật kèo luôn à ??,21,6,ngạc nhiên
Other,thanh niên quá cứng,19,4,khác
Sadness,lùn lùn làm sao sống qua nổi những chuyến đi phiêu lưu như vậy,62,14,buồn
Sadness,chân tao không đu ̉ da ̀ i đi ̉ đi con đươ ̀ người na ̀ y :((((,63,19,buồn
Sadness,có lúc ngồi một mình mà cảm thấy lạc lõng lắm các cậu ak,56,14,buồn
Anger,phải cho mấy con sán lợn này vào đĩa rồi mời mấy ông bà đấy ăn xem mấy ông bà đấy thế nào .,91,24,giận dữ
Enjoyment,mùa hè không nóng đây rồi,25,6,vui vẻ
Anger,lũ này chặt tay bọn nó cho khỏi trộm cắp 😠,42,11,giận dữ
Other,bắt trước chuyện tềnh trong thang máy cơ mà cái này kết có hậu :),65,15,khác
Disgust,vl ! người ngoài hành tinh biết nói tiếng anh ! bọn mày lú hết rồi à ? cái quần què gì cũng tin được !,102,26,khó chịu
Enjoyment,má nó thú dị thôi rồi 😂😂😂,25,7,vui vẻ
Sadness,crush bị thịt hay không không quan trọng . t chỉ sợ vợ tao đang bị thg nào đó gạ địt thôi . nghĩ mà buồn,104,26,buồn
Other,mấy đứa bị bón thích cái này,28,7,khác
Anger,thằng lol nào trong miệng thế,29,6,giận dữ
Sadness,per đau hơn chia tay người yêu nữa,34,8,buồn
Enjoyment,tôi đã đúng khi đọc bình luận thay vì đọc bài :),48,12,vui vẻ
Other,hóng kỉ lục để lông mũi dài tới bụng :)),40,10,khác
Disgust,đánh rơi liêm sỉ trong 1 nốt nhạc,33,8,khó chịu
Disgust,chuẩn ..! dm mang tiếng được trung ương mà toàn lũ ghen ăn tức ở_xểnh tí là hại nhau ngay ..! làm vất vả tiền chả thấy đâu ..!=)))))),133,29,khó chịu
Surprise,nước ngoài cái gì cũng to kể cả sinh vật,40,10,ngạc nhiên
Surprise,ôi tao đã tìm được người cùng hành tinh ?,41,10,ngạc nhiên
Enjoyment,câu nói quá chuẩn và ý nghĩa 👍,30,8,vui vẻ
Enjoyment,cảm ơn đoi tình nguyện viên nhớ có các bạn mà người dân bớt vất vả hơn,70,17,vui vẻ
Disgust,"từ cái thời mới bắt về bé tí . suốt ngày bị lũ gà mái bắt nạt run rẩy trong góc . mình thấy tội nghiệp nên săn sóc từng tí 1 , lại bảo kê cho nó khỏi lũ gà . thế mà dume lúc lớn lúc đéo nào cũng kêu như giết heo , đuổi đánh lũ gà chạy tán loạn , đè chết cả mấy con gà . đã thế thì thôi lúc vào cho nó ăn nó dí cho thì thôi rồi . vừa dí vừa mổ , hồi đấy nuôi ngỗng mơ cũg thấy ác mộng bị nó đuổi mổ . tóm lại vừa vô ơn vừa đéo dễ thương tí nào cả",445,118,khó chịu
Sadness,lụm điều cho ba má . 2 ngàn 1 ngày bỏ heo đất . thằng hàng xóm vô trộm mất . khóc lóc mấy ngày .,96,26,buồn
Enjoyment,cỡ nào anh cũng có thể chịu đựng được vì anh yêu em,51,13,vui vẻ
Enjoyment,người ta kê bàn ghế ra chả nhẽ lại vẫn nằm đất để nhìn mông người khác ngồi :))) pha xử lý rất cao tayyy,104,25,vui vẻ
Sadness,"những việc này , mang lên đây chả giải quyết được gì cả .",57,14,buồn
Sadness,đến ngày sinh nhật mà còn không nhớ thì còn nói gì nũa,54,13,buồn
Enjoyment,1967 mà cụ ông đẹp trai phong độ ăn mặc thời trang quá :)),58,14,vui vẻ
Other,của thằng kia mà,16,4,khác
Sadness,"chắc tại từ nhỏ tới lớn mình "" man "" quá nên không gặp được gã nào ga lăng dư này :(",84,22,buồn
Disgust,bảo thẳng luôn dân việt nam nghèo còn bày đặt . không biết quý đồ ăn là gì . nói thì lại tự ái quay ra đôi co .,111,29,khó chịu
Anger,douma đứng trong nhà cũng không yên cái thân,44,9,giận dữ
Sadness,hổng gặp cái buồn luôn ><,25,6,buồn
Sadness,thế nên bán hàng có tâm là đừng bao giờ nài nỉ khách mua thêm vì biết đâu bạn vô tình làm cho nỗi đau của họ trở nên tồi tệ hơn .,129,33,buồn
Enjoyment,tao nhớ không nhầm hôm nay nó đến tháng vậy là sẽ không bị đâu nhỉ,66,16,vui vẻ
Other,năm đó mà có được chiếc xe kia thì cũng không phải dạng vừa rồi 👍,65,16,khác
Disgust,"per em ơi , tính ra nhớ đợt mình đi dạo trên cầu per mấy ông đó vứt xuống sông ít ra còn có não hơn mấy đứa vụ này",114,30,khó chịu
Sadness,nhìn hói mà thấy thương gê ??,29,7,buồn
Other,ngta lở ăn vụn tha đi lúc đầu thấy êm re tội quá chừng lúc sau tức nước vở bờ 😂😂😂,81,21,khác
Enjoyment,per nhất định chị em mê tín mình p đi xem phim này rồi,54,14,vui vẻ
Sadness,đoạn phim này tốn khá nhiều nước mắt của người xem,50,11,buồn
Surprise,t tưởng móc được mớ vụn ra là hết rồi . ai ngờ còn 2 cục đựu má chà bá,70,20,ngạc nhiên
Other,liệu nó có bay nổi hay không ?.,31,8,khác
Anger,mẹ mày đã đánh mày tan xác chưa . phải tao thì mẹ tao cho nhừ tử luôn rồi ??,76,20,giận dữ
Enjoyment,t mong nó té quá chời :v,24,7,vui vẻ
Disgust,dẫu hiên ngang giữa đất trời . gặp con vợ đểu thì đời cũng xong,63,15,khó chịu
Other,thành phố không nói chứ chỉ 9x trở về mới biết nấu thoii,56,13,khác
Enjoyment,khi bạn bất cần vãi đời ... làm việc xấu mà cảm thấy thanh thản vãi 😁,69,17,vui vẻ
Sadness,tao kìm nén lâu qá rồi mà 😌😌 tức nước vỡ bờ thôi,48,13,buồn
Fear,"tự nhiên nhớ đến hồi bé , đi kiểu nào cũng bị ngỗng rượt chạy té sấp mặt luôn , nhiều khi nghĩ sợ nó dí hơn sợ mẹ đánh",118,30,sợ hãi
Anger,mày cút,7,2,giận dữ
Enjoyment,phim này rất hay .,18,5,vui vẻ
Sadness,đang chán đời cắt tóc xong là chán cái mặt hơn chán đời luôn :((,64,15,buồn
Enjoyment,may quá tao không xài huawei kkk,32,7,vui vẻ
Surprise,ông này có võ thiệt 😁😁,22,6,ngạc nhiên
Enjoyment,"yeahh ! tao giờ đã là khách quen quán trà sữa đó rồi , về nhà cũng phải ráng tạt qua",84,21,vui vẻ
Disgust,ai mà chả sợ rắn chơi ngu như chó vợ nhỉ per,44,12,khó chịu
Other,sớm chút nữa có lẽ đã khác rồi đúng không ?,43,11,khác
Enjoyment,đúng là nhân tài luôn ở khắp mọi nơi kkkk,41,10,vui vẻ
Sadness,bà của tôi đã không còn khi tôi còn chưa biết gg là gì,54,14,buồn
Sadness,"công trình 850 năm tuổi , xây dựng 100 năm mới hoàn thành chỉ còn là đống cháy sắt vụn .",88,21,buồn
Disgust,tao thấy có 1 thằng dân trí thấp trong đám bình luận này rồi đấy,64,15,khó chịu
Sadness,bỏ thế lồn nào được :(,22,6,buồn
Other,đây là đồ của per ??? hỏi nua không,35,9,khác
Enjoyment,per trông em bé yêu vãi :)),27,7,vui vẻ
Other,khó có thể giải thích,21,5,khác
Fear,dù có nói thích mày thì cũng đừng có tin .. xã hội giờ nguy hiểm lắm,68,17,sợ hãi
Other,chắc sổ đỏ có cả vỉa hè và đường :)),36,10,khác
Other,ơ . t chỉ quan tâm sao mày lại mặc quần màu hường hình cô gái thôi ??,69,18,khác
Other,sang năm nữa vác giường ra mà nhìn,34,8,khác
Sadness,câu chuyện lấy đi nước mắt của tao,34,8,buồn
Disgust,"ko ngon thế đâu , không khéo nó lại ỉa cứt toe toét vào mặt í :)))",66,17,khó chịu
Sadness,"chờ mãi mà không thấy , cứ thấy trống vắng vãi :((",50,12,buồn
Sadness,t thấy nó cười hoài mà không bao giờ nó cười với tao cả :((,59,15,buồn
Enjoyment,"per tôn lợp nhà mà đẹo zai thế đấy , lại toàn 6 múi nữa chứ ...",63,17,vui vẻ
Enjoyment,"thời thanh xuân tôi từng yêu quý nét hiền thục của chị hiền mai . và đúng như cái tên hiền mai của chị , tên và tâm tính đều đẹp , hiếu thảo khó ai bằng . em xin chúc bác có thêm nhiều sức khoẻ để chị có được nhg tháng ngày hạnh phúc , ấm áp bên mẹ ạ .",252,63,vui vẻ
Disgust,cái này gọi là ấu trĩ phải không,32,8,khó chịu
Sadness,phải tao tao vứt luôn xe ??,27,7,buồn
Sadness,tưởng mai đi họp phụ huynh mới bị u ám . ai ngờ hôm nay mới biết điểm anh 9 . 5 thôi đã u ám rồi :),99,28,buồn
Enjoyment,ui đáng yêu gheê,16,4,vui vẻ
Enjoyment,sắp được cống hiến cho tổ quốc rồi . vui quá ...,48,12,vui vẻ
Disgust,"cạn lời , mình ngủ để khỏi nhìn 😊😊😊",35,9,khó chịu
Other,loài dê phải gọi ông này bằng cụ,32,8,khác
Other,cho em hỏi phim ra tập mới vào những hôm nào ạ,46,12,khác
Anger,đkm mấy thằng mặt cặc ! gặp bà thì bà lại đá cho thọt con mẹ nó dái lên cổ xem chúng mày có cười mà khoe chiến tích được không . đm lũ chó chết không riềng 😡😡,158,39,giận dữ
Anger,nghe tên vietcombank là bao nhiêu quá khứ bực mình ùa về,56,12,giận dữ
Enjoyment,mạnh vỗ tay 👏,13,4,vui vẻ
Other,thu thập mọi thông tin về đối tượng .. luôn đặt trái tim vào trạng thái .. chiến đấu 😖,86,20,khác
Sadness,2 thế kỷ mới xây được vậy mà chỉ trong 63 phút tiêu tan hết :(,62,16,buồn
Sadness,đọc xong tao muốn khóc luôn,27,6,buồn
Enjoyment,thương vlll,11,2,vui vẻ
Disgust,"xốp dọn không sạch nổi , quản lý người ta lại nói nv làm vệ sinh bẩn không kĩ lưỡng này nọ rồi lại trừ tác phong , các bạn ý thức chút",134,33,khó chịu
Surprise,não bọn này nhiều nếp nhăn đấy,30,7,ngạc nhiên
Other,tăng sáng lên nhìn cho rõ mặt chứ,33,8,khác
Enjoyment,"gặp chị này ngoài đời rồi , giọng nhẹ mà hiền lắm nuôn ❤",56,14,vui vẻ
Disgust,"vailon :)) học sinh cơ , dume nó",32,8,khó chịu
Sadness,nta vẩy tay mấy cái cũng ra tranh còn tao thì 😪,47,12,buồn
Other,cẩn thận các góc cửa,20,5,khác
Disgust,bình luận gì ông này diễn trò ngày nào đi qua khoảng hơn bốn giờ chiều là gặp,77,18,khó chịu
Fear,"tại như vầy nên bố tao không cho đi cùng . cụ bảo có năm còn lăn cả xuống ruộng , trèo lên mái nhà của người ta để đi ??",120,31,sợ hãi
Other,:))) mặt ngáo vậy mà còn lạ lẫm gì,34,9,khác
Anger,lừa đảo số tiền lớn như vậy thì khởi tối cả lũ chúng nó chứ,59,15,giận dữ
Other,nhưng tối qua nhà tao có mưa đâu,32,8,khác
Sadness,tới lúc chia tay rồi khóc :(,28,7,buồn
Other,chọn thằng nào có tương lai hơn . tức có bố mẹ giàu hơn,55,14,khác
Fear,dm ông cầm cam cho cẩn thận vào tôi cũng muốn ngã mẹ nó rồi này,63,16,sợ hãi
Enjoyment,tuổi trẻ tài cao =))),21,5,vui vẻ
Sadness,per giờ thằng gù nhà thờ chạy đi đâu đây :(,43,11,buồn
Other,nồi cơm điện chứ gì .,21,6,khác
Sadness,những người em thích đều đi nơi đâu rồi còn con ml bên cạnh song hành,69,16,buồn
Disgust,cái này giả thui nhé . 1 tài liệu mật của nasa mà cái kênh cùi này có được à 😂,78,21,khó chịu
Disgust,ghét nhất kiểu tôi quen ông này quen bà kia . nhìu cha có cái nón bảo hiểm không đòi được bị bắt cái gọi điện thoại nhờ người quen . có bạn kiểu đó phiền quá,157,37,khó chịu
Anger,giết chết lũ khốn và cái ô che cho chúng .,42,11,giận dữ
Sadness,"công ăn việc làm còn chưa ổn định , bố mẹ già còn chưa lo được thì kết hôn để làm gì 😪",86,23,buồn
Anger,nên cho người xử sai ngồi tù như người ta xem sao ....,54,13,giận dữ
Sadness,tận cùng của tan vỡ,19,5,buồn
Other,người yêu có thể có nhiều nhưng mạng sống chỉ có 1 chế nhể ?,60,15,khác
Enjoyment,"nhà tao bên cạnh phòng tập gym , lúc trước bán dụng cụ thể thao ế vãi ra , nợ nần chồng chất ! từ ngày chuyển sang làm đại lý dầu ăn , gia đình tao phất lên trông thấy !😂😂",171,42,vui vẻ
Enjoyment,per đúng rồi mình đây =)),25,6,vui vẻ
Other,sao đúng bài mày kết vậy 🙁🙁🙁,28,7,khác
Disgust,tình yêu con nít cọ đít vào nhau ....,37,9,khó chịu
Anger,thế thì bắt con phụ nữ chứ bắt gì thằng đâm . con đấy mới là nguồn của vụ án,76,20,giận dữ
Sadness,tao còn độc thân này :((,24,6,buồn
Disgust,ngộ không phiên bản lỗi 😆😆,26,6,khó chịu
Sadness,per mới bắt đầu tuần thánh mà chúa ơii,38,9,buồn
Sadness,buồn vương mi !!!,17,4,buồn
Enjoyment,đăng khoa lê lò dầu của mẹ nè anh 😘😘😘,37,10,vui vẻ
Disgust,đm chưa thấy thằng nào ngu như thằng này :))) bị ngáo cần :)),61,14,khó chịu
Disgust,nát xe lại còn phải đền cho cánh cửa toa tàu nữa . dốt thì chết,63,16,khó chịu
Enjoyment,không biết crush có thích uống nước mắm không để còn tặng nàng chai nam ngư 900ml :)),85,18,vui vẻ
Disgust,"văn minh quá , đường trong sổ đỏ người ta mà !",46,12,khó chịu
Other,lại nhuộm vàng súng ống rồi,27,6,khác
Other,xuống đi nó không cắn đâu,25,6,khác
Sadness,gia đình có nhưng tình yêu không thì sao,40,9,buồn
Surprise,chúng mày giờ mới biết điều này ah ? =)))),42,10,ngạc nhiên
Anger,t cũn gặp 1 ca như vậy mà chúng nó còn chơi chét bánh kem cơ . bước vào nhìn cái phòng mà muốn quăng chổi vào mặt tụi nó,120,30,giận dữ
Disgust,"tí tuổi đã hói , chắc kiếp trước ăn ở không ra gì đây",53,14,khó chịu
Anger,thì con đỉ mẹ mày ghi nhanh vào .,33,9,giận dữ
Enjoyment,"miễn sao có tiền ăn bánh trung thu , mua lồng đèn , đi du lịch =))))",68,17,vui vẻ
Sadness,vẫn ế bền vững,14,4,buồn
Disgust,per hẳn là hôm đi chợ bông chắc sẽ có nhìu đứa gét . 🤣🤣🤣,56,15,khó chịu
Enjoyment,thích thật,10,2,vui vẻ
Sadness,xong bỗng nhiên một ngày mất hút không để lại 1 hạt bụi,55,13,buồn
Enjoyment,tê tê phê phê sung sướng vãi 😌,30,8,vui vẻ
Other,bạn này sau này sẽ khó bước qua cái bóng của vai diễn này 🙂,59,15,khác
Other,"bác nói v thì tôi cũng xin thua , có tranh luận cũng không như không",68,16,khác
Enjoyment,lại được làm thêm quả nhà nữa . ngon,36,9,vui vẻ
Enjoyment,tuổi thơ tao dùng n để nướng thằn lằn 😂😂,40,10,vui vẻ
Disgust,lead mới vô nghề còn non thì tuổi lol gì chống lại lead lâu năm,63,15,khó chịu
Fear,sợ nhất con quỷ này trên đời,28,7,sợ hãi
Other,con cái nhà ai mà bố mẹ chăm cho đẫy đà ngon ngọt thế,53,14,khác
Other,per nè chị,10,3,khác
Enjoyment,đang bo cuối mà lạ có vị trí đẹp thì đúng là tuyệt vời :))),59,15,vui vẻ
Other,cái này là cái gì thế .,23,7,khác
Anger,loz chúng nó là 1 đội . chứ dám chêu người lạ . dm bố mày sút không trượt phát lào,82,21,giận dữ
Sadness,"đã từng nhưng 10 năm về trước cơ , buồn ghê",43,11,buồn
Other,chỉ có trong truyền thuyết . mà khái niệm truyền thuyết trong ngữ văn lớp 6 là không có thật,92,20,khác
Anger,nói mẹ ngoài đời,16,4,giận dữ
Enjoyment,ở đâu cũng có người tốt nè anh kkkk,35,9,vui vẻ
Sadness,buồn cho 1 đất nước .,21,6,buồn
Sadness,nghĩ mà buồn vãi =)),20,5,buồn
Enjoyment,hello đồng nghiệp ;)))) không biết nghiệp gì thôi haha,54,10,vui vẻ
Enjoyment,"tuyệt với , ước mơ hồi nhỏ của tôi đã được cậu bé này thực hiện",63,16,vui vẻ
Surprise,sao mà mặt boss có thể gian đến thế nhỉ,39,10,ngạc nhiên
Anger,giận con mẹ mày nữa chứ giận :),31,8,giận dữ
Other,âu kề ... anh per đã béo từ khi lấy vợ và giống như tất cả các chàng troai khác :))),84,21,khác
Other,chơi ngu lỡ người ta té chấn thương đập đầu rồi ai nuôi 😐😐😐 ở vn nó xúm lại đánh hội đồng ôm đầu mà khóc 😅😅😅,108,27,khác
Disgust,kinh dị,7,2,khó chịu
Disgust,"cũng được nhưng cuối video nhai nhỏ tiếng hơn thì tốt . :""(",59,13,khó chịu
Enjoyment,"kết nó ở cái câu "" đất nước gia lai là một đất nước giàu tài nguyên , có anh per ""😑",83,22,vui vẻ
Enjoyment,per tao không gửi cho mọi người . tao chỉ đăng lên facebook cho thiên hạ biết thôi :))),87,19,vui vẻ
Other,thành công là cách trả thù xã hội ngọt ngào nhất . đừng vì họ nói mà yếu lòng,77,19,khác
Disgust,bởi nói để trung nguyên cho bà thảo thì chắc chắn 100 % với cái bộ óc sáng tạo cùng với sự lãnh đạo tài giỏi và lòng tham hơn người và trí tuệ ngắn hạn sẽ dẫn dắt trung nguyên xuống con mẹ nó giếng luôn .,204,48,khó chịu
Enjoyment,mày khá là may mắn khi không học tiếng huế đấy =)),50,12,vui vẻ
Other,per đi làm công tình yêu cẩn thận ăn uống nhé,45,11,khác
Sadness,có những người đi qua đời bao nhiêu như 1 cơn gió vậy . vô tình nhìn lại . nó lại là quá khứ ...!,97,25,buồn
Sadness,"ngày cuối cùng còn ở lại , bản thân không có bất cứ một cảm xúc gì , trong lòng chỉ độc một mảnh phẳng lặng .",109,27,buồn
Sadness,🙄🙄🙄🙄 tao cũng thích kiểu kể chuyện trước khi đi ngủ . cho đến khi tao ngủ luôn . mà đéo có ai hết . buồn đời,108,27,buồn
Sadness,lúc tối mày cũng nằm mơ nèo nhà mày về . ước gì nó là sự thật 😢,63,18,buồn
Enjoyment,nó lại hợp lí vãi :v,20,6,vui vẻ
Disgust,nuôi kiểu gì mà lắm ve thế kia ?,32,9,khó chịu
Fear,"per bởi , đéo dám tán ai hay tỏ tình",36,10,sợ hãi
Other,coi rồi vẫn muốn coi lại 😚😘,27,7,khác
Other,sao chưa thấy ai tới cứu nhỉ . lỡ xảy ra gì mất điện toàn tỉnh sao .,68,18,khác
Other,bình phước vẫn là cây chủ lực .,31,8,khác
Fear,má hồi xưa về ngoại chơi đi đường bị nguyên đàn yêu nghiệt này dí chạy té đái giờ vẫn sợ bọn nó 😨😨😨,99,24,sợ hãi
Sadness,nhớ gia đình nhỏ nhiều lắm … mà không được về thăm,50,12,buồn
Enjoyment,"có bài hát "" cuộc đời vẫn đẹp sao , tình yêu vẫn đẹp sao """,58,16,vui vẻ
Disgust,per ghét cái kiểu rõ ràng là chuyện của riêng 2 người vậy mà …,62,15,khó chịu
Sadness,nhưng kp cười với mày đâu :) ảo tưởng vãi,41,10,buồn
Sadness,một câu chuyện bi đát :((,25,6,buồn
Disgust,sao ý thức kém thế bao nhiêu tâm sức của bao người mà bỏ phí như thế,68,17,khó chịu
Enjoyment,còn gì hơn lòng dạ đàn bà ... cũng may tao là một con đàn ông :)),65,17,vui vẻ
Disgust,ngu thì chịu,12,3,khó chịu
Sadness,tao cũng ho trật mẹ khớp vai mà đéo phải 1 lần đầu nhé,54,14,buồn
Enjoyment,chỉ cần sống thật với cảm xúc .. với chính con người bạn là hạnh phúc nhất,74,17,vui vẻ
Sadness,tao giận bạn trai tao và 5 ngày rồi nó đéo dỗ tao luôn hix,58,15,buồn
Enjoyment,mày lấy sỏi xếp thành tên dume khôn như tao này .,49,12,vui vẻ
Sadness,chuyện tình huyền thoại của per với per :(,42,9,buồn
Other,per nghe rồi ngủ đi em,22,6,khác
Enjoyment,may là tao dán kính cường lực,29,7,vui vẻ
Anger,"khiếu nại cái gì khi cả bọn nó bao che cho nhau làm lớn thì sợ ảnh hưởng tới bộ giáo dục cho lên chúng sẽ ?,",108,27,giận dữ
Enjoyment,buồn cười vãi ý,15,4,vui vẻ
Other,per thế thì nhà nào bầy hàng họ ra vỉa hè thì mình được đuổi đúng không cụ =))),79,19,khác
Disgust,đm thế giới này toàn nói thật thì công nhận nhạt nhẽo vãi,57,13,khó chịu
Enjoyment,ngày bé tao bị nó dí thế là tao cho nó 1 gậy 🙂 hôm đó tao được ăn thịt ngỗng,76,21,vui vẻ
Sadness,"mất đi một di sản , chứng tích của lịch sử 😓",44,12,buồn
Disgust,ác quá trời ơi,14,4,khó chịu
Fear,thời xưa yêu nhau đến chết vẫn yêu ... thời nay yêu không biết chết lúc nào 🤣 cuộc sống nay đáng sợ lắm 🤪,105,25,sợ hãi
Sadness,thất vọng và áp lực tích tụ hằng ngày với tao,45,11,buồn
Other,cầu mưa ... mà sao không mưa nhỉ,32,8,khác
Disgust,bẩn tính vãi nồi,16,4,khó chịu
Other,a ấy nói đúng vầy vừa nta dọn cũng khổ nta chứ . phục vụ xog lại phải dọn nữa,77,20,khác
Enjoyment,per mày cũng cắt tóc giống thế đi cho đẹp =)))),47,11,vui vẻ
Enjoyment,ý tưởng hay,11,3,vui vẻ
Enjoyment,"lúc cụ bà cầm bông như cô gái 18 lần đầu mới yêuc vậy bà ngạc nhiên và hạnh phúc nhìn sâu lắng , video ngắn nhưng cho người xem si nghỉ mải",139,33,vui vẻ
Enjoyment,per ồ ồ chân chính chạnh lòng rồi 😂,35,9,vui vẻ
Disgust,nói thật chẳng hiểu thế hệ bây giờ nghĩ gì . động tý vào là kêu này nọ . ở nhà ở trường có vấn đề kêu um lên chứ sau này ra ngoài xã hội mà ngu thì nó vả không trượt phát nào chứ ở đó mà kêu . tiên trách kỷ hậu trách nhân,221,57,khó chịu
Disgust,nhiều lúc lắm câu hỏi ngớ ngẩn thật,35,8,khó chịu
Disgust,phạt 5tr thì phạt làm gì ? khác nào tiếp tay truyền bá mê tín dị đoan 😌,71,18,khó chịu
Disgust,con nhà hư hỏng . bỏ cả nhà đi theo zai . bị nó rũ bỏ vì chửa mới mò về . giờ bắt ai gánh nuôi con . con với cái hư quá thể .,125,36,khó chịu
Surprise,ảnh này tao thấy mày đăng mấy lần rồi đó admin,46,11,ngạc nhiên
Enjoyment,"làm ở đâu không quan trọng , quan trọng là chị em mình mỗi ngày gặp nhau 9 tiếng cùng làm cùng ăn cùng ngủ chị ngoc thu hen",123,29,vui vẻ
Sadness,ước gì có ai để tao tag vào .,29,9,buồn
Enjoyment,"per hồi nhỏ bị ngỗng dí riết ám ảnh , giờ mà bị dí chắc cầm cổ quay thấy moẹ nó luôn hehe",89,23,vui vẻ
Other,"vậy đấy , thế nên con gái mới toàn bị lừa =)))",46,12,khác
Other,tao hiểu mà,11,3,khác
Enjoyment,nhiều khi nghĩ mình không phải con gái mà là 1 thằng đàn ông chính hiệu kkkk ....,81,18,vui vẻ
Other,chú lên thay được rồi đấy,25,6,khác
Surprise,"như mình mà trèo lên là bị phóng điện luôn bạn nhỉ , mình cũng không hiểu được sao bọn nó không bị",98,23,ngạc nhiên
Other,chỉ là muốn thôi . chứ chờ đợi không biết thời điểm nào thì cái sự mong muốn đó mới tới,87,21,khác
Disgust,biết giả vẫn phải tạo,21,5,khó chịu
Other,chúng tôi xin lỗi và rút kinh nghiệm,36,8,khác
Enjoyment,chỉ là muốn cạnh mà chỉ có 2 người . nói đủ chuyện trên đời dưới biển rồi đi vào giấc ngủ ngon . vậy thoii,106,26,vui vẻ
Surprise,bộ phim anime đầu tiên mình xem thấy bác hói được buff sức mạnh kinh vkl =))),77,17,ngạc nhiên
Sadness,ấy thế mà đã 6 năm rồi . bây giờ còn không nhớ được những đứa nào đã học cùng mình nữa rồi 😪,92,24,buồn
Disgust,chả bù cho tao thời hoc mẫu giáo thằng nào lộn xộn không vào mắt là tao cho ăn đấm luôn,87,21,khó chịu
Enjoyment,tao là thằng chưa bao giờ giận người yêu vì người yêu tao không bao giờ làm gì có lỗi hết,89,21,vui vẻ
Other,thôi có gì đâu mà cãi,21,6,khác
Anger,phí cái lol mày á,17,5,giận dữ
Disgust,như ốc bươu vàng thì là thảm họa rồi,36,9,khó chịu
Enjoyment,cha mẹ là món quà vô giá mà ơn trên ban cho chúng ta . không gì có thể so sánh thay thế được . và cũng chỉ có một mà thôi ...,125,33,vui vẻ
Disgust,loài người thật đáng sợ,23,5,khó chịu
Sadness,hicc thương em,14,3,buồn
Disgust,khá tàn nhẫn,12,3,khó chịu
Other,êu khiếp chứ thế này chết cả gái lẫn zai thôi,45,11,khác
Sadness,làm đéo gì có ai nói chuyện thân thiết với tao đâu mà,53,13,buồn
Fear,nhện này trong nhà tao chắc tao bỏ nhà đi mất 😱🤯,48,12,sợ hãi
Disgust,"chuyện ăn ốc đổ võ cũng đưa vô văn học =.=""",43,11,khó chịu
Disgust,nó cắn bạo hơn chứ ở đó xạo xạo,31,9,khó chịu
Sadness,chắc hẳn trước kia em bị đối xử tồi tệ lắm nên mới vậy :(,57,15,buồn
Enjoyment,tiếng guitar thật tuyệt,23,4,vui vẻ
Disgust,có mấy con đi quán biết là bọn mày bỏ tiền ra thật đó nhưng làm người thì có văn hóa với ạ ... đcm xả rác đổ tùm lum rồi xé giấy ... nói chung là bọn nó đi cái chỗ đó như kiểu ở ngành luôn ấy ... tưởng bỏ tiền ra là làm cha làm mẹ người ta z đó .... mặt đẹp mà tính ở dơ,270,70,khó chịu
Anger,đm thằng nào đổi gậy như ý của tao rồi,38,10,giận dữ
Sadness,trách ai bây giờ đây huhu,25,6,buồn
Enjoyment,chuẩn không cần chỉnh,21,4,vui vẻ
Enjoyment,cực phẩm luôn kìa,17,4,vui vẻ
Fear,per trailer không có tiếng thôi mà đã thấy ghê rồi đó !,55,13,sợ hãi
Fear,nguy hiểm đến với bao nhiêu bất cứ lúc nào,42,10,sợ hãi
Enjoyment,cái ngành tài chính của mình có chỗ dụng võ tốt rồi đây :)))),61,14,vui vẻ
Sadness,"mình đang thất tình đéo hiểu sao đi cafe còn toàn tận cùng nỗi nhớ , chạm đáy nỗi đau , đừng như thói quen ... dume :)",118,28,buồn
Sadness,chợt nhận ra mình yếu đuối như một đứa con gái vậy 😢,52,13,buồn
Surprise,sao nó mới vậy,14,4,ngạc nhiên
Disgust,"youtuber nhà người ta đấy , làm cho mọi người cười sảng khoái . còn vn thì toàn món ăn không lồ , rồi mấy cái khác người",120,28,khó chịu
Other,điểm thì có hết rồi cần gì quan tâm đề thi nữa,46,12,khác
Anger,"hết thuốc à mấy thằng quằn què , gặp tao thiến cmnl",51,12,giận dữ
Disgust,"chăn lắm lông , bắp tay thì to ôi tuổi thơ của taoooo :33333",60,14,khó chịu
Other,không nên tin bất cứ 1 người nào cả,35,9,khác
Other,ngửi mùi hoa sữa xong chia tay :),33,8,khác
Sadness,ngồi nhiều quá nhìn họ đau mắt,30,7,buồn
Anger,đéo nổi . ngày lol nào đi làm về đã mệt rồi . gặp bà nội ở nhà giận với chả hờn còn hơn khách hàng nữa . đụ mẹ mệt mỏi vcllll,125,33,giận dữ
Enjoyment,thấy cờ rút trên tờ polime là tim rụng rời liền,47,11,vui vẻ
Enjoyment,hôm qua tao cũng xem chục lần :))) bài đếch gì hay vãi :)))))),62,14,vui vẻ
Anger,những trường như thế cho giải tán . cấm tuyển dụng luôn .,57,13,giận dữ
Other,per xem cái này đi tao coi phần 1 rồi này phần 2 tiếp nè,56,15,khác
Disgust,đội cái mũ vào chết đéo ai . không có mũ xong đập đầu xuống đất chết không chết cho lại sống cuộc đời nửa ngáo,110,26,khó chịu
Disgust,"thớt này chụp kém vãi , 1 khung cảnh mà chụp tận 3 bức , 3 in 1",63,18,khó chịu
Sadness,điều hối tiếc nhất cấp 3 là chưa kí lên áo của nhau 😢,53,14,buồn
Sadness,buồn thật ấy,12,3,buồn
Disgust,lũ người nhu nhược :),21,5,khó chịu
Enjoyment,thông minh 😂,12,3,vui vẻ
Anger,"kệ mẹ tao , tao thích nuôi chó thôi okeeee nó đéo bao giờ kêu tao bướng",71,17,giận dữ
Surprise,bên trung về mảng tuyên truyền đỉnh ghê luôn á,46,10,ngạc nhiên
Sadness,e thắc mắc là cố gắng 1 năm mà rủi ro khách hàng hay bên nhà sx dây không cảm động là ăn cám ạ 😌,96,26,buồn
Surprise,có gì đó sai sai ??,19,6,ngạc nhiên
Other,em nghĩ chị em mình cần tìm hiểu quen biết nhau ạ ^^,52,13,khác
Anger,dume đọc bình luận bực giùm chủ thớt :))),41,9,giận dữ
Sadness,gắp đúng lúc nhưng hình như đúng lúc người ta không muốn y ai ???? đó là 1 câu chuyện buồn,90,21,buồn
Fear,t thề với mày là tối thấy cái này chắc đái con mẹ nó ra quần,60,16,sợ hãi
Other,đợi em đủ tuổi anh chờ được không ?,35,9,khác
Disgust,đừng cứ đổ thừa cho ngành đường sất khi có quá nhiều anh não bé .,65,16,khó chịu
Enjoyment,chúng ta nên làm như vậy từ lâu mới phải,40,10,vui vẻ
Anger,đéo hiểu sao có đứa nghĩ là cứ chơi với nhiều trai là bị sờ soạn kiến thức hạn hẹp vãi cậu ạ,92,23,giận dữ
Enjoyment,per muốn coi cái khúc vẩy xong rồi dừng lại làm sao ấy . kkkkk,62,15,vui vẻ
Sadness,mua con lợn 50k được lì xì 40k . ok em ổn,41,12,buồn
Disgust,"mấy bạn nào có ý định tổ chức sn nv thì tém tém lại síu đi , nếu thích tổ chức sn kiểu nv ở đâu cũng vậy khi ra về làm ơn bo cho nv dọn phòng đó 200 300k gì đó cho có tình người síu nha 😂",187,50,khó chịu
Fear,per coi phim này chắc chết luôn trong rạp,41,9,sợ hãi
Disgust,"nó quan tâm mày thì mày đừng vội mừng là nó thích mày , nó chơi chán rồi nó bỏ thôi .",85,22,khó chịu
Enjoyment,dân chơi nhìn cái biết ngay 🤣🤣,30,7,vui vẻ
Disgust,phá làng phá xóm,16,4,khó chịu
Sadness,t nhận ra mình đã sai,21,6,buồn
Sadness,30s mặc niệm bắt đầu ...,24,6,buồn
Surprise,mặc váy kìa . thời trang ? hiện đại quá,39,10,ngạc nhiên
Sadness,con thương ông quá,18,4,buồn
Sadness,nhìn mặt con chó tội vãi,24,6,buồn
Disgust,tu mà không dám cao đầu mà sau gọi là tu còn dám súc phạm vong linh người khác bà này là súc vật,96,24,khó chịu
Enjoyment,biết ngay anh per lại mượn đầm của vợ :)))),43,10,vui vẻ
Surprise,đắt hơn sân bay luôn,20,5,ngạc nhiên
Disgust,cmm lộ hết thông tin của người ta,33,8,khó chịu
Fear,đã nguy hiểm vậy sao không hủy mà bán 0 . 0,43,12,sợ hãi
Surprise,bán không thu thuế luôn à,25,6,ngạc nhiên
Sadness,t chỉ thấy tình yêu của tao nó tan vỡ thôi,42,11,buồn
Enjoyment,per :)))) buồn cười vãi,23,5,vui vẻ
Anger,thế 1 đứa con trai bỏ thời gian ra nói chuyện thân thiết với 1 đứa con gái không phải là nó thích con đó thì có con cặc nó làm vậy,130,32,giận dữ
Sadness,chưa khi mô biết cảm giác đi nhởi trung thu với người yêu như răng,66,15,buồn
Enjoyment,móng này móc cua thì đỉnh 😹,27,7,vui vẻ
Enjoyment,có mưa cảm giác như được sống lại :))),38,9,vui vẻ
Disgust,mà nó đéo ' quan tâm thì càng đừng nghĩ nó thích mình nha :vậy,62,15,khó chịu
Other,vợ dùng phá quá nên boss mới thế 🤧🤧🤧,36,9,khác
Enjoyment,haha biết ngây mà,17,4,vui vẻ
Sadness,bể mẹ cái kính cường lực mới dán :#,35,9,buồn
Other,dù đúng hay sai cũng đừng bao giờ cãi nhau với con gáo đến cuối cùng mày vẫn sai .,82,20,khác
Enjoyment,"cần gì xa hoa đâu , thế này là hạnh phúc , thấy thương và ngưỡng mộ ông bà quá",78,20,vui vẻ
Surprise,sao nhanh như chớp vậy được,27,6,ngạc nhiên
Anger,nhỏ không dạy để lớn lên làm đĩ à ? phụ huynh kiểu gì thế ?,59,16,giận dữ
Other,thằng kia làm nhẹ nhẹ thôi nhé .,32,8,khác
Disgust,no ́ xâ ́ u tao thi ̀...,24,8,khó chịu
Other,thế là đã phần nào đoán được kết quả cuộc gặp tại hà nội,56,14,khác
Sadness,bạn đã hiểu nổi khổ của mario khi mua vui cho bạn chưa :)),58,14,buồn
Disgust,cái đất nước này loạn luân mẹ hết rồi :))),42,10,khó chịu
Enjoyment,"ôi zồi ôi , nhìn cái mặt của ẻm kìa , yêu ghê :))",49,14,vui vẻ
Other,phố mày co ́ đô ̀ người nghiê ̣ p tô ́ tao ghê :))),51,15,khác
Other,per haha bữa 3 đứa mới phong trào xong,38,9,khác
Other,mốc từ trong trứng,18,4,khác
Anger,"truy tố ra tòa chứ phạt hành chính gì ??? lừa đảo có tổ chức số tiền trăm tỷ , thêm tội truyền bá mê tín dị đoan ... 👎👎👎",120,30,giận dữ
Sadness,xem tới đây dume ứa nước mắt 😞,30,8,buồn
Anger,toàn “ nam thanh nữ tú ” mở mồm ra nói hay như sách giáo khoa . hành động thì như con c ..,90,24,giận dữ
Enjoyment,thân là người yêu mình mong cậu có thể giống được như đôi mặc áo nâu ❤️,71,17,vui vẻ
Sadness,😑 sao cái kết gì mà buồn vậy,28,8,buồn
Other,cô ơi nhiệt tình là tốt nhưng bản thân phải an toàn trước 😗,59,14,khác
Sadness,"nói mưa là mưa v chời , tôi còn đi chơi đi học nữa mừ .",55,16,buồn
Other,"1 vị đắng của mưu sinh , 1 vị ngọt của hạnh phúc gia đình",57,15,khác
Enjoyment,per xinh nhỉ :)) ngày xưa cũng xem phim này mà không để ý có cả bả,66,17,vui vẻ
Disgust,"bởi đây là lý do tao không muốn xem điện thoại người yêu , nếu không nó xanh cỏ lâu rồi 😑",89,22,khó chịu
Enjoyment,còn gì hạnh phúc hơn trong cuộc sống này ♥️,43,10,vui vẻ
Anger,ai cũng từng bị bố mẹ chửi mắng . em ấy cũng vậy . là người lớn chúng ta lắng nghe và chia sẻ . nhiều người già rồi mà phát ngôn xấc xược láo toét mất dạy không thể chấp nhận được . chả bằng được cái đứa con nít còn tỏ vẻ ta đây,228,56,giận dữ
Disgust,thớt làm chị mà ích kỉ vãi ...,30,8,khó chịu
Disgust,mấy thanh niên ngu học theo ngôn tình thấy chai bé không viết hết được lại mua chai 1 . 8 lít thì hơi mệt đấy 😂😂😊,113,27,khó chịu
Enjoyment,tuổi thơ của tôi =)),20,5,vui vẻ
Other,việt nam cái gì cũng có thể ăn được,35,9,khác
Disgust,per đang ăn mà sao cứ chỉa trym vô hoài z khắm s ăn 🙂,53,15,khó chịu
Sadness,khóc muốn rơi cả mắt,20,5,buồn
Enjoyment,kích thích vãi,14,3,vui vẻ
Fear,ám ảnh thật sự,14,4,sợ hãi
Sadness,per huhu em không biết phải đi xem phim với ai nữa 😭,52,13,buồn
Sadness,per gần nhà c ơi . hic hic,26,8,buồn
Other,"tại cái gậy thôi , còn đâu là vẫn đẹp",37,10,khác
Anger,"cái thằng adim này mày xàm quá oy đấy , biến khỏi trang tao nhé",63,15,giận dữ
Anger,đã sợ nhện rồi mà gặp thằng admin chơi trò mất nết :((,54,13,giận dữ
Sadness,nhờ cái bếp như này . mà hồi nhỏ tao suýt đốt cả nhà và bị chửi đó :((,70,19,buồn
Disgust,"hốt về cháu có bón được cơm , mớm được sữa cho nó mỗi ngày không ?? nó chơi game cháu có rửa chân bón cơm để nó chơi nốt ván không ???? mai cô ship tận giường nuôn",163,39,khó chịu
Sadness,đọc tin nhắn đầu thấy cay cay ngay mũi,38,9,buồn
Enjoyment,per người yêu công sở nè 😂😂,27,7,vui vẻ
Enjoyment,vậy là hên rồi,14,4,vui vẻ
Other,per chiều anh bắn chưởng để em quay nhé,39,9,khác
Enjoyment,per nghe chưa nhân viên mới ... kk,34,8,vui vẻ
Other,ngáo nó có cắn đâu ??????,25,6,khác
Disgust,dị ứng với kiểu nhắn tin riêng tư mà cả thế giới đều biết,57,14,khó chịu
Enjoyment,cười ỉa 😂😂 thây nó thét mà tao nghĩ dọn xong nó đi luôn cái cổ họng,67,17,vui vẻ
Disgust,"em rất duyên , và có khiếu hài hước , nhìn mặt em thôi là chị đã muốn cười , ba mẹ chửi mà vẫn vui tươi như vậy thì đáng khích lệ mà , sao nhiều người bình luận nặng lời thế không biết , chỉ là vui thôi mà",205,51,khó chịu
Disgust,"má nó , mặc dù không có ý kì thị nhưng dume cảnh 2 thằng hôn nhau buông nôn vãi",79,20,khó chịu
Enjoyment,per lên lịch hẹn hò nhanh,25,6,vui vẻ
Disgust,không biết chuyện gia đình người ta nhưng nhình mặt bà cũng thảo là thấy không có cảm tình ngay từ đầu .... mà nhờ bài viết này mới biết king coffee là của bả ... phải công nhận là nó uống dở thiệt .....,203,45,khó chịu
Disgust,nóng thế này cái thứ mày cho cũng không ăn,42,10,khó chịu
Sadness,tiếc quá ! nguyên nhân,22,5,buồn
Enjoyment,ấm lòng vãi huhu,16,4,vui vẻ
Anger,thế không tính vậy thì muốn cái bệnh viện thành mẹ cái bãi giữ xe à :)),71,17,giận dữ
Enjoyment,ngầu vãi lìn luôn á :))),24,6,vui vẻ
Enjoyment,giờ tao mới hiểu được hết những gì mà trước đây đọc bình luận tao đéo ’ hiểu 😂😂😂,80,19,vui vẻ
Enjoyment,"lớp 2 xí mót được cái chong chóng , bán lại cho thằng hàng xóm 500d .",69,17,vui vẻ
Sadness,tôi khóc lun ... huhu,21,5,buồn
Enjoyment,má như người yêu ??,19,5,vui vẻ
Other,t chưa được rơi vào hoàn cảnh này nên cũng không biết nữa,57,13,khác
Enjoyment,thề chứ .. phim nay xem đi xem lại không thấy chán ... vẫn như mớinxem vậy,74,17,vui vẻ
Sadness,không biết vì sao họ vẫn cười nhưng mình thì khóc ...,53,12,buồn
Other,cho đi luôn bớt lo,18,5,khác
Surprise,đoạn phim thôi mà ý nghĩa thế,29,7,ngạc nhiên
Disgust,"lông xấu , không mượt bằng con ngu kia được",43,10,khó chịu
Other,"cái này gọi là truyền thống , không thể nói là quên được",56,13,khác
Other,"đấy ... y đâu cần phải to tác , phải gào lên cho cả thế giới biết .",67,18,khác
Enjoyment,per haha sao tôi nghĩ tới em liền luôn á,40,10,vui vẻ
Other,chưa chia tay nữa mà còn khó đây,32,8,khác
Disgust,thế đéo nào nó lại kẻ dưới đấy nhỉ,34,9,khó chịu
Disgust,oai đéo gì cái trêu gái :),26,7,khó chịu
Other,mình nghĩ bà thảo chiếm được công tình yêu là sẽ bán ngay cổ phần cho đại gia bên thái lan nào đó .. mong là chuyện này không bao giờ xảy ra,140,33,khác
Other,lâu lâu lại mong mất điện để nấu cơm rác . nk mát 1 tí . chứ cứ 42 độ có mà khỏi ăn,83,24,khác
Sadness,tội nghiệp thằng bé :)))) chúng mày bốc đâu mấy cái thẻ hay thế ??? :v,70,16,buồn
Other,áp dụng với đứa yêu mày thôi nha,32,8,khác
Enjoyment,chời má . ngọt chết tao rồi :)))))),35,8,vui vẻ
Fear,"per đó là lý do tại sao em luôn nói với anh , có gì cũng phải nói ra",68,19,sợ hãi
Anger,"phải em thì dume nó chửi thé thì đéo cần nói nhiều nữa . gọi c . an xuống kéo mẹ nó xe đi , kiểu gì cũng mệt thôi bác .",119,32,giận dữ
Sadness,xài vietcombank sinh nhật cũng không được chúc luôn :((,55,10,buồn
Enjoyment,hôm đấy bổn cung về quê báo hiếu cha mẹ .,41,11,vui vẻ
Enjoyment,chỉ có được cái chữ đẹp . hihihi ...,36,9,vui vẻ
Enjoyment,trời má cute vãi lozzzz,23,5,vui vẻ
Sadness,là do bản thân tao ngu thôi,27,7,buồn
Anger,cho chúng vào nhà đá ! quá độc ác không giết người bằng súng như thế này là giết hàng loat đấy thât khốn nạn,108,25,giận dữ
Enjoyment,không biết nói sao ... nghiện chuẩn mẹ rồi ... crush ợ . mà nó nhẫn tâm lắm hồi trước còn hay call video . từ hôm tao cạo trọc y như là mất tích luôn . chắc phải để tóc mọc lại tao mới dám gọi . 🤭,196,49,vui vẻ
Other,nhân quả đến sớm lắm . đăng lên làm gì :))),43,11,khác
Sadness,nhìn cái bà này tôi chỉ muốn xoạc bà 1 cái . sao bà không là con trai nhỉ . ông trời quá là trêu người rồi,106,27,buồn
Enjoyment,cho dù em có dành được bao nhiêu học bổng đi chăng nữa nhưng mãi mãi em sẽ không thể có được tôi 😅,98,24,vui vẻ
Enjoyment,đã xem 2 lần bộ phim này 😁,26,8,vui vẻ
Sadness,"ôi vãi , mày thật bất hạnh vì có lũ bạn như thế",47,13,buồn
Disgust,"đây là tây chứ mấy thằng việt nam như này , đảm bảo kêu ngáo đá :vậy",68,17,khó chịu
Enjoyment,xin lỗi đây mình vẫn nấu nhé,28,7,vui vẻ
Disgust,bỏ quên não đó chứ đâu phải rác 😂,33,9,khó chịu
Enjoyment,"phim này quá hay . xem đi xem lại mãi không chán . đặt tay lên ngực "" mọi chuyện đều ổn "" câu nói kinh điển",107,27,vui vẻ
Fear,"thôi xong , biết thế tém tém lại .",34,9,sợ hãi
Anger,"gym thì liên quan cặc gì đến bede , tuy gym nhưng người ta còn siêng tập nặng hơn mấy tụi bây nhé",97,23,giận dữ
Enjoyment,mình bình luận chủ yếu muốn khoe mình là fan cứng thôi :)) các bạn không cần để ý,81,19,vui vẻ
Anger,bất cái con cặc . 21 cái trung thu tao vẫn 1 mình . tao có thấy bất hạnh đâu . khẩu nghiệp,90,23,giận dữ
Sadness,số tao không được ăn uống mà :((,32,8,buồn
Other,rửa bát cũng được nấu cơm cũng được giặt quần áo cũng được miễn là có ba mẹ vợ con là được . làm gì cũng được,109,27,khác
Disgust,dume cho vào bảo tàng làm lồn gì -.- nhà khoa hc đã nghiên cứu sừng tê giác như móng tay của bạn thế sao không đem về mà chữa bênh đụ má rảnh ghê :((,149,36,khó chịu
Enjoyment,cô quét đi cô cho cháu hốt về với =))),38,10,vui vẻ
Disgust,"tránh xa nó ra , nó ngáo đó , 8h sáng mà nó đòi đi ngủ là hiểu rồi",66,19,khó chịu
Other,hỏi nhiều nó lại cho vào đối tượng truy nã 😏,44,11,khác
Anger,per nhớ lại vẫn còn tức á cái lol mẹ,36,10,giận dữ
Other,lo tương lai bị bỏ rơi của chú đi :vậy,38,10,khác
Enjoyment,và sếp tốt có thể giúp ta vui vẻ từ sáng thứ hai cho đến tối chủ nhật 😀,71,19,vui vẻ
Enjoyment,lại tạo điều kiện cho mấy chị fa vào thả thính . :)),52,13,vui vẻ
Anger,muốn nhai luôn cả trái đất,26,6,giận dữ
Enjoyment,"per lại nhớ chiều nay , buồn cười sấp mặt luôn . :v dù mệt nhưng ngày nào tan làm cũng muốn được đèo đưa đi ăn kem , ăn đồ chua , ăn miến trộn như hôm nay cerrrr :v",164,41,vui vẻ
Fear,không ngờ tin nhắn riêng tư cũng phải kiêng nể nhắn tin để lỡ có bị chụp vẫn thấy chả sao,89,21,sợ hãi
Enjoyment,tao cũng ước mình có 1 tình yêu như ông bà ❤,44,12,vui vẻ
Sadness,đau đớn quá sao phải tham mấy đồng tiền đó nhỉ,46,11,buồn
Disgust,quả này lại là nhà dột từ nóc rồi ;((,37,10,khó chịu
Sadness,"mong là chuyện không có thật , chứ có thật thì đau lòng vãi ra 😪😪",65,16,buồn
Fear,per nguy hiểm luôn rình rập xung quanh chúng ta :((,51,11,sợ hãi
Enjoyment,trắc đấy là nyc của nó 🤣,24,7,vui vẻ
Other,đừng hỏi tại sao giới tính cứ bị bẻ cong,40,10,khác
Sadness,khóc hết nước mắt 😞😞,20,5,buồn
Disgust,đúng là chó cậy chủ mà 🤣,24,7,khó chịu
Disgust,chấp nhận đi mày .. chửi gì dữ vậy ..! mỗi người mổ việc mà ... nếu không thích thì kiếm việc khác mà làm ..,108,26,khó chịu
Sadness,":))) ở đoạn đó hồi năm nhất tao "" được "" họ lấy 100k , vì sáng sớm đem duy nhất 100k trong túi , thế là nộp luôn :))))",118,30,buồn
Other,per đọc nhầm con nhện thành con gián :)) thật khó hiểu,54,12,khác
Other,may mà bà già bảo năm hạn đừng đi chứ không hạn thật,52,13,khác
Disgust,cái giống mắc zại nhất từng thấy :)),36,8,khó chịu
Anger,bắn cái lũ khốn nặn kia ra . mấy ông bà lại ăn cho lắm tiền vào . để cả 1 thế hệ trẻ em bệnh tật . làm cho ra lẽ đi . bọn này bắn cmm nó đi . quá là ác,151,44,giận dữ
Disgust,đéo có não à,12,4,khó chịu
Disgust,"không biết bác dạy ra sao mà đến nỗi . còn tao dạy nhận tiền mặt , dạy 10 ngày là phụ huynh trả luôn tiền tháng đó chứ không có nhập nhằng gì hết",145,35,khó chịu
Other,"thực ra bị bóc trên mạng thì thường là bẩn thỉu , không phân quê quán",69,16,khác
Disgust,ôi không đọc được bài của chị thì em vẫn tin tưởng cái group đấy lắm,68,16,khó chịu
Disgust,"tính ra là 1 cuộn keo 2 mặt sẽ giải quyết được moiij chuyện =)) , cơ mà ý thức như lồn thật :v",94,24,khó chịu
Disgust,"chỗ đó không có , họ thấy lạ , chứ như tao lần đầu thấy trên internet tao cũng lạ , chửi gì ghê thế",99,25,khó chịu
Sadness,khổ thân các cháu,17,4,buồn
Disgust,"nước bẩn quá , toàn rác !",25,7,khó chịu
Sadness,chỉ những người độc thân thôi,29,6,buồn
Enjoyment,nhìn cái muốn cong :d,21,5,vui vẻ
Disgust,"thanh niên bỏ nhà theo trai rồi bầu bắt sen chăm , thứ hoàng thượng dâm tà",74,17,khó chịu
Disgust,"t đợi cái post về loài hãm lòn này lâu lắm rồi nhá . dcm nhìn ngốc nghếch thế thôi mà dữ lắm luôn , có lần tao cúi xuống cầm gậy đuổi nó vào chuồng mà nhân lúc tao sơ hở rón rén đến suýt táp vào đít tao . lúc ấy sợ tụt lòn vì chỉ còn có 2 bước nữa thôi là nó đớp gọn tao rồi .... có hôm tao vừa ngờ nghệch ra vườn hóng mát thì cả đàn , cả đàn nhé . dí tao chạy quanh vườn , con nào con nấy vênh cổ lên chạy theo tao . nhờ nó mà suýt chút nữa tao chết vì đau tim ....",466,118,khó chịu
Enjoyment,ly hôn cũng phải hoành tráng chứ .. còn phải làm to hơn kết hôn mới được 🤣,74,18,vui vẻ
Disgust,mèo nhìn dễ thương mà ác vãi < 3,32,9,khó chịu
Enjoyment,dễ thương vậy chời,18,4,vui vẻ
Anger,bạn gái trong ảnh lưu hình gửi cho công an xã chết con mẹ bọn nó đi :))),72,18,giận dữ
Disgust,các bạn buồn cười vãi cả đái . người ta đỗ ở đường chứ có phải trong nhà bạn đéo đâu mà nhặng lên .,99,25,khó chịu
Disgust,ngu chưa . đăng lên để rồi bị chửi,34,9,khó chịu
Enjoyment,nhìn con bé thấy cưng ghê chị ơi,32,8,vui vẻ
Disgust,per anh bạn tồi nhất quả đất này,32,8,khó chịu
Disgust,cho ̣ c mù mắt tao đi 🤣🤣,24,8,khó chịu
Enjoyment,đồng đội chơi tốt quá hahaaa,28,6,vui vẻ
Fear,kinh vãi,8,2,sợ hãi
Other,lợi ích của việc không nghe lời vợ ??,37,9,khác
Anger,cho về hết chứ cứ lương không mà không làm thêm gì mà có nhà lầu xe hơi thì lấy ở đâu ???????? không phải đùn đẩy .... cho về hết bọn nó mới hết không tìm ra nguyên nhân .... không có sao phụ huynh dám nói ....,210,49,giận dữ
Enjoyment,"phải nói là hài tàu hay thật đấy , luôn li kì và khó đoán kết quả , ý nghĩa thì thâm sau . hihi thích rồi đó",108,28,vui vẻ
Disgust,giờ lắm bọn biến thái thế,25,6,khó chịu
Sadness,chị đầu tiên buồn v :((,23,6,buồn
Sadness,trời ơi tao chóng mặt quá đi :((,32,8,buồn
Disgust,"đúng kiểu tham lam mà tài năng thì có hạn , miệng thì bảo sợ ông vũ làm sạt nghiệp trung nguyên nhưng bản thân trước đó lại làm lỗ của công tình yêu 1700 tỉ , mụ đàn bà mặt dày",176,42,khó chịu
Disgust,có tay mà người bị cụt tay . ko bao giờ sử dụng bàn tay đó . ngu trở lên nổi tiếng .,84,23,khó chịu
Anger,dume đồng nghiệp gặp hlin thì chỉ muốn nghỉ thôi,48,10,giận dữ
Other,ko nghe lời vợ mới là mấu chốt :),33,9,khác
Disgust,"nói bao giờ cũng dẽ hơn làm , mà mặt 2 đứa này nhìn như mất mẹ dây thần kinh gì đấy",83,22,khó chịu
Surprise,"sản phẩm tốt đấy , có tính ứng dụng cao",39,10,ngạc nhiên
Disgust,nếu đồng nghiệp của bạn hãm vãi thì cũng nên đăng xuất đi hiền hana,67,15,khó chịu
Fear,"tao cưới rồi , cưới nữa cho vợ tao chém tao chết à",50,13,sợ hãi
Enjoyment,"tuyệt vời , chỉ cần họ thấy vui và hạnh phúc",44,11,vui vẻ
Disgust,ngu quá là ngu đậu xe gì mà sát đường ray tàu hoả thế chứ .? quả này người ta còn phạt thêm cho nữa chứ đâu phải lát xe mà xong đâu ..?,135,34,khó chịu
Enjoyment,cẩn thận mày lại có cháu sớm 🤣,30,8,vui vẻ
Enjoyment,yêu hay không yêu không yêu hay yêu nói 1 lời 😂,47,12,vui vẻ
Enjoyment,tao cũng hay sử dụng chiêu này và bọn đàn ông vẫn cứ bị lừa ????,64,16,vui vẻ
Enjoyment,"thật sự mình rất thích bạn này , xem phim mỗi tập cứ canh đúng cảnh có bạn ý , dễ thương quá 😗😚😚😚😚😚",99,24,vui vẻ
Surprise,bọn ngáo này mà cũng có người sợ nó nữa hả,42,11,ngạc nhiên
Other,em đã bao giờ nghĩ đến mối quan hệ đồng tính ?,46,12,khác
Sadness,"từ khi lấy vợ , làm vlog thiếu muối hẳn huhu",44,11,buồn
Disgust,nhưng đứa bạn thân đều là lũ khốn,33,8,khó chịu
Sadness,"vợ người ta chưa bao giờ làm tôi thất vọng , còn vợ tôi thì ..... đi hết 1 / 3 cuộc đời rồi vẫn chưa tìm thấy 😓",111,29,buồn
Disgust,hỏi nhây khiếp,14,3,khó chịu
Sadness,có tiền sẽ thấy các vị gọi là thượng hạng còn không tiền sẽ chỉ thấy vị mặn của mồ hôi + nước mắt,97,24,buồn
Other,nước biển sao đục quá nhỉ,25,6,khác
Enjoyment,"người đàn ông ốm đau nói với vợ mình :” ở lại với anh ” rồi cầm tay bà . đó là tình yêu , vỏn vẹn 20 năm ngắn ngủi . tình yêu bố dành cho mẹ",140,38,vui vẻ
Anger,con ngu dù bố mẹ có là người như thế nào đi chăng nữa thì cũng là người đẻ ra mày nuôi chúng mày lớn khôn lớn lên không báo hiếu được gì lại còn sủa bậy,152,37,giận dữ
Enjoyment,hy vọng mọi điều tốt đẹp sẽ tới,31,8,vui vẻ
Sadness,t cũng buồn lắm chớ bộ 😓😓,25,7,buồn
Sadness,t đã thử rồi mà dume vẫn la :)))),33,9,buồn
Disgust,ý thức tồi,10,3,khó chịu
Anger,"má , sờ mông có cái mà táng bố ..??",35,10,giận dữ
Fear,trò này cũng nguy hiểm chết người đừng đùa theo mà mang họa,59,13,sợ hãi
Enjoyment,nhìn cái mặt cưng vãi,21,5,vui vẻ
Other,sáng kiến hay đỡ bao nhiều tiền để tiêu hủy,43,10,khác
Disgust,đéo có lol gì là buồn cười,26,7,khó chịu
Other,"per tiền bạc là phù du , quan trọng là tình nghĩa",49,12,khác
Other,k tiền cạp đất mà ăn ah @@,26,8,khác
Disgust,thứ thiếu ý thức ... nhưng lên mạng thì dạy người khác,54,12,khó chịu
Disgust,có mà thần kinh hơn ấy 😑😑😑,26,7,khó chịu
Disgust,đéo hiểu chó hay người .,24,6,khó chịu
Disgust,đau chán riết quen có cái lol gì phải than vãn :)),50,12,khó chịu
Enjoyment,một bộ phim rất đáng xem !!,27,7,vui vẻ
Disgust,"đâu phải có tiền muốn làm cha ai thì làm , gì cũng vừa phải thôi . ý thức từ nhỏ không được dạy dỗ cẩn thận",107,27,khó chịu
Fear,mấy lần đi ngang hết hồn,24,6,sợ hãi
Sadness,"anh giờ thích ai rồi , không còn giữ câu nói trước kia nữa đâu nhỉ . ừ gần 1 năm rồi cơ mà :((",94,25,buồn
Other,công nhận già thật,18,4,khác
Disgust,"hà nội làm con người ta trở nên nhỏ nhen và bon chen , luật thi áp dụng như cứt nó chỉ giành cho người có tiền và có quyền",122,30,khó chịu
Disgust,chán vãi dạo này ngủ sớm quen :))),34,8,khó chịu
Fear,"hồi nhỏ hay bị ngỗng rượt , vừa chạy vừa khóc la 🤣🤣",51,13,sợ hãi
Sadness,lại mưa 😞,9,3,buồn
Disgust,bố mấy con trẻ trâu :)) tưởng thế là hay :)))),46,11,khó chịu
Sadness,chả có tiền mua 😩😩😩,19,5,buồn
Fear,đề nghị admin xóa bài đi ạ . chứ bố mẹ em sắp đi chợ về rồi ạ :(((,66,19,sợ hãi
Other,sao mày không ngủ chung với cả mẹ mày và em mày ?,49,13,khác
Enjoyment,haha con mấy cái video toàn đóng vào mỏ nhau không . cười tụt quần 🤣,68,16,vui vẻ
Surprise,thế đéo nào lại ra được nhỉ ??,30,8,ngạc nhiên
Other,vẫn là chính sách trên giấy tờ,30,7,khác
Other,sớm muộn củng chết đuối à ;))),30,7,khác
Enjoyment,bức ảnh xuất sắc ❤️,19,5,vui vẻ
Sadness,việc đớn đau nhất . là nhường người mình yêuu nhất cho 1 người khác 😔😔😔. chỉ vì đơn giản không muốn ai phải đau buồn,116,26,buồn
Sadness,ủa mắc gì gỡ fan cứng của em ? huhu,35,10,buồn
Sadness,"ai cho mình xin tên phim với , mình không xem được 😢",52,13,buồn
Surprise,tao đang đọc cái lol gì đây :)) sao lại thành truyện giáo dục rồi dume,70,16,ngạc nhiên
Enjoyment,mặt ô kia khát nước nhìn buồn cườ thế 😂😂,40,10,vui vẻ
Sadness,tao bị bỏ rơi rồi,17,5,buồn
Fear,tao nhìn tao thấy ghê vcd ấy 😂😂,31,8,sợ hãi
Other,cậu nhỏ có tăng lên không 🧐,27,7,khác
Disgust,"bạn trai tao cắt tóc xong cái đầu như cái đầu buồi , không lệch vào đâu được 🙂",78,19,khó chịu
Enjoyment,bây giờ gọi hành hiếmkkk,24,5,vui vẻ
Sadness,chúng mày đã bao giờ bị hất cả cốc nước vào mặt vì mặt không bao giờ tươi cười niềm nở chưa ?,93,23,buồn
Surprise,người yêu mày cắt tóc hay là đi đầu thai lại thế ???,52,13,ngạc nhiên
Sadness,sự thật thì cố suy nghĩ vui vẻ hạnh phúc mà trong túi không có tiền chỉ sợ đất cũng không có mà ăn,98,24,buồn
Fear,tao tháy gái nguy hiểm vãi,26,6,sợ hãi
Other,"chạy tới đưa đồ cho nó , trượt chân té sấp mặt luôn",51,13,khác
Enjoyment,hẳn là con số đẹp 😍😍😍,21,6,vui vẻ
Enjoyment,còn 1 tháng nữa thôi khép lại những ngày tháng vui buồn nhưng luôn có người bên cạnh sẻ chia không lo lắng của tuổi thanh xuân cái tuổi đẹp nhất của cng,152,33,vui vẻ
Fear,tao còn không dám ăn nói chi ruồi .,35,9,sợ hãi
Fear,sợ vãi linh hồn,15,4,sợ hãi
Fear,có thì tốt nhất đừng có giận vì ngoài kia bất cứ thằng nào cũng sẵn sàng dỗ dành bạn gái của bạn 😋,98,24,sợ hãi
Other,bốc phốt khách thế không sợ mất khách à bác ??,46,11,khác
Sadness,ừ mỗi lần thế lần buồn kinh lắm mày ạ,37,10,buồn
Enjoyment,lâu lắc chưa xem lại !!! 😳. một bộ phim vừa ý nghĩa vừa hài hước ! 👍,68,18,vui vẻ
Enjoyment,"gắng , nhanh khỏi bệnh rồi về bên anh",37,9,vui vẻ
Other,đề này đối với lực học lớp 9 đâu có khó . cẩn thận chút là được,63,17,khác
Sadness,nghe bài này đau lòng quá mà,28,7,buồn
Fear,má . đang định đi chụp :((,26,7,sợ hãi
Other,ai muốn tránh đường đông hỏi người dân đường trong núi nhé !,60,13,khác
Enjoyment,"những hành động đẹp , đáng được trân trọng , và sẽ được lan tỏa ở mọi nơi , thật tuyệt vời 😍",92,23,vui vẻ
Enjoyment,vào siêu thi mua ghế masage chạy điện ra mà ngồi cho chúng nó choáng ! vừa đỡ mỏi chân lại khỏe người !,103,24,vui vẻ
Fear,"tao nói té 1 cái không dập mề thua gì cũg thua , trĩ nội trĩ ngọai nguyên chùm =)))",83,20,sợ hãi
Other,năm sau nữa quyết định nằm cho đỡ đau lưng 😁😁,45,11,khác
Enjoyment,bé xinh quá,11,3,vui vẻ
Other,bài hát đầu tiên của phim là gì nhỉ quên mất rồi . bạn nào thông não cho mình phát,82,20,khác
Disgust,đây là trẻ ghé chứ gì nữa ~~~,29,8,khó chịu
Sadness,"t chẳng muốn phải nói "" suýt nữa thì .."" một lần nào nữa trong đời của nhau nữa đâu ... vì vậy sẽ trân trọng khi người tới .",124,30,buồn
Enjoyment,per cái đoạn vén tóc là quen lắm nhá . thích lém ý,50,13,vui vẻ
Enjoyment,"thề , phim này xem đi xem lại gần chục lần . 😄",46,13,vui vẻ
Enjoyment,phim chuẩn chưa này =)))),25,5,vui vẻ
Other,"per thì mấy ông nhậu bắt sạch , còn đâu mà phá hoại",51,13,khác
Other,ô .. còn lâu lắm ...,20,6,khác
Other,đã năm 2000 . người ta cho mượn 200 tr rồi .. từ đó về sau nhà người ta có cần 25 tr / tháng hay không ???,106,28,khác
Enjoyment,"tao cũng như mày đây . không sao cả , hãy tự hào vì tên mày vẫn rất đẹp",71,19,vui vẻ
Other,cho nó đỗ tí mất gì đâu,23,7,khác
Disgust,người ta nói ngu thì chết có gì sai ?,37,10,khó chịu
Enjoyment,dễ thương vậy,13,3,vui vẻ
Other,chắc chưa :))) si nghĩ kĩ lại đi,32,8,khác
Disgust,má con đĩ mèo nó đanh đá thế,28,8,khó chịu
Sadness,"từ nay sẽ không cap màn hình ib nưa , thật tội lỗi tội lỗi",58,15,buồn
Enjoyment,t chỉ muốn khoe là tao vẫn được nghỉ 1 tuần nữa =))))),54,13,vui vẻ
Other,biết chứ dã từng sài,20,5,khác
Enjoyment,ấn tượng vãi :v bàn tay vàng trong làng vẩy khế :v,50,12,vui vẻ
Enjoyment,thích quá mấy má ơi ! @@@,25,7,vui vẻ
Disgust,không ngon như lần trước nữa,28,6,khó chịu
Other,mặt thái độ vãi,15,4,khác
Sadness,cũng muốn kết hôn lắm mà đến giờ vẫn chưa có người yêu 😭,56,14,buồn
Enjoyment,sẽ hấp dẫn hơn khi dưới sông có cá sấu :)) lót dép hóng,55,14,vui vẻ
Enjoyment,xem nà ra chiêu nà gẫy cây nà sấp mặt luôn nà 😂😆,48,13,vui vẻ
Fear,"per nhà giáo áp lực quá nhỉ , giống làm dâu trăm họ .",53,14,sợ hãi
Anger,"bọn giết người không dao tử hình cái thằng cung cấp thực phẩm bẩn vào trường , những đứa liên quan còn lại cho vào tù hết .",123,28,giận dữ
Enjoyment,tao thấy đéo có cái gì để tao cầm được cơn cười cđcm nó ! :)),61,16,vui vẻ
Enjoyment,gần 10 năm rồi coi đi coi lại cũng gần 30 lần . nhớ !!!,55,15,vui vẻ
Enjoyment,phụ nữ ngày xưa toàn cực phẩm :v,32,8,vui vẻ
Anger,xoá sổ toàn phần cơ sở cung cấp thức ăn khốn nạn này bằng cách cho chúng mỗi đứa một mũi tiêm thuốc độc . còn hiệu trưởng các trường bỏ tù vĩnh viễn .,150,35,giận dữ
Anger,tử hình cái bọn giết người hàng loạt này đi,43,10,giận dữ
Fear,pháp luật là bạn của nó rồi anh ah vì quen anh anh chị b trên quận ah nên em cũng sợ lắm ah :-(,95,25,sợ hãi
Disgust,"biết có người binh mà mới chửi lại đó , con hư tại mẹ thui",58,15,khó chịu
Sadness,chị khổ mấy cô giáo viên giám đứng ra tố cáo . sau này bị làm khó hoặc trả thù,78,20,buồn
Other,trời trời ! như là nói lên nỗi lòng của thẩm phán vậy :)))),59,14,khác
Fear,má tao xem mà lo thằng quay phim tét không à ? có ai như tao không ?,68,18,sợ hãi
Other,đm rơi mẹ điện thoại xuống đất 🙃,32,8,khác
Enjoyment,mới gọi điện thoại xong mới cười với tuii xong heheh anh đáng yêu vãi,69,15,vui vẻ
Disgust,bướng vừa vừa kiểu đáng yêu chứ mà lồng lộn thì thôi làm bà nội chứ yêu đương đéo gì,84,20,khó chịu
Surprise,vâng với 1 pha chống gậy tinh tế anh đã làm cho người xem 1 sự bất ngờ,70,18,ngạc nhiên
Disgust,evn nó đéo thích đâu nhé .. nó chỉ giả vờ lươn lẹo nói thế thôi ..!? 😁😂🤣,72,18,khó chịu
Surprise,ông tổ của những cái sừng là đây sao ??? 🤣,42,11,ngạc nhiên
Other,thế mày nằm viện nào tao vào thăm luôn cho động lực,51,12,khác
Sadness,"xem mà đau lòng , đau lòng nhưng vẫn xem :((((",46,11,buồn
Sadness,cuộc sống thật chua cay với tao,31,7,buồn
Enjoyment,"trước đây mình không thích xem phim việt , nhưng mấy năm nay phim việt chiếu phim nào cũng hay . tự dưng không thích xem phim hàn quốc nữa .",140,31,vui vẻ
Disgust,"còn là học sinh nhưng tố chất lừa đảo đĩ điếm đã thể hiện ra rồi , nếu nó muốn nổi tiếng , thì đưa mặt nó lên đi thớt",117,30,khó chịu
Enjoyment,"bọn 6 múi yêu nhau hết rồi , tao bụng mỡ đây , tao vẫn thích con gái đây !!!!!",78,20,vui vẻ
Anger,trung thu là tết thiếu chi chả liên quan chi đến việc tao không có gấu,70,16,giận dữ
Anger,thằng nào con nào nuôi ác quá z,31,8,giận dữ
Enjoyment,cám ơn đã cho tôi cuộc sống này,31,8,vui vẻ
Enjoyment,nghe tình vãi =)))),19,4,vui vẻ
Sadness,thất tình đi nghe nhạc chúng nó còn ngồi trước mặt ôm nhau . hận,64,15,buồn
Disgust,vô liêm sỉ,10,3,khó chịu
Other,mẹ bế đứa nào thì là mẹ của đứa đó nhé,38,11,khác
Enjoyment,công nhận nó phê như vậy thật 😂,31,8,vui vẻ
Enjoyment,này thì câu thích 😂😂😂,21,5,vui vẻ
Enjoyment,lời được cánh của sắt tàu hỏa ngon rồi,38,9,vui vẻ
Disgust,"sửa luật , tóm cho vào tù . tình nguyện mãi sao được .",54,14,khó chịu
Other,t coi đi coi lại mấy lần để xác định con nhện nó phóng qua tới cái điện thoại hay là nghệ thuật )))),100,24,khác
Sadness,lúc ra hà nội ở ngay phố đào tấn mà không biết chổ này 😢,56,15,buồn
Other,m vừa tuột quần xuống nó sẽ hôn con họa mi của mày,50,13,khác
Disgust,cả 2 đứa đều ngu khi có mồm mà không nói =]]],45,12,khó chịu
Other,một thời để nhớ,15,4,khác
Enjoyment,đúng chất dân miền tây hahaha,29,6,vui vẻ
Sadness,24 tuổi thấy đời đắng và khá mặn,32,8,buồn
Enjoyment,một cái ỉn mông xong hết 😂😂😂 dăm ba cái võ thuật 😂😂😂🤣🤣🤣,55,13,vui vẻ
Enjoyment,đáng yêu quá . chúc ông bà thật mạnh khỏe mãi hạnh phúc như vậy 😍,65,16,vui vẻ
Disgust,per con người dù có bị trừ hết điểm cũng chạ thèm quan tâm ạ 🙂,62,16,khó chịu
Surprise,đấy có phải con người không nhỉ ? mà sao lại làm thế,52,13,ngạc nhiên
Surprise,ủa vậy hả mới biết ta,21,6,ngạc nhiên
Other,vậy thì các bác chưa biết rồi,29,7,khác
Disgust,tài xế để não trong háng hay sao mà thích chơi ngu lấy tiếng thế,64,15,khó chịu
Enjoyment,họ hành động quá đẹp,20,5,vui vẻ
Enjoyment,"xem phim mà cứ nhìn cặp chân của ổng , chân gì mà dài thường thượt . chồi ôi 1m87",81,20,vui vẻ
Disgust,đọc bình luận mới thấy nhiều người hãm thật sự :))),51,11,khó chịu
Sadness,em nuôi con lợn mấy năm rồi mà vẫn trống rỗng huhu 😭😭😭,54,13,buồn
Other,nhìn bọn có người yêu khổ chưa kìa .,36,9,khác
Sadness,ước mơ tao 🙂 chỉ có thể sao chép lại và tao lên màu cực xấu !,61,17,buồn
Other,lúc buồn là đi phựt thì thôi rồi như kiểu cuộc đời đáng sống ý,62,15,khác
Enjoyment,thôi mày cố lên . đỡ rồi cũng tốt,33,9,vui vẻ
Anger,"dume , em tao mà bị thế này thì tao xiên mỗi đứa một nhát , đi tù cũng được",75,20,giận dữ
Enjoyment,đơn giản là thấy họ cười 😂😂,27,7,vui vẻ
Enjoyment,per 😂😂😂 còn nhớ không ???,25,6,vui vẻ
Enjoyment,hay lắm em êiiii,16,4,vui vẻ
Disgust,t nói tao bị ngỗng dí đúng sáng sớm bọn bạn cười tao . 😂 còn bồ tao thấy tao bị dí đứng cười 😪,94,25,khó chịu
Sadness,nhớ lại kỷ niệm này buồn quá,28,7,buồn
Disgust,"thì rõ ràng là bịa mà , cơ bản để cảnh tỉnh suy nghĩ của con người hiện nay thôi bạn",84,21,khó chịu
Sadness,"lúc trước ông với bà tao cũng thế , bây giờ thì ông bỏ bà đi trước rồi .",72,19,buồn
Enjoyment,tao mừng quá vì tao biết chắc chắn hôm nay crush của tao không bị thịt . ahihi .,80,19,vui vẻ
Disgust,xót thì mang về mà dạy đi . xưa đi học suốt ngày bị quỳ chép bài trên bục giảng chả sao giờ thì sểnh ra 1 tỵ là kiện tụng . đừng có lạm dụng mxh mà lên án người khác .,167,43,khó chịu
Enjoyment,hôm qua xem cười lộn ruột,25,6,vui vẻ
Other,buồn là cái gì mày,18,5,khác
Fear,tao ám ảnh việc lau sàn,23,6,sợ hãi
Enjoyment,mong ông bà được nhiu sức khỏe,30,7,vui vẻ
Enjoyment,có con gái thật tuyệt ! 😍,25,7,vui vẻ
Other,nhìn vậy thôi mày bóc tách múi ra là bình thường ngay mà,56,13,khác
Enjoyment,giống chuyện của chúng mình quá . chả biết sẽ cùng anh đi bao xa ... nhưng hạnh phúc khi có anh luôn bên cạnh ??,112,26,vui vẻ
Other,xem xong rồi mà có cảm thấy gì đâu ??,37,10,khác
Disgust,xấu còn đóng vai mất dạy,24,6,khó chịu
Anger,bọn lừa đảo,11,3,giận dữ
Sadness,buồn quá buồn,13,3,buồn
Disgust,tuy dáng đứng có hơi lỏng lẻo nhưng những đường quyền của ông này thật như lol,78,17,khó chịu
Other,nếu lái xe là dân đen thì thế nào chú . có dám đậu ở đóa không,62,17,khác
Enjoyment,khi đủ trưởng thành và kinh tế . cơ mà nhỡ bác sĩ bảo cưới thì cũng phải cưới thôi 😂,84,21,vui vẻ
Other,cho nghe lại cái khúc đó đi anh hai à :v,40,11,khác
Fear,ông thần tài cũng không dám ăn luôn,35,8,sợ hãi
Sadness,buồn cho số phận 😢,18,5,buồn
Enjoyment,nhà tao nhận coi giữ xe nha :3,30,8,vui vẻ
Other,may cho mày con nhà gia đình khá . chứ nghèo như tao khổ rồi .??,64,16,khác
Enjoyment,mới thấy bài này trên phòng trọ đn nữa này . bạn ơi mình cùng thành phố này :v,78,19,vui vẻ
Disgust,cục súc vậy ai chơi,19,5,khó chịu
Sadness,"bọn nó nhỏ mà đã có người yêu , còn tao thì ế :((",49,14,buồn
Other,cần địa chỉ để đặt một bạn người yêu có chiều cao như anh thứ 3,63,16,khác
Fear,"hồi nhỏ đi ngang nhà hàng xóm con quỷ này dí tao từ ngoài đường vô tới trong nhà tao nó vẫn không tha , ba mẹ tao nghe tao la chạy ra chụp cổ nó quăng ra sân nó mới chịu đi . ám ảnh tuổi thơ 😅😅😅",194,49,sợ hãi
Sadness,chuyển từ thất tình sang muốn chết vì quá chán :((,50,11,buồn
Enjoyment,cái cuối phê vãi,16,4,vui vẻ
Sadness,"giá trị lịch sử văn hoá gần nghìn năm đã mất đi rồi :((""",56,14,buồn
Disgust,ý bảo mày treo cao vãi đấy . hạ tiêu chuẩn thấp chút bằng cách ngồi xa sóng ra đi tml .,87,22,khó chịu
Enjoyment,năm nào cũng mua 2 cái đăng ảnh sống ảo xong cất ăn chống đói dần dần :),72,18,vui vẻ
Enjoyment,tao cute mà các mày,19,5,vui vẻ
Sadness,có tiền chưa chắc đã ngọt nhưng nếu không có tiền chắc chắn là đắng .,69,16,buồn
Other,ơ ̉ viê ̣ tao nam sao được như vâ ̣ y,37,12,khác
Sadness,tủi hổ với bản thân ghê khi tao vẽ người mà mẹ tao hỏi : hóa ra đây là hình dạng thực của quỷ sao ?😑,100,26,buồn
Anger,đkmm xuống đáy biển mà viết luôn đi thằng lồn =)),49,11,giận dữ
Disgust,đồ khùng cơm đâu có mắc đâu mà phải làm vậy .,45,12,khó chịu
Surprise,haha tao trúng số thật này,26,6,ngạc nhiên
Anger,"ủa tại sao không nghỉ việc luôn đi , hay lương tâm không còn chữ đức nữa",72,17,giận dữ
Other,lấy củi chứ bao nhiêu rơm cho đủ,32,8,khác
Sadness,per không biết còn nhớ tên tao không nữa 😑,42,10,buồn
Anger,viết tay phải mẹ mày đi . đụ mẹ mày :)),39,11,giận dữ
Enjoyment,chuẩn bị hết ế :)),18,5,vui vẻ
Sadness,"cả 2 bà đều mất khi mình nhỏ , không hưởng thụ cảm giác này rồi",63,16,buồn
Enjoyment,"và mày chỉ cần lùi về sau , như ít quan tâm và nhắn tin lại mày sẻ cua được crush 😎😎",84,22,vui vẻ
Enjoyment,bạn có bố thật hạnh phúc,24,6,vui vẻ
Other,ý thức 😂,8,3,khác
Anger,"dume mày là con gái đó , còn tao thì :dume mày có xuống không thì bảo",69,17,giận dữ
Sadness,per trung thu chia tay gấu à ? bất hạnh nhỉ,43,11,buồn
Disgust,bông hoa nhài cắm bãi cứt trâu :)),34,8,khó chịu
Enjoyment,oimeoi tao thấy được tao ngày xưa đây rồi =))))),48,10,vui vẻ
Other,t không nghiện trà nên tao thấy bình thường mà,46,10,khác
Disgust,cắt . cảm ơn đoạn giả dối kia đã giúp các bạn trẻ có thêm niềm tin về 1 tình yêu đẹp 🤣🤣 riêng tao đéo tin nhé,109,28,khó chịu
Enjoyment,hahahaha tao mắc cười ghê . nhớ cái hôm sinh nhật tao ghê . chắc mấy mẹ ở guru cũng rủa dữ lắm hahaha per,105,25,vui vẻ
Enjoyment,chuẩn 😏😏😏,9,2,vui vẻ
Sadness,một mình tao ăn hết 1 nồi lẩu từ lúc tối 😭,42,12,buồn
Anger,dm chúng mày bị bệnh à kiện chết con mẹ mấy thằng ấu dâm bệnh hoạn này đi,73,18,giận dữ
Disgust,con trai giờ mất giá v luôn hã mấy chế :))),43,11,khó chịu
Enjoyment,per kỷ niệm nè !!!,18,5,vui vẻ
Other,per nếu bạn chưa có việc làm :v,31,8,khác
Enjoyment,có 1 đứa hợp tác vậy là cũg quý hoá quá rồi,43,12,vui vẻ
Disgust,dume nhát ma vậy ai coi,23,6,khó chịu
Other,chiến lược kinh doanh của người nhật thật đang suy nghĩ,55,11,khác
Other,quả váy màu hường nam tính .,28,7,khác
Anger,"ngồi xa ra đụ mẹ mày :""))",25,7,giận dữ
Enjoyment,😐😐 phê hơn lá chuối,19,5,vui vẻ
Anger,per phá gia chi tử chính nó ????,32,8,giận dữ
Enjoyment,tuổi trẻ tài cao là đây,23,6,vui vẻ
Enjoyment,nhìn móng tay bác này mà tao thèm lòng chó quá per,50,12,vui vẻ
Fear,thật là đáng sợ,15,4,sợ hãi
Sadness,"hiện tại mình cũng muốn kết hôn lắm . ngặt nỗi hai gia đình ngăn cản giữ dội , phản đối kịch liệt chuyện hai bọn mình đến với nhau :( nhất là chồng cô ý",152,36,buồn
Sadness,đó là khi anh per cưới vợ đó 🤣,30,9,buồn
Enjoyment,vui tính quá ?? vừa kết bạn xong ??,35,9,vui vẻ
Disgust,😑 con trai chỉ thích gái lùn thôi . tao biết mà . nhưng cô gái cao như tao đi cạnh sẽ giống 2 thằng đàn ông lắm,111,28,khó chịu
Disgust,"cấm dừng đỗ thì bạn gọi công an phường , post lên đây làm gì",60,15,khó chịu
Other,coi như giải thích rồi nhé,26,6,khác
Disgust,ngôi nhà bên dòng sông rõ đẹp . tiếc là sông toàn rác,53,13,khó chịu
Enjoyment,"nói chứ uống đi , 1 ly thì giảm ăn một bữa sẽ không khiến mày phì đâu .",71,19,vui vẻ
Fear,đứt quả chuối trong mồm . đéo dám nghĩ kết quả lun,50,12,sợ hãi
Sadness,mới đi nhổ răng số 8 và chụp 😞,30,9,buồn
Anger,nghe ức chế vãi lồn nhỉ . dume mẹ bọn con trai,46,12,giận dữ
Disgust,sự thất bại của giáo dục,24,6,khó chịu
Enjoyment,cưng thế =)),12,3,vui vẻ
Disgust,bóng đá thể thao mà làm mấy cái thể loại băng ron khích tướng vãi .,67,16,khó chịu
Enjoyment,ui nghe ấm thế,14,4,vui vẻ
Other,hồi sinh viên mình dùng cái này đó,34,8,khác
Sadness,sao mình gặp toàn thằng mất dạy hay bắt nạt mình nhỉ ? tuổi thơ bất hạnh :),75,18,buồn
Disgust,có gì mà vinh quang một bàn tay bị tật,38,10,khó chịu
Disgust,"thiệt tình chỉ thấy gớm thôi , chớ chẳng hay ho gì .",52,13,khó chịu
Surprise,nicholas liang nhà xài cái này phải không ?,43,9,ngạc nhiên
Enjoyment,câu chyện cổ tích thật ý nghĩa 😂😂,33,8,vui vẻ
Enjoyment,per năm nay 2 đứa quyết định ngồi hay đứng kkk,46,11,vui vẻ
Disgust,chúng mày nhục thế đéo dám công khai ảnh của chúng mày đi,57,13,khó chịu
Sadness,tội thằng per vãi,17,4,buồn
Sadness,huhu lần trước đi chụp răng . thằng kĩ thuật viện cho bạn vào cái máy to đùng xong nó bảo ngồi im . nó bật máy xong chạy ra ngoài đóng cửa với tốc độ ánh sáng .,160,39,buồn
Other,mai đi bán miếng năng lượng thôi 😂,34,8,khác
Enjoyment,cái khó ló cái khôn :))),24,6,vui vẻ
Other,per nó tấn công tao với mày đó,30,8,khác
Other,hồi nhỏ tao đi bệnh viện chỉnh hình về kể mọi người là có ông kia ho gãy xương sườn đéo ai tin cả ??,100,25,khác
Anger,vợ với con chả được tích sự gì ! toàn làm hết hồn ??,52,14,giận dữ
Surprise,quả váy hồng truất vãi_chưởng,29,5,ngạc nhiên
Sadness,"đù . tròn ung ủng , chân tay ngẵn cũn như tao nhảy sao",54,14,buồn
Sadness,k nuôi thì cho người muốn nuôi đi chứ để em nó bọ ve tùm lum sót quá ????,73,19,buồn
Surprise,vẫn xinh phết nhỉ ??,20,5,ngạc nhiên
Sadness,và ông đã có nỗi buồn mới thay vì buồn thất tình,48,12,buồn
Enjoyment,per kết truyện chất ghê :)))))),31,6,vui vẻ
Disgust,"rớt mũ trước , sau là rớt đầu . con với cái mắc dại thiệc 😂",59,16,khó chịu
Fear,"hôm bữa đi ngang qua , thấy hết con mẹ nó hồn",45,12,sợ hãi
Other,vl thánh nào ghép nhạc lầy vãi,30,7,khác
Other,per tao với mày làm chung thì sao nhể 🤗🤗🤗,41,10,khác
Enjoyment,hay lắm . thằng anh giúp 2e thêm yêu lao động,45,11,vui vẻ
Other,bao giờ lại chiếu ạ,19,5,khác
Other,anh ơi đây này per,18,5,khác
Other,cho nó ăn rau má đi,19,6,khác
Sadness,mong manh dể vở 😂😂,18,5,buồn
Other,về vườn rồi sớm quá,19,5,khác
Enjoyment,thanh niên co ́ em hoan hy ̉ qua ́ :))),39,11,vui vẻ
Enjoyment,có ai thừa biết nó sẽ nhảy vào điện thoại nhưng cuối cùng là vẫn giật mình không 🤣,82,19,vui vẻ
Anger,ranh con mà láo toét . xem đến đoạn này mà phát bực,51,13,giận dữ
Disgust,nó đang lợi dụng mày,20,5,khó chịu
Disgust,k bă ̀ người 1 con cho ́ anh =))))),35,10,khó chịu
Enjoyment,lũ kiến ở nhà mày thích vậy .,29,8,vui vẻ
Other,per tập gym xong để đi nhảy thế này à 😂😂😂,41,11,khác
Enjoyment,per năm sau nhớ lấy gối ra quỳ luôn ha 🤣🤣🤣,42,11,vui vẻ
Other,vn nó là vậy,12,4,khác
Enjoyment,đây là video hay và ý nghĩa 😊,29,8,vui vẻ
Anger,đcm hả hê cái lol gì chuyện này cơ chứ,38,10,giận dữ
Disgust,hài bựa nó vẫn hay hơn bọn cố tỏ ra chảnh trong khi như lol :)),63,16,khó chịu
Disgust,không có đạo đức nghề nghiệp rồi :))),37,8,khó chịu
Enjoyment,"ngày ngày đều nhìn qua cửa sổ chờ nó đi học ngang qua , nhìn sau lưng thôi cũng đủ vui rồi hhhhhhhhhhhhhhhhhhhhhhh",114,23,vui vẻ
Sadness,nhìn vừa tội vừa thương ????,28,6,buồn
Enjoyment,con bé xinh thế,15,4,vui vẻ
Other,cho tao hỏi tình hình bà mẹ thế nào rồi 😂🤣,42,11,khác
Enjoyment,chúc bạn có một ngày vui vẻ 😳,29,8,vui vẻ
Anger,mấy con lồn này lắm nữa 🙂,25,7,giận dữ
Enjoyment,xong là phê lắm mày,19,5,vui vẻ
Disgust,"nhiều người nói con này giả ngu câu thích , nhưng xem lại nhiều lần thấy nó ngu thiệt chứ không phải giả bộ",107,24,khó chịu
Fear,tâm sự không đúng người ngoài việc họ cười vào mặt bạn,54,12,sợ hãi
Disgust,đậu xe kiểu vô văn hoá .,24,7,khó chịu
Disgust,kể cả là câu chuyện không có thật thì nó vẫn là một lời nhắc . sân si cái đầu buồi à .,86,23,khó chịu
Enjoyment,boss có bộ đồ ngủ đĩ thõa ghê gớm 😅,35,10,vui vẻ
Disgust,tao ghét nhất mấy mẹ ngoài bắc cứ ỉ lớn tuổi hơn là có quyền chửi người khác là láo toét trong khi mình nói chuyện như l đcm gặp tao tao rút chìa khoá xe của mụ ném ra thật xa cho đi nhặt xem lúc đó gọi con bả kiểu gì . moá lắm lúc không muốn tạo nghiệp mà gặp mấy con mẹ già mất nết này điên thật chớ,301,73,khó chịu
Enjoyment,tự hào ngồi mâm dưới,20,5,vui vẻ
Enjoyment,ôi vãi mình lên fan cứng rồi cơ 🤗,33,9,vui vẻ
Enjoyment,dù ra sao vẫn giữ nụ cười và sự tự tin,38,11,vui vẻ
Anger,quảng cáo đéo gì tao thấy đáng sợ vãi .,39,10,giận dữ
Disgust,lêu lêu đồ con nuôi,19,5,khó chịu
Enjoyment,này gọi là theo kịp thời đại :)))),34,8,vui vẻ
Sadness,ụa cho fa đọc chi rựa huhu,26,7,buồn
Other,êu ơi mỏng manh thế ??,22,6,khác
Enjoyment,rất hợp lí,10,3,vui vẻ
Surprise,bộ phim hấp dẫn quá,19,5,ngạc nhiên
Surprise,dume s giống suy nghĩ tao thế nhỉ :))) hihi,43,10,ngạc nhiên
Sadness,còn tệ hơn năm ngoái,20,5,buồn
Enjoyment,nụ cười của crush kích thích vãi :)))))),40,8,vui vẻ
Enjoyment,cười vãi :)),12,3,vui vẻ
Enjoyment,ôi đáng yêu quá . đến bao giờ người đàn ông như thế nào mới xuất hiện trong cuộc đời tôi đây,92,22,vui vẻ
Other,đâu nhất thiết mỗi cầu đường hả bạn ?,37,9,khác
Anger,dẹp . đéo lưu luyến .,21,6,giận dữ
Surprise,"và bức tường , khung lan can , cây cối y nguyên sau ngần ấy năm ư ? 😜",69,19,ngạc nhiên
Anger,"địt mẹ , mình làm khách sạn , lúc vào check phòng kinh vãi lôz . ai họ có ý thức thì không nói , chứ đôi nào mà ...... thì thôi hôm đấy cô dọn phòng xác con mẹ nó định",167,42,giận dữ
Disgust,đỗ góc cua như này thì khuất tầm nhìn quá . chs bênh,52,13,khó chịu
Enjoyment,"hồi lúc tao ăn lạp xưởng mắc xương , nói mà cũng đéo ai tin . tao hiểu cảm giác của mày lắm ?",93,24,vui vẻ
Enjoyment,tao bướng nhưng mặt đéo đến nỗi như con bé kia 🤣,48,12,vui vẻ
Enjoyment,"quỷ cái chứ ma đâu mà ma , haha",31,9,vui vẻ
Enjoyment,là khi gặp nhau mọi suy nghĩ buồn bực trước đó nhường chỗ cho cậu :)),69,16,vui vẻ
Anger,"tao đã từng bị , gào thét không 1 ai quan tâm . 1 lũ hơn chục thằng con trai đến bây giờ nhìn mặt lại từng thằng tao vẫn căm . hôm đó tao xuýt chết đuối đmm lũ lol nghiệt súc ấy vẫn chưa bị quả báo",197,49,giận dữ
Other,"giận lại làm gì , cứ để cho anh yêu thời gian thoải mái . khi nào thấy ổn sẽ tự động xuất hiện còn không xuất hiện nữa thì tự hiểu = ))",135,34,khác
Enjoyment,"đến giờ , em vẫn đang đợi anh , người sẽ đúng và thời điểm sẽ đúng",66,17,vui vẻ
Sadness,bài mà từng nghe khi tổn thương lần đầu,39,9,buồn
Sadness,per huhu mất đi đồng nghiệp 😭,29,7,buồn
Enjoyment,độc nhất vô nhị . kkkk,22,6,vui vẻ
Disgust,ác vãi,6,2,khó chịu
Disgust,"nếu không có câu "" per cổ tích per , tao sẽ vả thằng add vỡ mồm ....",68,18,khó chịu
Other,ra đường không cầm theo đá phong thủy rồi,41,9,khác
Other,cũng muốn có những hành động đáng yêu nv,40,9,khác
Enjoyment,per nói bao nhiêu lần cũng không thấy đủ ... em yêu anh,55,13,vui vẻ
Disgust,không ai cho không ai cái gì . đừng nghĩ rằng cho đi sẽ nhận lại được điều tốt đẹp,82,20,khó chịu
Enjoyment,chuẩn rồi bác . :)))),21,5,vui vẻ
Disgust,bẩn quá,7,2,khó chịu
Enjoyment,rất vui mừng khi ông ấy rời việt nam an toàn tuyệt đối ....,59,14,vui vẻ
Disgust,"lại 1 đứa nghĩ trump chỉ làm trò , haizz",40,10,khó chịu
Enjoyment,tưởng tao sợ ư từ cái lần mày dọa rắn tao và tao rơi điện thoại cuối cùng vỡ màn hình là tao đéo sợ nữa nhớ,107,27,vui vẻ
Disgust,nhìn quả pin ngứa mắt vãi,25,6,khó chịu
Other,chắc đây là chuyện không có thật thôi . mình đọc qua cũng biết chắc chắn không thể là chữ trẻ con được,102,23,khác
Sadness,tao cũng đang là con ghẻ của tạo hoá,36,9,buồn
Anger,không cho giáo viên cái quyền gì thì lấy gì mà dạy nhất là thời buổi lố lăng như bây giờ ... nó quỳ lúc nhỏ khi nó sai còn sửa được đợi lớn lên thì bố mẹ quỳ nhìn nó vào nhà đá,176,44,giận dữ
Other,tuy truong hop thôi cha me tao ra ma không thuong doi su te thi lam sao con no thuong lai thôi xua khac gio khac cu so sanh voi thôi co dai chan,144,34,khác
Other,"mình từng chứng kiến trong lúc khám bệnh , con nói chuyện mẹ mà như bà nói chuyện với cháu .",92,21,khác
Enjoyment,cách anh ấy chạy thật là đàng ông quá đi mà 😂😂,46,12,vui vẻ
Enjoyment,nhìn quả mặt nó làm tao thoả mãn vãi,36,9,vui vẻ
Enjoyment,cười đau ruột 🤣🤣🤣,17,4,vui vẻ
Enjoyment,sắp có thực đơn món mới 😍,25,7,vui vẻ
Enjoyment,ráng ăn cho nhìu vô ỉa cục cức dài hơn móng tay ổng luôn kk,59,15,vui vẻ
Enjoyment,hihi : chúc mừng đại kỷ nguyên có lắm người yêu,47,11,vui vẻ
Other,mình nghĩ không nên công khai đâu dù gì họ đã biết sai giờ công khai ra chẳng khác nào khiến tâm lý của họ suy sụp hơn,118,28,khác
Disgust,ác nhất là thằng quay phim . bảo đảm nó biết trước mà cố tình không nói cho tài xế biết để bỏ cái tật ngu .,107,27,khó chịu
Enjoyment,"bỏ ghê người ta ngồi ngại đều phải mua nước thoii , ý tưởng hay :)))",68,16,vui vẻ
Enjoyment,đúng . t vẫn lun chờ đợi đứa đó dọn dô cuộc đời t sống .,56,16,vui vẻ
Fear,hồi xưa tao bị tiêu chảy kèm ho đã sợ vãi . giờ ho không thôi cũng sợ nhỉ . ??,78,21,sợ hãi
Disgust,"mặt mất dạy nhỉ , câng câng luôn",32,8,khó chịu
Disgust,phải rọ mõm chủ mới đúng,24,6,khó chịu
Enjoyment,"thích cái câu , có mỗi thằng con rể đểu mà cứ xoắn cả lên 😂😂😂",61,16,vui vẻ
Enjoyment,cái gì vui vậy mọi người :)),28,7,vui vẻ
Disgust,đơn giản vì nó đéo còn yêu mày nữa rồi ==,41,11,khó chịu
Enjoyment,nó tăng động y như tao dị đó :)),32,9,vui vẻ
Surprise,per 🤣🤣 còn có quán như này luôn ah,34,9,ngạc nhiên
Other,per đừng luyện ngôn tình nữa .. chờ cái này xem đi 😂,52,13,khác
Enjoyment,tôi làm trades . lương tôi không có .. chỉ có thu nhập thôi có tính là cao nhất việt nam không ??? tháng tôi kiếm từ 3000 - 5000,128,30,vui vẻ
Surprise,mới hôm qua cạo lông mà hôm nay lại dài thế cơ à,48,13,ngạc nhiên
Anger,mày không sai thì chẳng lẽ tao lại sai à ?,42,11,giận dữ
Sadness,chúng ta nói với nhau nhiều quá nên bao giờ không còn gì để nói với nhau 🙂,74,18,buồn
Disgust,tao thấy mấy thằng đi sh 10 thằng thì 9 thằng không mũ ngông nghênh . ngồi trên xe thì dume mặt cứ nhìn lên trời =)) đéo hiểu chúng nó sĩ oai cái lol gì luôn .,159,38,khó chịu
Sadness,"thương các con quá , lũ khốn nạn vì lợi trước mắt ma tội cho bọn trẻ , bọn này cho chết het",91,23,buồn
Enjoyment,tôi đã giữ lại mấy cái giấy note đã ghi chú khi nào kiểm tra =))))),67,16,vui vẻ
Enjoyment,nhớ thời ở ký túc xá quá đi per,31,9,vui vẻ
Disgust,có rất rất nhìu thanh niên ở đây bị đứt dây thần kinh hài hước,62,15,khó chịu
Fear,dcm . ngày bé tao sợ nhện vãi . xem phim thấy yêu tinh nhện,59,15,sợ hãi
Enjoyment,tao còn phải đợi 3 tháng nữa là đủ 1 gia đình nhỏ rồi,53,14,vui vẻ
Anger,per suốt ngày bắt người ta đi tập gym nè >.<,44,11,giận dữ
Surprise,con này là con lợn à,20,6,ngạc nhiên
Enjoyment,tỏ tình đại ai dè dính lun :))),31,8,vui vẻ
Enjoyment,nhớ nhé đồng nghiệp haha,24,5,vui vẻ
Fear,nguy hiểm,9,2,sợ hãi
Disgust,sao mọi người gắt gỏng thế nhỉ ? hai anh chị đấy làm cho vui thôi mà lắm người tỏ ra nghiêm túc thế không biết :<,113,27,khó chịu
Sadness,nghe bài này nhớ nyc vãi,24,6,buồn
Enjoyment,một người đàn ông bản lĩnh thực sự 👍,36,9,vui vẻ
Sadness,mặt tao như này ai mê cho nổiiiii,33,8,buồn
Disgust,ngựa ngựa ghi tay trái đồ :)),29,7,khó chịu
Enjoyment,có ai đéo hiểu gì như mình không mình trong sáng vãi heee,57,13,vui vẻ
Enjoyment,mình cũng một thời gắn bó với nó,32,8,vui vẻ
Enjoyment,còn tao là thoát khỏi 3 năm nói riền và 12 năm nói chung thảm họa của cđ hahaha 😆😆😆😆,84,20,vui vẻ
Other,cái gì nó cũng có hạn sử dụng cả 🙂,34,10,khác
Enjoyment,"mẹ kể hồi nhỏ nuôi con ngỗng thay chó canh nhà . ăn trộm mà vào thì chạy đằng trời với nó , cả bầy lao ra quạt với táp , khi gia đình vác gậy chạy ra thì thằng ăn trộm nó ôm cây trên tít cành cao , áo quần tóc tai lủng máu me tè le . gia đình phải cứu ăn trộm má mấy mẻ còn không tha , 2 3 con vẫn dí nhảy hàng rào dí theo ăn trộm . phải nói dí bao dai mà cục súc vê lờ .",371,97,vui vẻ
Disgust,đồ con ngỗng ngu ngốc 😂,23,6,khó chịu
Disgust,thấy xấu hổ thay cho thớt . không hiểu gì về ô tô hay không được trải nghiệm nhiều thì nên lom dom nghe ngóng,109,25,khó chịu
Anger,thứ mất dạy,11,3,giận dữ
Enjoyment,nhắn mà ấm lòng nhờ :))) ra gặp anh shipper đẹp trai nữa thì chủ thớt rụng hết buồng trứng :))),95,21,vui vẻ
Other,per chúc bạn may mắn,20,5,khác
Enjoyment,bây chửi kệ bây ! riêng tao thik phá trong trường hợp này 😂,59,14,vui vẻ
Disgust,à ừ đúng rồi tin người quá đến lúc nó đâm cho cũng không biết,61,15,khó chịu
Surprise,quãng cáo cũng được đăng à,26,6,ngạc nhiên
Other,mình hỏi rồi mà họ nữa muốn bán nữa không bạn để hôm sau lên hỏi lại lần nữa,76,19,khác
Sadness,"nhớ trung thu năm ngoái , đứng nhìn các cặp tình nhân ôm hôn , nắm tay nhau ... chạnh lòng lắm !😞",97,23,buồn
Disgust,cái này ma cái kết gì đâu thằng nhìn thì không bị thằng không nhìn thì bị vãi,77,18,khó chịu
Surprise,ae họ mà đéo biết mặt nhau à - _ -,34,11,ngạc nhiên
Other,có lẽ vậy,9,3,khác
Fear,bố mẹ tao đọc được tin này + xem cặp lá yêu thương nữa thì bữa trưa nay tao không dám ăn cơm mất .,98,25,sợ hãi
Disgust,thực trạng học tiếng anh từ 6 đến 12 mà không biet giao tiep,60,14,khó chịu
Other,per quán bán mì quảng cũng có mùi đó mày :)))),46,11,khác
Sadness,đau bụng vãi hix,16,4,buồn
Fear,"mới đầu mày sẽ thấy vui , từ từ nó quậy cho mày ????",52,14,sợ hãi
Sadness,ngày đi học . có lúc đang ăn cơm . bố hỏi . per năm nay học lớp mấy rồi con ☺ t không hiểu bố tao hỏi cái gì 😭,110,31,buồn
Disgust,thằng điên,10,2,khó chịu
Sadness,"1 câu mà người ta hay nói , đắng như vị đời 😌",45,13,buồn
Sadness,các bạn nữ đập đầu vào tường chết hết rồi,41,10,buồn
Disgust,óc chó còn cố tiếc kéo ôtô lại mới hài chứ . sao nó không ngồi trong xe cho chết mẹ nó đi,89,23,khó chịu
Enjoyment,per hàng hiếm nhà mình,22,5,vui vẻ
Other,sao mình không thấy mình vậy ta ??,34,8,khác
Disgust,ăn chọp chẹp cái dume chú à . ghét nhất kiểu ăn vô duyên mất lịch sự này . ăn cà chọp cà chẹp miệng đéo kín được ấy . nghe ứa tai vãi,133,34,khó chịu
Disgust,ngỗng chuyên gia mổ háng người ta . đứng không làm gì nó cũng sáp tới tấp . chạy muốn tuột quần .,97,23,khó chịu
Enjoyment,thấy cưng gì đâu,16,4,vui vẻ
Other,tao chỉ tag thế thôi mày hiểu thế nào thì hiểu per,50,12,khác
Enjoyment,"quần áo với xe thế kia là biết gia đình điều kiện tnao rồi 😂 anw , mong ông bà luôn khỏe mạnh , vui vẻ < 3",106,28,vui vẻ
Surprise,rất giỏi,8,2,ngạc nhiên
Anger,mấy con này phải có ngày mấy thằng xe lớn nó tông vào cho lát bét đi . đi ra đường chùm kín người đến nỗi không bật xi nhan xe mà cứ qua tao bị mấy lần vì mấy con này,166,42,giận dữ
Sadness,độc mà lần nào đi viện cũng bắt chụp 😭😭,39,10,buồn
Other,"con gái mình chỉ vì đến bữa không chịu xuống ăn cơm , cứ du rú trong phòng nên bị bố quát xuống ăn cơm thôi , thế mà nó còn lầm lì vì bị mắng oan đấy",149,38,khác
Anger,tao mợt bây quá 😂😂😂,19,5,giận dữ
Enjoyment,"giọng nói , ngữ khí đi vào lòng người vãi . mắt chị gái đẹp thế 😻",65,17,vui vẻ
Enjoyment,1 lần thôi cũng đủ xao xuyến anh rồi,36,9,vui vẻ
Fear,"ôiii vãi , dume nhìn thôi tao đã sợ rồi . từ nhện nhỏ đến nhện to không con nào là tao không sợ :((",99,25,sợ hãi
Surprise,giống găng tay của thanos vậy,29,6,ngạc nhiên
Disgust,78 thằng đéo có ý thức,22,6,khó chịu
Sadness,đã từng nên tao hiểu cảm giác ấy . vừa tiếc ly trà sữa vừa phải lết xác đi giặt cái balo,88,22,buồn
Sadness,"phim hay , nhưng mà lần đầu xem là cùng nyc nên .. 😐",52,14,buồn
Sadness,"nhiều kỷ niệm đẹp , giờ nhìn mấy đứa nhóc đi học mà muốn quay về quá khứ .",74,19,buồn
Sadness,đang buồn cần 1 người nhắn tin tâm sự hằng đêm,46,11,buồn
Enjoyment,cười vào mặt mấy đứa không có người yêu :))),44,10,vui vẻ
Disgust,"k dịch nốt đi , dịch nửa vời thế , dume",39,11,khó chịu
Enjoyment,ối dồi ôi ! như con lợn hồng vậy ! haha,39,11,vui vẻ
Enjoyment,cháu tao thì có vẻ như có phần chững chạc hơn =))),50,12,vui vẻ
Fear,"hôm trước tao đi chơi về đường vắng nên chạy nhanh , vừa qua cua anh cảnh sát chạy ra chặn làm tao sợ chetme vì giấy tờ không có bằng lái thì chưa thi lại còn thiếu abcxyz",171,39,sợ hãi
Surprise,vẻ đẹp phi giới tính luôn,25,6,ngạc nhiên
Anger,dm đạp xe đã mệt lòi cứt ra xong còn hỏi hỏi cái beep,53,14,giận dữ
Other,tình yêu thật nghiêm túc . thì nên bắt đầu . không phí thanh xuân một người con gái lắm !!,90,21,khác
Sadness,tiền nhiều để làm gì khi tình không còn,39,9,buồn
Fear,t chỉ sợ cảnh đấu kiếm :((,26,7,sợ hãi
Enjoyment,:v buồn cười ghê .,18,5,vui vẻ
Enjoyment,phim ấn độ duy nhất tao xem mà không cảm thấy vật lý logic quá khó hiểu dù thật ra trong phim này nhiều kiến thức hại não thật ; )),131,31,vui vẻ
Other,tao cũng sắp bị đuổi ra khỏi nhà roi,36,9,khác
Enjoyment,per mùa này mà làm cú mền này giữa trưa 40 độ hết sảy =]],57,15,vui vẻ
Enjoyment,"lúc nhỏ nấu bằng này không , nấu hơi bị ngon , tạo cơm cháy ăn bao riềng",72,18,vui vẻ
Sadness,ngồi suy nghĩ 1 hồi xem trái hay phải rồi mới nói được . khổ vãi mà !,69,18,buồn
Enjoyment,đã check rồi lại còn đoán :)) em vui tính giống anh đấy :)),59,14,vui vẻ
Anger,t cho mẹ tao xem và đã bị ăn vả . đéo hiểu vì sao,49,15,giận dữ
Disgust,chả có gì vui 😏😏😏,17,5,khó chịu
Sadness,thương chỉ sợ em không cho anh cơ hội thôi,42,10,buồn
Other,dume . cuộc đời mày ơi . không làm gì được thì cười cho nó qua đi mày,69,18,khác
Sadness,lâu lắm rồi chưa ăn được miếng cơm cháy .,41,10,buồn
Disgust,"đã xấu còn ngáo , lại còn tham ăn nữa ??????",44,11,khó chịu
Anger,nói tới thì lại dỗi bỏ được mấy đồng ra rồi bày ra như chuồng lợn í thức đéo khác gì con lợn .,94,24,giận dữ
Other,"tao bắt con tao quỳ ở góc nhà suốt , nó mà biết nhục , biết tự trọng nó sẽ không để phải bị quỳ",95,25,khác
Disgust,tởm nhìn đã kinh,16,4,khó chịu
Enjoyment,per nhớ cái này không haha,26,6,vui vẻ
Enjoyment,per b trà ơi . năm nay là pải mạnh dạn và bất chấp nhé 🤣🤣🤣,58,16,vui vẻ
Other,thế cây này có được gọi là cây tình yêu không ??,48,12,khác
Enjoyment,per câu chuyện ngắn gọn trọn tình 😂😂,36,8,vui vẻ
Enjoyment,"per nghe rv thấy cũng hay nè , liên quan đến bùa ngải các kiểu có vẻ hấp dẫn :v",79,20,vui vẻ
Enjoyment,nghe thôi đã thấy chảy hết nước miếng rồi =))),46,10,vui vẻ
Fear,per =)))) đáng sợ vãi,21,5,sợ hãi
Enjoyment,"đang học sử buồn ngủ , xem cái này tỉnh rụi liền =))",52,13,vui vẻ
Enjoyment,"cái ông này mới xem thì thấy bình thường , mà càng xem lại càng đẹp trai 😂",74,18,vui vẻ
Disgust,các cô không chịu mở lòng thì sao chúng tôi lấy được ????? hả các cô gái,72,17,khó chịu
Enjoyment,đồng đội tốt ... nhưnh rất tiết chúng ta không có duyên 😀 kaka,62,14,vui vẻ
Disgust,per dume vỉa hè quá rộng . con này không đi oto bao giờ là chắc ?,65,17,khó chịu
Enjoyment,nhìn đáng yêu vãi :))),22,5,vui vẻ
Disgust,cái dân mê tín ngu si làm giàu cho tiệm vàng,44,11,khó chịu
Enjoyment,"con gái không thích con trai đầu hói , vì cưới về dễ nhầm đầu :d",64,16,vui vẻ
Anger,"dm tao thấy người ta không sợ vì rắn mà sợ vì thằng chả la làm hết hồn , toàn núp lén rồi la lên thằng đéo nào mà không sợ chứ",126,32,giận dữ
Enjoyment,ấm áp ghê =)),13,4,vui vẻ
Other,lấy vợ xong đã đầu tư được cái váy với cái vương miện rồi,57,14,khác
Enjoyment,mẹ tao cũng thix em này 😅,25,7,vui vẻ
Other,per nó chỉ muốn biết bạn có nhu cầu làm áo lớp hay không thôi,61,15,khác
Other,đó là cuộc sống của mỗi người .. mình phải tôn trọng nhau thôi,62,14,khác
Enjoyment,"chưa muốn lấy , cơ hội vẫn chia đều cho tất cả các anh : ))",59,16,vui vẻ
Other,không biết người của họ hay sao mà bắt heo 2 ngày trúng 2 cái ipx,65,16,khác
Sadness,ae phục vụ ngày xưa của mình đâu rồi . sao thấy thương bạn này,62,15,buồn
Sadness,đôi khi có tiền cũng không đi được đâu vì đéo có ai đi cùng,59,15,buồn
Other,con nai vàng ngơ ngác 😔,23,6,khác
Anger,thế mà lại có người bảo đầu tao như đầu bùi :(( dume đánh chết cha giờ :)),74,18,giận dữ
Other,kiểu gì mai cũng lại có vụ rất gì và này nọ cho xem,51,14,khác
Disgust,"cà phê king là của chị thảo hả uống dở hơn nước đái mèo nữa , thấy gơm",70,18,khó chịu
Sadness,bó tay luôn á,13,4,buồn
Surprise,sao giá ảo quá vậy :)))),24,6,ngạc nhiên
Other,con trai gục đổ . con gái dụng trứng . lậy cô .... à nhầm lậy anh,65,17,khác
Enjoyment,dạ vâng đây là cái xồ đấy ạ kakaka,34,9,vui vẻ
Other,sau này đừng quên nhau nha,26,6,khác
Sadness,"sau 15 năm cắp sách đi học và 2 , 5 năm không động đến sách thì bây giờ đang tự hỏi đây là gì sao mà giải được . huhu",117,31,buồn
Disgust,dân trí thấp thế thì bao giờ mới phát triển đất nước được,57,13,khó chịu
Disgust,cấp 1 đi học cũng gặp bọn quái đản này,38,10,khó chịu
Anger,moẹ s tuổi thơ của tôi toàn găp phải thằng mất dạy . toàn đánh với bắt nạt các b nữ . đm thằng per với thằng per lơn . tau vẫn nhớ,130,33,giận dữ
Enjoyment,dưới cái nóng 40 độ ngày hôm này xem video này xong thất mát lòng vãi_chưởng :)),80,17,vui vẻ
Enjoyment,per nói ít thôi hành động nhiều hơn . time sẽ là câu trả lời . mong là 2 đứa cùng nhau già đi như này .,103,27,vui vẻ
Other,loại này đốt có chết không nhỉ,30,7,khác
Enjoyment,ngoài mấy cảnh nhảy múa hát hò vớ vẩn ra thì phim hay,53,13,vui vẻ
Enjoyment,hay lắm cậu bé,14,4,vui vẻ
Fear,per đi bộ ở trường về thì dcm nổi ám ảnh đúng giờ tao về là dcm nó ra nó dí ngày nào cũng dí chạy cái luôn,106,28,sợ hãi
Sadness,hôm qua tao xem xong ngất xỉu tới giờ mới tĩnh chúng mày ạ 😌😌😌,62,15,buồn
Sadness,sau cùng cả 2 đều bị ảnh hưởng trầm trọng :((,45,11,buồn
Disgust,cái thứ gì đâu không 😈,22,6,khó chịu
Enjoyment,đáng yêu =)),12,3,vui vẻ
Fear,ánh mắt thằng con muốn nói : cứu cháu hình như ba sắp ném con ùi,64,16,sợ hãi
Enjoyment,per cố đợi đi nha để em mua bảo hiểm cho anh 🙂,46,13,vui vẻ
Enjoyment,nhớ không em lời hứa ngày xưa mình bên nhau dưới ánh trăng đã nguyện thề :)),76,17,vui vẻ
Enjoyment,gặp mấy anh việt nam đi nhanh gấp em thề với chị là nhanh gọn đảm bảo chỉ suong,79,19,vui vẻ
Other,galang thế không bjt . trẻ con còn như thế người lớn chắc không tôgn tại đâu . ước gì cũg được như vậy,102,24,khác
Other,cái này thì hôm nào nói chuyện tao nói cho nghe ??,50,12,khác
Anger,sao không cho con già đấy mấy cái vào mõm cho vỡ cái nó mõm chó luôn,68,17,giận dữ
Disgust,trời ơi càng ngày ổ càng giống con đuông dừa 😑😑😑,48,11,khó chịu
Sadness,và tôi đã mất đi 1 người như thế .,34,10,buồn
Enjoyment,đồng nghiệp của tôi thật tuyệt vời,34,7,vui vẻ
Enjoyment,nhìn đôi bàn tay đã biết phải lao động rồi . chị có lấy trai việt không :)),75,18,vui vẻ
Other,per nét chữ giống hệt chữ của tao luôn mày,42,10,khác
Other,per chắc là mày đi hốt này,26,7,khác
Disgust,cho nên đư ̀ người bao giờ cô ́ tỏ ra la ̀ ca ́ i gì ̀ mi ̀ nh cu ̃ người biê ́ tao nhé,87,28,khó chịu
Enjoyment,cứ thấy trai đẹp là tao hạnh phúc :),36,9,vui vẻ
Other,cảm giác lúc ấy sẽ ra sao,25,7,khác
Enjoyment,"tao là trùm nấu cơm kiểu này rồi ,, còn bây giờ mất điện thi nấu bằng bếp ga :))",80,20,vui vẻ
Disgust,đường của nhà cụ hay sao mà cụ cấm người ta đỗ . sai đâu đã có pháp luật cụ ích kỷ quá đấy .,92,25,khó chịu
Other,nhìn mặt héo queo luôn,22,5,khác
Other,tao đi xe máy mỗi lần muốn để xe đi đâu là phi mẹ nó vào quán net gửi đấy rồi đi ra đéo mất phí,95,26,khác
Enjoyment,thích thân hình boss rồi nhan 😌,31,7,vui vẻ
Sadness,ước mơ nhỏ nhoi của tao là được làm chị mà không thể nào làm được huhu,70,17,buồn
